2026-02-25 19:44:35,268 75393 WARNING ? odoo.tools.config: option addons_path, invalid addons directory '/Users/bonan/Documents/Project/Digibay/ALL PROJECT/WISI/F2501 -  WISE/wisi-wise-web-odoo/custom_addons', skipped 
2026-02-25 19:44:35,268 75393 WARNING ? odoo.tools.config: missing --http-interface/http_interface, using 0.0.0.0 by default, will change to 127.0.0.1 in 20.0 
2026-02-25 19:44:35,269 75393 INFO ? odoo: Odoo version 19.0 
2026-02-25 19:44:35,269 75393 INFO ? odoo: Using configuration file at /Users/bonan/Documents/Project/Digibay/ALL PROJECT/WISI/F2501 -  WISE/wisi-wise-web-odoo/odoo.conf 
2026-02-25 19:44:35,270 75393 INFO ? odoo: addons paths: _NamespacePath(['/Users/bonan/Documents/Project/Digibay/ALL PROJECT/WISI/F2501 -  WISE/wisi-wise-web-odoo/odoo/addons', '/Users/bonan/Library/Application Support/Odoo/addons/19.0', '/Users/bonan/Documents/Project/Digibay/ALL PROJECT/WISI/F2501 -  WISE/wisi-wise-web-odoo/addons']) 
2026-02-25 19:44:35,270 75393 INFO ? odoo: database: odoo@localhost:5434 
2026-02-25 19:44:43,944 75393 WARNING ? odoo.service.server: 'watchdog' module not installed. Code autoreload feature is disabled 
2026-02-25 19:44:44,157 75393 INFO ? odoo.service.server: HTTP service (werkzeug) running on 1.0.0.0.0.0.0.0.0.0.0.0.0.0.0.0.0.0.0.0.0.0.0.0.0.0.0.0.0.0.0.0.ip6.arpa:8069 
2026-02-25 19:44:47,915 75393 INFO ? odoo.modules.loading: loading 1 modules... 
2026-02-25 19:44:47,921 75393 INFO ? odoo.modules.loading: 1 modules loaded in 0.01s, 0 queries (+0 extra) 
2026-02-25 19:44:47,975 75393 WARNING ? odoo.modules.module_graph: module wsi_hr: not installable, skipped 
2026-02-25 19:44:48,008 75393 INFO ? odoo.modules.loading: loading 43 modules... 
2026-02-25 19:44:53,338 75393 INFO ? odoo.modules.loading: 43 modules loaded in 5.33s, 0 queries (+0 extra) 
2026-02-25 19:44:53,517 75393 ERROR ? odoo.modules.loading: Some modules are not loaded, some dependencies or manifest may be missing: ['wsi_hr'] 
2026-02-25 19:44:53,518 75393 INFO ? odoo.modules.loading: Modules loaded. 
2026-02-25 19:44:53,626 75393 INFO ? odoo.registry: Registry loaded in 5.894s 
2026-02-25 19:44:53,629 75393 INFO wsi_2026 odoo.addons.base.models.ir_http: Generating routing map for key None 
2026-02-25 19:44:53,680 75393 INFO wsi_2026 odoo.addons.base.models.res_device: User 2 inserts device log (foBQeABMw3lPQchmJnGWH9Tgq618nLiFKiU-g2Ise7) 
2026-02-25 19:44:54,404 75393 INFO wsi_2026 werkzeug: 127.0.0.1 - - [25/Feb/2026 19:44:54] "GET /odoo/action-20/398?debug=1 HTTP/1.1" 200 - 113 0.491 6.185
2026-02-25 19:44:54,526 75393 INFO wsi_2026 werkzeug: 127.0.0.1 - - [25/Feb/2026 19:44:54] "GET /web/manifest.webmanifest HTTP/1.1" 200 - 8 0.020 0.057
2026-02-25 19:44:54,531 75393 INFO wsi_2026 werkzeug: 127.0.0.1 - - [25/Feb/2026 19:44:54] "GET /web/webclient/load_menus HTTP/1.1" 200 - 18 0.039 0.045
2026-02-25 19:44:58,606 75393 INFO wsi_2026 odoo.addons.base.models.assetsbundle: Generating a new asset bundle attachment /web/assets/533e12d/web.assets_web.min.css (id:99) 
2026-02-25 19:44:58,611 75393 INFO wsi_2026 odoo.addons.base.models.assetsbundle: Deleting attachments [60] (matching /web/assets/_______/web.assets_web.min.css) because it was replaced with /web/assets/533e12d/web.assets_web.min.css 
2026-02-25 19:44:58,694 75393 INFO wsi_2026 werkzeug: 127.0.0.1 - - [25/Feb/2026 19:44:58] "GET /web/assets/533e12d/web.assets_web.min.css HTTP/1.1" 200 - 17 0.158 4.090
2026-02-25 19:45:01,828 75393 INFO wsi_2026 odoo.addons.base.models.assetsbundle: Generating a new asset bundle attachment /web/assets/a354b77/web.assets_web_print.min.css (id:100) 
2026-02-25 19:45:01,837 75393 INFO wsi_2026 odoo.addons.base.models.assetsbundle: Deleting attachments [61] (matching /web/assets/_______/web.assets_web_print.min.css) because it was replaced with /web/assets/a354b77/web.assets_web_print.min.css 
2026-02-25 19:45:01,854 75393 INFO wsi_2026 werkzeug: 127.0.0.1 - - [25/Feb/2026 19:45:01] "GET /web/assets/a354b77/web.assets_web_print.min.css HTTP/1.1" 200 - 10 0.092 3.047
2026-02-25 19:45:06,061 75393 INFO wsi_2026 odoo.addons.base.models.assetsbundle: Generating a new asset bundle attachment /web/assets/57b3f88/web.assets_web.min.js (id:101) 
2026-02-25 19:45:06,063 75393 INFO wsi_2026 odoo.addons.base.models.assetsbundle: Deleting attachments [62] (matching /web/assets/_______/web.assets_web.min.js) because it was replaced with /web/assets/57b3f88/web.assets_web.min.js 
2026-02-25 19:45:06,091 75393 INFO wsi_2026 werkzeug: 127.0.0.1 - - [25/Feb/2026 19:45:06] "GET /web/assets/57b3f88/web.assets_web.min.js HTTP/1.1" 200 - 13 0.017 11.634
2026-02-25 19:45:06,457 75393 INFO wsi_2026 werkzeug: 127.0.0.1 - - [25/Feb/2026 19:45:06] "GET /web/bundle/web_tour.interactive?lang=en_US&debug=1 HTTP/1.1" 200 - 3 0.015 0.019
2026-02-25 19:45:06,503 75393 INFO wsi_2026 werkzeug: 127.0.0.1 - - [25/Feb/2026 19:45:06] "GET /web/webclient/translations?hash=525937f36f5107cdf138bde468a932e47d0613be&lang=en_US HTTP/1.1" 200 - 2 0.011 0.076
2026-02-25 19:45:06,503 75393 INFO wsi_2026 odoo.addons.base.models.assetsbundle: Generating a new asset bundle attachment /web/assets/bd5739c/bus.websocket_worker_assets.min.js (id:102) 
2026-02-25 19:45:06,506 75393 INFO wsi_2026 odoo.addons.base.models.assetsbundle: Deleting attachments [17] (matching /web/assets/_______/bus.websocket_worker_assets.min.js) because it was replaced with /web/assets/bd5739c/bus.websocket_worker_assets.min.js 
2026-02-25 19:45:06,538 75393 INFO wsi_2026 werkzeug: 127.0.0.1 - - [25/Feb/2026 19:45:06] "GET /bus/websocket_worker_bundle?v=19.0-2 HTTP/1.1" 304 - 10 0.047 0.067
2026-02-25 19:45:06,852 75393 INFO wsi_2026 werkzeug: 127.0.0.1 - - [25/Feb/2026 19:45:06] "POST /web/dataset/call_kw/ir.http/lazy_session_info#ir.http.lazy_session_info HTTP/1.1" 200 - 6 0.104 0.158
2026-02-25 19:45:06,888 75393 INFO wsi_2026 werkzeug: 127.0.0.1 - - [25/Feb/2026 19:45:06] "GET /web/image?model=res.users&field=avatar_128&id=2 HTTP/1.1" 304 - 15 0.097 0.175
2026-02-25 19:45:06,949 75393 INFO wsi_2026 werkzeug: 127.0.0.1 - - [25/Feb/2026 19:45:06] "POST /mail/data HTTP/1.1" 200 - 27 0.156 0.142
2026-02-25 19:45:07,095 75393 INFO wsi_2026 werkzeug: 127.0.0.1 - - [25/Feb/2026 19:45:07] "POST /web/dataset/call_kw/ir.model/web_read#ir.model.web_read HTTP/1.1" 200 - 30 0.177 0.215
2026-02-25 19:45:07,174 75393 INFO wsi_2026 werkzeug: 127.0.0.1 - - [25/Feb/2026 19:45:07] "GET /websocket?version=19.0-2 HTTP/1.1" 101 - 1 0.006 0.019
2026-02-25 19:45:07,211 75393 INFO wsi_2026 werkzeug: 127.0.0.1 - - [25/Feb/2026 19:45:07] "POST /web/dataset/call_kw/ir.model/get_views#ir.model.get_views HTTP/1.1" 200 - 55 0.337 0.248
2026-02-25 19:45:07,225 75393 INFO wsi_2026 odoo.addons.base.models.assetsbundle: Generating a new asset bundle attachment /web/assets/e0e5dfb/web_tour.interactive.min.js (id:103) 
2026-02-25 19:45:07,226 75393 INFO wsi_2026 odoo.addons.base.models.assetsbundle: Deleting attachments [63] (matching /web/assets/_______/web_tour.interactive.min.js) because it was replaced with /web/assets/e0e5dfb/web_tour.interactive.min.js 
2026-02-25 19:45:07,233 75393 INFO wsi_2026 werkzeug: 127.0.0.1 - - [25/Feb/2026 19:45:07] "GET /web/assets/e0e5dfb/web_tour.interactive.min.js HTTP/1.1" 200 - 10 0.025 0.522
2026-02-25 19:45:07,503 75393 INFO ? odoo.addons.bus.models.bus: Bus.loop listen imbus on db postgres 
2026-02-25 19:45:08,890 75393 INFO wsi_2026 werkzeug: 127.0.0.1 - - [25/Feb/2026 19:45:08] "GET /web/service-worker.js HTTP/1.1" 200 - 1 0.002 0.007
2026-02-25 19:45:43,124 75393 INFO wsi_2026 werkzeug: 127.0.0.1 - - [25/Feb/2026 19:45:43] "POST /web/action/load HTTP/1.1" 200 - 9 0.028 0.016
2026-02-25 19:45:43,199 75393 INFO wsi_2026 werkzeug: 127.0.0.1 - - [25/Feb/2026 19:45:43] "POST /web/dataset/call_kw/res.config.settings/get_views#res.config.settings.get_views HTTP/1.1" 200 - 15 0.045 0.060
2026-02-25 19:45:43,237 75393 INFO wsi_2026 werkzeug: 127.0.0.1 - - [25/Feb/2026 19:45:43] "POST /web/dataset/call_kw/res.config.settings/onchange#res.config.settings.onchange HTTP/1.1" 200 - 69 0.106 0.032
2026-02-25 19:45:43,316 75393 INFO wsi_2026 werkzeug: 127.0.0.1 - - [25/Feb/2026 19:45:43] "POST /base_setup/demo_active HTTP/1.1" 200 - 2 0.005 0.014
2026-02-25 19:45:43,344 75393 INFO wsi_2026 werkzeug: 127.0.0.1 - - [25/Feb/2026 19:45:43] "POST /base_setup/data HTTP/1.1" 200 - 6 0.018 0.010
2026-02-25 19:45:44,376 75393 INFO wsi_2026 odoo.addons.base.models.ir_cron: Job 'Notification: Notify scheduled messages' (8) starting 
2026-02-25 19:45:44,403 75393 INFO wsi_2026 odoo.addons.base.models.ir_cron: Job 'Notification: Notify scheduled messages' (8) fully done (#loop 1; done 0; remaining 0; duration 0.03s) 
2026-02-25 19:45:44,417 75393 INFO wsi_2026 odoo.addons.base.models.ir_cron: Job 'Digest Emails' (14) starting 
2026-02-25 19:45:44,673 75393 INFO wsi_2026 odoo.addons.base.models.ir_cron: Job 'Digest Emails' (14) fully done (#loop 1; done 0; remaining 0; duration 0.26s) 
2026-02-25 19:45:44,679 75393 INFO wsi_2026 odoo.addons.base.models.ir_cron: Job 'Attendance: Automatically check-out employees' (18) starting 
2026-02-25 19:45:44,702 75393 INFO wsi_2026 odoo.addons.base.models.ir_cron: Job 'Attendance: Automatically check-out employees' (18) fully done (#loop 1; done 0; remaining 0; duration 0.02s) 
2026-02-25 19:45:44,709 75393 INFO wsi_2026 odoo.addons.base.models.ir_cron: Job 'Attendance: Detect Absences for employees' (19) starting 
2026-02-25 19:45:44,736 75393 INFO wsi_2026 odoo.addons.base.models.ir_cron: Job 'Attendance: Detect Absences for employees' (19) fully done (#loop 1; done 0; remaining 0; duration 0.03s) 
2026-02-25 19:45:44,769 75393 INFO wsi_2026 odoo.addons.base.models.ir_cron: Job 'Mail: Email Queue Manager' (3) starting 
2026-02-25 19:45:44,826 75393 INFO wsi_2026 odoo.addons.base.models.ir_cron: Job 'Mail: Email Queue Manager' (3) fully done (#loop 1; done 0; remaining 0; duration 0.06s) 
2026-02-25 19:45:49,538 75393 INFO wsi_2026 werkzeug: 127.0.0.1 - - [25/Feb/2026 19:45:49] "POST /web/action/load HTTP/1.1" 200 - 10 0.014 0.012
2026-02-25 19:45:49,635 75393 INFO wsi_2026 werkzeug: 127.0.0.1 - - [25/Feb/2026 19:45:49] "POST /web/dataset/call_kw/ir.module.module/get_views#ir.module.module.get_views HTTP/1.1" 200 - 37 0.030 0.040
2026-02-25 19:45:49,652 75393 INFO wsi_2026 werkzeug: 127.0.0.1 - - [25/Feb/2026 19:45:49] "POST /web/dataset/call_kw/ir.module.module/search_panel_select_range#ir.module.module.search_panel_select_range HTTP/1.1" 200 - 1 0.003 0.006
2026-02-25 19:45:49,679 75393 INFO wsi_2026 werkzeug: 127.0.0.1 - - [25/Feb/2026 19:45:49] "POST /web/dataset/call_kw/ir.module.module/check_module_update#ir.module.module.check_module_update HTTP/1.1" 200 - 2 0.004 0.007
2026-02-25 19:45:49,708 75393 INFO wsi_2026 werkzeug: 127.0.0.1 - - [25/Feb/2026 19:45:49] "POST /web/dataset/call_kw/ir.module.module/search_panel_select_range#ir.module.module.search_panel_select_range HTTP/1.1" 200 - 43 0.043 0.021
2026-02-25 19:45:49,809 75393 INFO wsi_2026 werkzeug: 127.0.0.1 - - [25/Feb/2026 19:45:49] "POST /web/dataset/call_kw/ir.module.module/web_search_read#ir.module.module.web_search_read HTTP/1.1" 200 - 3 0.008 0.151
2026-02-25 19:45:49,862 75393 INFO wsi_2026 werkzeug: 127.0.0.1 - - [25/Feb/2026 19:45:49] "POST /web/dataset/call_kw/ir.module.module/check_module_update#ir.module.module.check_module_update HTTP/1.1" 200 - 2 0.003 0.005
2026-02-25 19:45:54,198 75393 INFO wsi_2026 werkzeug: 127.0.0.1 - - [25/Feb/2026 19:45:54] "POST /web/dataset/call_kw/ir.module.module/web_search_read#ir.module.module.web_search_read HTTP/1.1" 200 - 5 0.009 0.015
2026-02-25 19:45:54,231 75393 INFO wsi_2026 werkzeug: 127.0.0.1 - - [25/Feb/2026 19:45:54] "POST /web/dataset/call_kw/ir.module.module/check_module_update#ir.module.module.check_module_update HTTP/1.1" 200 - 2 0.005 0.009
2026-02-25 19:45:54,254 75393 INFO wsi_2026 werkzeug: 127.0.0.1 - - [25/Feb/2026 19:45:54] "POST /web/dataset/call_kw/ir.module.module/search_panel_select_range#ir.module.module.search_panel_select_range HTTP/1.1" 200 - 41 0.047 0.034
2026-02-25 19:45:58,709 75393 INFO wsi_2026 odoo.addons.base.models.ir_module: ALLOW access to module.button_uninstall_wizard on ['Employees'] to user info@wsi.co.id #2 via 127.0.0.1 
2026-02-25 19:45:58,710 75393 INFO wsi_2026 werkzeug: 127.0.0.1 - - [25/Feb/2026 19:45:58] "POST /web/dataset/call_button/ir.module.module/button_uninstall_wizard#ir.module.module.button_uninstall_wizard HTTP/1.1" 200 - 3 0.004 0.006
2026-02-25 19:45:58,757 75393 INFO wsi_2026 werkzeug: 127.0.0.1 - - [25/Feb/2026 19:45:58] "POST /web/dataset/call_kw/base.module.uninstall/get_views#base.module.uninstall.get_views HTTP/1.1" 200 - 9 0.013 0.017
2026-02-25 19:45:58,843 75393 INFO wsi_2026 werkzeug: 127.0.0.1 - - [25/Feb/2026 19:45:58] "POST /web/dataset/call_kw/base.module.uninstall/onchange#base.module.uninstall.onchange HTTP/1.1" 200 - 21 0.049 0.028
2026-02-25 19:46:00,937 75393 INFO wsi_2026 werkzeug: 127.0.0.1 - - [25/Feb/2026 19:46:00] "POST /web/dataset/call_kw/ir.module.module/web_search_read#ir.module.module.web_search_read HTTP/1.1" 200 - 5 0.006 0.010
2026-02-25 19:46:04,393 75393 INFO wsi_2026 odoo.addons.base.models.ir_module: ALLOW access to module.button_uninstall_wizard on ['Employees'] to user info@wsi.co.id #2 via 127.0.0.1 
2026-02-25 19:46:04,395 75393 INFO wsi_2026 werkzeug: 127.0.0.1 - - [25/Feb/2026 19:46:04] "POST /web/dataset/call_button/ir.module.module/button_uninstall_wizard#ir.module.module.button_uninstall_wizard HTTP/1.1" 200 - 3 0.003 0.006
2026-02-25 19:46:04,434 75393 INFO wsi_2026 werkzeug: 127.0.0.1 - - [25/Feb/2026 19:46:04] "POST /web/dataset/call_kw/base.module.uninstall/onchange#base.module.uninstall.onchange HTTP/1.1" 200 - 20 0.017 0.012
2026-02-25 19:46:06,061 75393 INFO wsi_2026 werkzeug: 127.0.0.1 - - [25/Feb/2026 19:46:06] "POST /web/dataset/call_kw/base.module.uninstall/web_save#base.module.uninstall.web_save HTTP/1.1" 200 - 19 0.026 0.014
2026-02-25 19:46:06,083 75393 INFO wsi_2026 odoo.addons.base.models.ir_module: ALLOW access to module.button_immediate_uninstall on ['Employees'] to user info@wsi.co.id #2 via 127.0.0.1 
2026-02-25 19:46:06,083 75393 INFO wsi_2026 odoo.addons.base.models.ir_module: User #2 triggered module uninstallation 
2026-02-25 19:46:06,087 75393 INFO wsi_2026 odoo.addons.base.models.ir_module: ALLOW access to module.button_uninstall on ['Employees'] to user info@wsi.co.id #2 via 127.0.0.1 
2026-02-25 19:46:06,193 75393 INFO wsi_2026 odoo.modules.loading: loading 1 modules... 
2026-02-25 19:46:06,204 75393 INFO wsi_2026 odoo.modules.loading: 1 modules loaded in 0.01s, 0 queries (+0 extra) 
2026-02-25 19:46:06,243 75393 INFO wsi_2026 odoo.modules.loading: updating modules list 
2026-02-25 19:46:06,245 75393 INFO wsi_2026 odoo.addons.base.models.ir_module: ALLOW access to module.update_list on [] to user __system__ #1 via 127.0.0.1 
2026-02-25 19:46:08,283 75393 WARNING wsi_2026 odoo.modules.module_graph: module wsi_hr: not installable, skipped 
2026-02-25 19:46:08,285 75393 INFO wsi_2026 odoo.modules.loading: loading 43 modules... 
2026-02-25 19:46:08,315 75393 INFO wsi_2026 odoo.modules.loading: 43 modules loaded in 0.03s, 0 queries (+0 extra) 
2026-02-25 19:46:08,585 75393 INFO wsi_2026 odoo.addons.base.models.ir_module: ALLOW access to module.module_uninstall on ['Employees', 'HR Org Chart', 'Skills Management', 'WSI HR', 'Remote Work', 'OdooBot - HR', 'Attendances'] to user __system__ #1 via 127.0.0.1 
2026-02-25 19:46:08,662 75393 INFO wsi_2026 odoo.addons.base.models.ir_model: Deleting resource.calendar(2,) 
2026-02-25 19:46:08,690 75393 INFO wsi_2026 odoo.models.unlink: User #1 deleted ir.model.data records with IDs: [26394] 
2026-02-25 19:46:08,691 75393 INFO wsi_2026 odoo.models.unlink: User #1 deleted resource.calendar records with IDs: [2] 
2026-02-25 19:46:08,699 75393 INFO wsi_2026 odoo.addons.base.models.ir_model: Deleting hr.resume.line(7, 6, 5, 4, 3, 2, 1) 
2026-02-25 19:46:08,710 75393 INFO wsi_2026 odoo.models.unlink: User #1 deleted ir.model.data records with IDs: [26387, 26390, 26391, 26392, 26393, 26388, 26389] 
2026-02-25 19:46:08,711 75393 INFO wsi_2026 odoo.models.unlink: User #1 deleted hr.resume.line records with IDs: [7, 6, 5, 4, 3, 2, 1] 
2026-02-25 19:46:08,718 75393 INFO wsi_2026 odoo.addons.base.models.ir_model: Deleting hr.employee.skill(14, 13, 12, 11, 10, 9, 8, 7, 6, 5, 4, 3, 2, 1) 
2026-02-25 19:46:08,744 75393 INFO wsi_2026 odoo.models.unlink: User #1 deleted ir.model.data records with IDs: [26375, 26373, 26374, 26376, 26385, 26382, 26383, 26384, 26386, 26378, 26379, 26377, 26381, 26380] 
2026-02-25 19:46:08,745 75393 INFO wsi_2026 odoo.models.unlink: User #1 deleted hr.employee.skill records with IDs: [14, 13, 12, 11, 10, 9, 8, 7, 6, 5, 4, 3, 2, 1] 
2026-02-25 19:46:08,753 75393 INFO wsi_2026 odoo.addons.base.models.ir_model: Deleting hr.skill(42, 41, 40, 39, 38, 37) 
2026-02-25 19:46:08,763 75393 INFO wsi_2026 odoo.models.unlink: User #1 deleted ir.model.data records with IDs: [26361, 26370, 26365, 26366, 26363, 26371] 
2026-02-25 19:46:08,764 75393 INFO wsi_2026 odoo.models.unlink: User #1 deleted hr.skill records with IDs: [42, 41, 40, 39, 38, 37] 
2026-02-25 19:46:08,771 75393 INFO wsi_2026 odoo.addons.base.models.ir_model: Deleting hr.skill.level(25, 24, 23, 22, 21, 20, 19, 18, 17, 16, 15, 14, 13, 12) 
2026-02-25 19:46:08,781 75393 INFO wsi_2026 odoo.models.unlink: User #1 deleted ir.model.data records with IDs: [26345, 26359, 26342, 26356, 26343, 26357, 26346, 26360, 26344, 26358, 26347, 26348, 26349, 26350] 
2026-02-25 19:46:08,782 75393 INFO wsi_2026 odoo.models.unlink: User #1 deleted hr.skill.level records with IDs: [25, 24, 23, 22, 21, 20, 19, 18, 17, 16, 15, 14, 13, 12] 
2026-02-25 19:46:08,789 75393 INFO wsi_2026 odoo.addons.base.models.ir_model: Deleting hr.skill.type(5, 4, 3) 
2026-02-25 19:46:08,799 75393 INFO wsi_2026 odoo.models.unlink: User #1 deleted ir.model.data records with IDs: [26333, 26332, 26334] 
2026-02-25 19:46:08,800 75393 INFO wsi_2026 odoo.models.unlink: User #1 deleted hr.skill.type records with IDs: [5, 4, 3] 
2026-02-25 19:46:08,807 75393 INFO wsi_2026 odoo.addons.base.models.ir_model: Deleting hr.employee(4,) 
2026-02-25 19:46:08,822 75393 INFO wsi_2026 odoo.models.unlink: User #1 deleted mail.message records with IDs: [77, 76] 
2026-02-25 19:46:08,853 75393 INFO wsi_2026 odoo.models.unlink: User #1 deleted ir.model.data records with IDs: [26317] 
2026-02-25 19:46:08,861 75393 INFO wsi_2026 odoo.models.unlink: User #1 deleted ir.attachment records with IDs: [79, 80, 81, 82, 83] 
2026-02-25 19:46:08,867 75393 INFO wsi_2026 odoo.models.unlink: User #1 deleted hr.employee records with IDs: [4] 
2026-02-25 19:46:08,880 75393 INFO wsi_2026 odoo.models.unlink: User #1 deleted mail.followers records with IDs: [10] 
2026-02-25 19:46:08,892 75393 INFO wsi_2026 odoo.models.unlink: User #1 deleted resource.resource records with IDs: [4] 
2026-02-25 19:46:08,899 75393 INFO wsi_2026 odoo.addons.base.models.ir_model: Deleting hr.version(4,) 
2026-02-25 19:46:08,908 75393 INFO wsi_2026 odoo.models.unlink: User #1 deleted mail.message records with IDs: [75] 
2026-02-25 19:46:08,923 75393 INFO wsi_2026 odoo.models.unlink: User #1 deleted ir.model.data records with IDs: [26316] 
2026-02-25 19:46:08,924 75393 INFO wsi_2026 odoo.models.unlink: User #1 deleted hr.version records with IDs: [4] 
2026-02-25 19:46:08,934 75393 INFO wsi_2026 odoo.models.unlink: User #1 deleted mail.followers records with IDs: [9] 
2026-02-25 19:46:08,941 75393 INFO wsi_2026 odoo.addons.base.models.ir_model: Deleting hr.employee(3,) 
2026-02-25 19:46:08,950 75393 INFO wsi_2026 odoo.models.unlink: User #1 deleted mail.message records with IDs: [74, 73] 
2026-02-25 19:46:08,967 75393 INFO wsi_2026 odoo.models.unlink: User #1 deleted ir.model.data records with IDs: [26315] 
2026-02-25 19:46:08,973 75393 INFO wsi_2026 odoo.models.unlink: User #1 deleted ir.attachment records with IDs: [74, 75, 76, 77, 78] 
2026-02-25 19:46:08,978 75393 INFO wsi_2026 odoo.models.unlink: User #1 deleted hr.employee records with IDs: [3] 
2026-02-25 19:46:08,989 75393 INFO wsi_2026 odoo.models.unlink: User #1 deleted mail.followers records with IDs: [8] 
2026-02-25 19:46:09,002 75393 INFO wsi_2026 odoo.models.unlink: User #1 deleted resource.resource records with IDs: [3] 
2026-02-25 19:46:09,010 75393 INFO wsi_2026 odoo.addons.base.models.ir_model: Deleting hr.version(3,) 
2026-02-25 19:46:09,018 75393 INFO wsi_2026 odoo.models.unlink: User #1 deleted mail.message records with IDs: [72] 
2026-02-25 19:46:09,031 75393 INFO wsi_2026 odoo.models.unlink: User #1 deleted ir.model.data records with IDs: [26314] 
2026-02-25 19:46:09,032 75393 INFO wsi_2026 odoo.models.unlink: User #1 deleted hr.version records with IDs: [3] 
2026-02-25 19:46:09,041 75393 INFO wsi_2026 odoo.models.unlink: User #1 deleted mail.followers records with IDs: [7] 
2026-02-25 19:46:09,049 75393 INFO wsi_2026 odoo.addons.base.models.ir_model: Deleting hr.employee(2,) 
2026-02-25 19:46:09,057 75393 INFO wsi_2026 odoo.models.unlink: User #1 deleted mail.message records with IDs: [71, 70] 
2026-02-25 19:46:09,073 75393 INFO wsi_2026 odoo.models.unlink: User #1 deleted ir.model.data records with IDs: [26313] 
2026-02-25 19:46:09,078 75393 INFO wsi_2026 odoo.models.unlink: User #1 deleted ir.attachment records with IDs: [69, 70, 71, 72, 73] 
2026-02-25 19:46:09,083 75393 INFO wsi_2026 odoo.models.unlink: User #1 deleted hr.employee records with IDs: [2] 
2026-02-25 19:46:09,092 75393 INFO wsi_2026 odoo.models.unlink: User #1 deleted mail.followers records with IDs: [6] 
2026-02-25 19:46:09,102 75393 INFO wsi_2026 odoo.models.unlink: User #1 deleted resource.resource records with IDs: [2] 
2026-02-25 19:46:09,109 75393 INFO wsi_2026 odoo.addons.base.models.ir_model: Deleting hr.version(2,) 
2026-02-25 19:46:09,116 75393 INFO wsi_2026 odoo.models.unlink: User #1 deleted mail.message records with IDs: [69] 
2026-02-25 19:46:09,128 75393 INFO wsi_2026 odoo.models.unlink: User #1 deleted ir.model.data records with IDs: [26312] 
2026-02-25 19:46:09,130 75393 INFO wsi_2026 odoo.models.unlink: User #1 deleted hr.version records with IDs: [2] 
2026-02-25 19:46:09,141 75393 INFO wsi_2026 odoo.models.unlink: User #1 deleted mail.followers records with IDs: [5] 
2026-02-25 19:46:09,149 75393 INFO wsi_2026 odoo.addons.base.models.ir_model: Deleting res.partner(8, 7, 6) 
2026-02-25 19:46:09,157 75393 INFO wsi_2026 odoo.models.unlink: User #1 deleted mail.message records with IDs: [68, 67, 66] 
2026-02-25 19:46:09,192 75393 INFO wsi_2026 odoo.models.unlink: User #1 deleted ir.model.data records with IDs: [26309, 26310, 26311] 
2026-02-25 19:46:09,198 75393 INFO wsi_2026 odoo.models.unlink: User #1 deleted ir.attachment records with IDs: [66, 67, 68, 84, 85, 86, 87, 88, 89, 90, 91, 92, 93, 94, 95] 
2026-02-25 19:46:09,204 75393 INFO wsi_2026 odoo.models.unlink: User #1 deleted res.partner records with IDs: [8, 7, 6] 
2026-02-25 19:46:09,213 75393 INFO wsi_2026 odoo.models.unlink: User #1 deleted mail.followers records with IDs: [2, 3, 4] 
2026-02-25 19:46:09,221 75393 INFO wsi_2026 odoo.addons.base.models.ir_model: Deleting hr.employee.category(3, 2, 1) 
2026-02-25 19:46:09,229 75393 INFO wsi_2026 odoo.models.unlink: User #1 deleted ir.model.data records with IDs: [26306, 26307, 26308] 
2026-02-25 19:46:09,230 75393 INFO wsi_2026 odoo.models.unlink: User #1 deleted hr.employee.category records with IDs: [3, 2, 1] 
2026-02-25 19:46:09,237 75393 INFO wsi_2026 odoo.addons.base.models.ir_model: Deleting hr.job(3, 2, 1) 
2026-02-25 19:46:09,244 75393 INFO wsi_2026 odoo.models.unlink: User #1 deleted mail.message records with IDs: [65, 64, 63] 
2026-02-25 19:46:09,259 75393 INFO wsi_2026 odoo.models.unlink: User #1 deleted ir.model.data records with IDs: [26305, 26303, 26304] 
2026-02-25 19:46:09,260 75393 INFO wsi_2026 odoo.models.unlink: User #1 deleted hr.job records with IDs: [3, 2, 1] 
2026-02-25 19:46:09,268 75393 INFO wsi_2026 odoo.addons.base.models.ir_model: Deleting hr.department(3, 2) 
2026-02-25 19:46:09,275 75393 INFO wsi_2026 odoo.models.unlink: User #1 deleted mail.message records with IDs: [62, 61] 
2026-02-25 19:46:09,294 75393 INFO wsi_2026 odoo.models.unlink: User #1 deleted ir.model.data records with IDs: [26302, 26301] 
2026-02-25 19:46:09,295 75393 INFO wsi_2026 odoo.models.unlink: User #1 deleted hr.department records with IDs: [3, 2] 
2026-02-25 19:46:09,303 75393 INFO wsi_2026 odoo.addons.base.models.ir_model: Deleting ir.ui.view(674, 673) 
2026-02-25 19:46:09,316 75393 INFO wsi_2026 odoo.models.unlink: User #1 deleted ir.model.data records with IDs: [26300, 26299] 
2026-02-25 19:46:09,318 75393 INFO wsi_2026 odoo.models.unlink: User #1 deleted ir.ui.view records with IDs: [674, 673] 
2026-02-25 19:46:09,325 75393 INFO wsi_2026 odoo.addons.base.models.ir_model: Deleting ir.ui.menu(161,) 
2026-02-25 19:46:09,334 75393 INFO wsi_2026 odoo.models.unlink: User #1 deleted ir.model.data records with IDs: [26125] 
2026-02-25 19:46:09,335 75393 INFO wsi_2026 odoo.models.unlink: User #1 deleted ir.ui.menu records with IDs: [161] 
2026-02-25 19:46:09,342 75393 INFO wsi_2026 odoo.addons.base.models.ir_model: Deleting ir.actions.act_window(229, 228) 
2026-02-25 19:46:09,355 75393 INFO wsi_2026 odoo.models.unlink: User #1 deleted ir.model.data records with IDs: [26123, 26124] 
2026-02-25 19:46:09,356 75393 INFO wsi_2026 odoo.models.unlink: User #1 deleted ir.actions.act_window records with IDs: [229, 228] 
2026-02-25 19:46:09,364 75393 INFO wsi_2026 odoo.addons.base.models.ir_model: Deleting ir.ui.view(670, 669, 668, 667, 666, 665) 
2026-02-25 19:46:09,376 75393 INFO wsi_2026 odoo.models.unlink: User #1 deleted ir.model.data records with IDs: [26118, 26119, 26122, 26120, 26121, 26117] 
2026-02-25 19:46:09,377 75393 INFO wsi_2026 odoo.models.unlink: User #1 deleted ir.ui.view records with IDs: [670, 669, 668, 667, 666, 665] 
2026-02-25 19:46:09,384 75393 INFO wsi_2026 odoo.addons.base.models.ir_model: Deleting ir.ui.menu(160,) 
2026-02-25 19:46:09,391 75393 INFO wsi_2026 odoo.models.unlink: User #1 deleted ir.model.data records with IDs: [26116] 
2026-02-25 19:46:09,392 75393 INFO wsi_2026 odoo.models.unlink: User #1 deleted ir.ui.menu records with IDs: [160] 
2026-02-25 19:46:09,399 75393 INFO wsi_2026 odoo.addons.base.models.ir_model: Deleting ir.actions.act_window(227,) 
2026-02-25 19:46:09,409 75393 INFO wsi_2026 odoo.models.unlink: User #1 deleted ir.model.data records with IDs: [26115] 
2026-02-25 19:46:09,410 75393 INFO wsi_2026 odoo.models.unlink: User #1 deleted ir.actions.act_window records with IDs: [227] 
2026-02-25 19:46:09,417 75393 INFO wsi_2026 odoo.addons.base.models.ir_model: Deleting ir.ui.view(664, 663, 662, 661, 660) 
2026-02-25 19:46:09,426 75393 INFO wsi_2026 odoo.models.unlink: User #1 deleted ir.model.data records with IDs: [26112, 26111, 26113, 26114, 26110] 
2026-02-25 19:46:09,426 75393 INFO wsi_2026 odoo.models.unlink: User #1 deleted ir.ui.view records with IDs: [664, 663, 662, 661, 660] 
2026-02-25 19:46:09,433 75393 INFO wsi_2026 odoo.addons.base.models.ir_model: Deleting ir.actions.act_window(226,) 
2026-02-25 19:46:09,442 75393 INFO wsi_2026 odoo.models.unlink: User #1 deleted ir.model.data records with IDs: [26109] 
2026-02-25 19:46:09,443 75393 INFO wsi_2026 odoo.models.unlink: User #1 deleted ir.actions.act_window records with IDs: [226] 
2026-02-25 19:46:09,450 75393 INFO wsi_2026 odoo.addons.base.models.ir_model: Deleting ir.ui.view(659, 658, 657, 656) 
2026-02-25 19:46:09,459 75393 INFO wsi_2026 odoo.models.unlink: User #1 deleted ir.model.data records with IDs: [26105, 26106, 26108, 26107] 
2026-02-25 19:46:09,460 75393 INFO wsi_2026 odoo.models.unlink: User #1 deleted ir.ui.view records with IDs: [659, 658, 657, 656] 
2026-02-25 19:46:09,466 75393 INFO wsi_2026 odoo.addons.base.models.ir_model: Deleting ir.ui.menu(159, 158, 157, 156, 155, 154, 153, 152, 151, 150) 
2026-02-25 19:46:09,481 75393 INFO wsi_2026 odoo.models.unlink: User #1 deleted ir.model.data records with IDs: [26096, 26098, 26103, 26101, 26104, 26099, 26097, 26095, 26102, 26100] 
2026-02-25 19:46:09,485 75393 INFO wsi_2026 odoo.models.unlink: User #1 deleted ir.attachment records with IDs: [53] 
2026-02-25 19:46:09,491 75393 INFO wsi_2026 odoo.models.unlink: User #1 deleted ir.ui.menu records with IDs: [159, 158, 157, 156, 155, 154, 153, 152, 151, 150] 
2026-02-25 19:46:09,497 75393 INFO wsi_2026 odoo.addons.base.models.ir_model: Deleting ir.actions.server(225,) 
2026-02-25 19:46:09,506 75393 INFO wsi_2026 odoo.models.unlink: User #1 deleted mail.message records with IDs: [59] 
2026-02-25 19:46:09,525 75393 INFO wsi_2026 odoo.models.unlink: User #1 deleted ir.model.data records with IDs: [26094] 
2026-02-25 19:46:09,526 75393 INFO wsi_2026 odoo.models.unlink: User #1 deleted ir.actions.server records with IDs: [225] 
2026-02-25 19:46:09,534 75393 INFO wsi_2026 odoo.addons.base.models.ir_model: Deleting ir.actions.client(224,) 
2026-02-25 19:46:09,544 75393 INFO wsi_2026 odoo.models.unlink: User #1 deleted ir.model.data records with IDs: [26093] 
2026-02-25 19:46:09,545 75393 INFO wsi_2026 odoo.models.unlink: User #1 deleted ir.actions.client records with IDs: [224] 
2026-02-25 19:46:09,552 75393 INFO wsi_2026 odoo.addons.base.models.ir_model: Deleting ir.actions.act_window(223,) 
2026-02-25 19:46:09,561 75393 INFO wsi_2026 odoo.models.unlink: User #1 deleted ir.model.data records with IDs: [26092] 
2026-02-25 19:46:09,562 75393 INFO wsi_2026 odoo.models.unlink: User #1 deleted ir.actions.act_window records with IDs: [223] 
2026-02-25 19:46:09,568 75393 INFO wsi_2026 odoo.addons.base.models.ir_model: Deleting ir.ui.view(655, 654) 
2026-02-25 19:46:09,576 75393 INFO wsi_2026 odoo.models.unlink: User #1 deleted ir.model.data records with IDs: [26090, 26091] 
2026-02-25 19:46:09,577 75393 INFO wsi_2026 odoo.models.unlink: User #1 deleted ir.ui.view records with IDs: [655, 654] 
2026-02-25 19:46:09,584 75393 INFO wsi_2026 odoo.addons.base.models.ir_model: Deleting ir.actions.act_window(222, 221) 
2026-02-25 19:46:09,595 75393 INFO wsi_2026 odoo.models.unlink: User #1 deleted ir.model.data records with IDs: [26088, 26089] 
2026-02-25 19:46:09,596 75393 INFO wsi_2026 odoo.models.unlink: User #1 deleted ir.actions.act_window records with IDs: [222, 221] 
2026-02-25 19:46:09,603 75393 INFO wsi_2026 odoo.addons.base.models.ir_model: Deleting ir.actions.server(220, 219) 
2026-02-25 19:46:09,612 75393 INFO wsi_2026 odoo.models.unlink: User #1 deleted mail.message records with IDs: [58, 57] 
2026-02-25 19:46:09,627 75393 INFO wsi_2026 odoo.models.unlink: User #1 deleted ir.model.data records with IDs: [26087, 26086] 
2026-02-25 19:46:09,628 75393 INFO wsi_2026 odoo.models.unlink: User #1 deleted ir.actions.server records with IDs: [220, 219] 
2026-02-25 19:46:09,636 75393 INFO wsi_2026 odoo.addons.base.models.ir_model: Deleting ir.ui.view(653, 652, 651, 650, 649, 648) 
2026-02-25 19:46:09,645 75393 INFO wsi_2026 odoo.models.unlink: User #1 deleted ir.model.data records with IDs: [26085, 26082, 26083, 26084, 26080, 26081] 
2026-02-25 19:46:09,646 75393 INFO wsi_2026 odoo.models.unlink: User #1 deleted ir.ui.view records with IDs: [653, 652, 651, 650, 649, 648] 
2026-02-25 19:46:09,653 75393 INFO wsi_2026 odoo.addons.base.models.ir_model: Deleting ir.model.access(346, 345, 344, 343, 342, 341, 340, 339, 338, 337) 
2026-02-25 19:46:09,663 75393 INFO wsi_2026 odoo.models.unlink: User #1 deleted ir.model.data records with IDs: [26070, 26072, 26078, 26074, 26077, 26076, 26075, 26079, 26073, 26071] 
2026-02-25 19:46:09,664 75393 INFO wsi_2026 odoo.models.unlink: User #1 deleted ir.model.access records with IDs: [346, 345, 344, 343, 342, 341, 340, 339, 338, 337] 
2026-02-25 19:46:09,670 75393 INFO wsi_2026 odoo.addons.base.models.ir_model: Deleting ir.rule(106, 105, 104, 103, 102, 101) 
2026-02-25 19:46:09,679 75393 INFO wsi_2026 odoo.models.unlink: User #1 deleted ir.model.data records with IDs: [26068, 26069, 26065, 26066, 26067, 26064] 
2026-02-25 19:46:09,680 75393 INFO wsi_2026 odoo.models.unlink: User #1 deleted ir.rule records with IDs: [106, 105, 104, 103, 102, 101] 
2026-02-25 19:46:09,687 75393 INFO wsi_2026 odoo.addons.base.models.ir_model: Deleting res.groups(22, 21, 20, 19) 
2026-02-25 19:46:09,721 75393 INFO wsi_2026 odoo.models.unlink: User #1 deleted ir.model.data records with IDs: [26063, 26061, 26059, 26062] 
2026-02-25 19:46:09,722 75393 INFO wsi_2026 odoo.models.unlink: User #1 deleted res.groups records with IDs: [22, 21, 20, 19] 
2026-02-25 19:46:09,729 75393 INFO wsi_2026 odoo.addons.base.models.ir_model: Deleting res.groups.privilege(5,) 
2026-02-25 19:46:09,738 75393 INFO wsi_2026 odoo.models.unlink: User #1 deleted ir.model.data records with IDs: [26058] 
2026-02-25 19:46:09,739 75393 INFO wsi_2026 odoo.models.unlink: User #1 deleted res.groups.privilege records with IDs: [5] 
2026-02-25 19:46:09,745 75393 INFO wsi_2026 odoo.addons.base.models.ir_model: Deleting ir.cron(19,) 
2026-02-25 19:46:09,752 75393 INFO wsi_2026 odoo.models.unlink: User #1 deleted mail.message records with IDs: [56] 
2026-02-25 19:46:09,766 75393 INFO wsi_2026 odoo.models.unlink: User #1 deleted ir.model.data records with IDs: [26057] 
2026-02-25 19:46:09,767 75393 INFO wsi_2026 odoo.models.unlink: User #1 deleted ir.cron records with IDs: [19] 
2026-02-25 19:46:09,774 75393 INFO wsi_2026 odoo.addons.base.models.ir_model: Deleting ir.actions.server(218,) 
2026-02-25 19:46:09,782 75393 INFO wsi_2026 odoo.models.unlink: User #1 deleted mail.message records with IDs: [55] 
2026-02-25 19:46:09,796 75393 INFO wsi_2026 odoo.models.unlink: User #1 deleted ir.model.data records with IDs: [26056] 
2026-02-25 19:46:09,797 75393 INFO wsi_2026 odoo.models.unlink: User #1 deleted ir.actions.server records with IDs: [218] 
2026-02-25 19:46:09,804 75393 INFO wsi_2026 odoo.addons.base.models.ir_model: Deleting ir.cron(18,) 
2026-02-25 19:46:09,811 75393 INFO wsi_2026 odoo.models.unlink: User #1 deleted mail.message records with IDs: [54] 
2026-02-25 19:46:09,822 75393 INFO wsi_2026 odoo.models.unlink: User #1 deleted ir.model.data records with IDs: [26055] 
2026-02-25 19:46:09,823 75393 INFO wsi_2026 odoo.models.unlink: User #1 deleted ir.cron records with IDs: [18] 
2026-02-25 19:46:09,830 75393 INFO wsi_2026 odoo.addons.base.models.ir_model: Deleting ir.actions.server(217,) 
2026-02-25 19:46:09,838 75393 INFO wsi_2026 odoo.models.unlink: User #1 deleted mail.message records with IDs: [53] 
2026-02-25 19:46:09,852 75393 INFO wsi_2026 odoo.models.unlink: User #1 deleted ir.model.data records with IDs: [26054] 
2026-02-25 19:46:09,853 75393 INFO wsi_2026 odoo.models.unlink: User #1 deleted ir.actions.server records with IDs: [217] 
2026-02-25 19:46:09,860 75393 INFO wsi_2026 odoo.addons.base.models.ir_model: Deleting hr.attendance.overtime.rule(2, 1) 
2026-02-25 19:46:09,868 75393 INFO wsi_2026 odoo.models.unlink: User #1 deleted ir.model.data records with IDs: [26052, 26053] 
2026-02-25 19:46:09,869 75393 INFO wsi_2026 odoo.models.unlink: User #1 deleted hr.attendance.overtime.rule records with IDs: [2, 1] 
2026-02-25 19:46:09,876 75393 INFO wsi_2026 odoo.addons.base.models.ir_model: Deleting hr.attendance.overtime.ruleset(1,) 
2026-02-25 19:46:09,884 75393 INFO wsi_2026 odoo.models.unlink: User #1 deleted ir.model.data records with IDs: [26051] 
2026-02-25 19:46:09,884 75393 INFO wsi_2026 odoo.models.unlink: User #1 deleted hr.attendance.overtime.ruleset records with IDs: [1] 
2026-02-25 19:46:09,893 75393 INFO wsi_2026 odoo.addons.base.models.ir_model: Deleting ir.ui.view(641, 640) 
2026-02-25 19:46:09,901 75393 INFO wsi_2026 odoo.models.unlink: User #1 deleted ir.model.data records with IDs: [24984, 24983] 
2026-02-25 19:46:09,902 75393 INFO wsi_2026 odoo.models.unlink: User #1 deleted ir.ui.view records with IDs: [641, 640] 
2026-02-25 19:46:09,914 75393 INFO wsi_2026 odoo.addons.base.models.ir_model: Deleting ir.actions.act_window(215,) 
2026-02-25 19:46:09,930 75393 INFO wsi_2026 odoo.models.unlink: User #1 deleted ir.model.data records with IDs: [24982] 
2026-02-25 19:46:09,932 75393 INFO wsi_2026 odoo.models.unlink: User #1 deleted ir.actions.act_window records with IDs: [215] 
2026-02-25 19:46:09,944 75393 INFO wsi_2026 odoo.addons.base.models.ir_model: Deleting ir.ui.view(639, 638, 637, 636, 635, 634) 
2026-02-25 19:46:09,961 75393 INFO wsi_2026 odoo.models.unlink: User #1 deleted ir.model.data records with IDs: [24976, 24981, 24977, 24978, 24980, 24979] 
2026-02-25 19:46:09,963 75393 INFO wsi_2026 odoo.models.unlink: User #1 deleted ir.ui.view records with IDs: [639, 638, 637, 636, 635, 634] 
2026-02-25 19:46:09,974 75393 INFO wsi_2026 odoo.addons.base.models.ir_model: Deleting ir.actions.report(214,) 
2026-02-25 19:46:09,988 75393 INFO wsi_2026 odoo.models.unlink: User #1 deleted ir.model.data records with IDs: [24975] 
2026-02-25 19:46:09,989 75393 INFO wsi_2026 odoo.models.unlink: User #1 deleted ir.actions.report records with IDs: [214] 
2026-02-25 19:46:09,996 75393 INFO wsi_2026 odoo.addons.base.models.ir_model: Deleting ir.ui.menu(149,) 
2026-02-25 19:46:10,004 75393 INFO wsi_2026 odoo.models.unlink: User #1 deleted ir.model.data records with IDs: [24974] 
2026-02-25 19:46:10,005 75393 INFO wsi_2026 odoo.models.unlink: User #1 deleted ir.ui.menu records with IDs: [149] 
2026-02-25 19:46:10,011 75393 INFO wsi_2026 odoo.addons.base.models.ir_model: Deleting ir.actions.act_window(213, 212) 
2026-02-25 19:46:10,021 75393 INFO wsi_2026 odoo.models.unlink: User #1 deleted ir.model.data records with IDs: [24973, 24972] 
2026-02-25 19:46:10,022 75393 INFO wsi_2026 odoo.models.unlink: User #1 deleted ir.actions.act_window records with IDs: [213, 212] 
2026-02-25 19:46:10,029 75393 INFO wsi_2026 odoo.addons.base.models.ir_model: Deleting ir.ui.view(633, 632, 631, 630, 629, 628) 
2026-02-25 19:46:10,039 75393 INFO wsi_2026 odoo.models.unlink: User #1 deleted ir.model.data records with IDs: [24966, 24967, 24969, 24970, 24968, 24971] 
2026-02-25 19:46:10,040 75393 INFO wsi_2026 odoo.models.unlink: User #1 deleted ir.ui.view records with IDs: [633, 632, 631, 630, 629, 628] 
2026-02-25 19:46:10,047 75393 INFO wsi_2026 odoo.addons.base.models.ir_model: Deleting ir.ui.menu(148,) 
2026-02-25 19:46:10,054 75393 INFO wsi_2026 odoo.models.unlink: User #1 deleted ir.model.data records with IDs: [24965] 
2026-02-25 19:46:10,055 75393 INFO wsi_2026 odoo.models.unlink: User #1 deleted ir.ui.menu records with IDs: [148] 
2026-02-25 19:46:10,062 75393 INFO wsi_2026 odoo.addons.base.models.ir_model: Deleting ir.actions.act_window(211,) 
2026-02-25 19:46:10,071 75393 INFO wsi_2026 odoo.models.unlink: User #1 deleted ir.model.data records with IDs: [24964] 
2026-02-25 19:46:10,072 75393 INFO wsi_2026 odoo.models.unlink: User #1 deleted ir.actions.act_window records with IDs: [211] 
2026-02-25 19:46:10,078 75393 INFO wsi_2026 odoo.addons.base.models.ir_model: Deleting ir.ui.view(627, 626, 625) 
2026-02-25 19:46:10,087 75393 INFO wsi_2026 odoo.models.unlink: User #1 deleted ir.model.data records with IDs: [24962, 24961, 24963] 
2026-02-25 19:46:10,087 75393 INFO wsi_2026 odoo.models.unlink: User #1 deleted ir.ui.view records with IDs: [627, 626, 625] 
2026-02-25 19:46:10,094 75393 INFO wsi_2026 odoo.addons.base.models.ir_model: Deleting report.paperformat(5,) 
2026-02-25 19:46:10,105 75393 INFO wsi_2026 odoo.models.unlink: User #1 deleted ir.model.data records with IDs: [24960] 
2026-02-25 19:46:10,106 75393 INFO wsi_2026 odoo.models.unlink: User #1 deleted report.paperformat records with IDs: [5] 
2026-02-25 19:46:10,113 75393 INFO wsi_2026 odoo.addons.base.models.ir_model: Deleting mail.activity.type(7,) 
2026-02-25 19:46:10,126 75393 INFO wsi_2026 odoo.models.unlink: User #1 deleted ir.model.data records with IDs: [24959] 
2026-02-25 19:46:10,128 75393 INFO wsi_2026 odoo.models.unlink: User #1 deleted mail.activity.type records with IDs: [7] 
2026-02-25 19:46:10,135 75393 INFO wsi_2026 odoo.addons.base.models.ir_model: Deleting ir.cron(17,) 
2026-02-25 19:46:10,143 75393 INFO wsi_2026 odoo.models.unlink: User #1 deleted mail.message records with IDs: [50] 
2026-02-25 19:46:10,155 75393 INFO wsi_2026 odoo.models.unlink: User #1 deleted ir.model.data records with IDs: [24958] 
2026-02-25 19:46:10,156 75393 INFO wsi_2026 odoo.models.unlink: User #1 deleted ir.cron records with IDs: [17] 
2026-02-25 19:46:10,165 75393 INFO wsi_2026 odoo.addons.base.models.ir_model: Deleting ir.actions.server(210, 209, 208) 
2026-02-25 19:46:10,174 75393 INFO wsi_2026 odoo.models.unlink: User #1 deleted mail.message records with IDs: [49, 48, 47] 
2026-02-25 19:46:10,189 75393 INFO wsi_2026 odoo.models.unlink: User #1 deleted ir.model.data records with IDs: [24955, 24956, 24957] 
2026-02-25 19:46:10,190 75393 INFO wsi_2026 odoo.models.unlink: User #1 deleted ir.actions.server records with IDs: [210, 209, 208] 
2026-02-25 19:46:10,198 75393 INFO wsi_2026 odoo.addons.base.models.ir_model: Deleting hr.skill.level(11, 10, 9, 8, 7, 6, 5, 4, 3, 2, 1) 
2026-02-25 19:46:10,206 75393 INFO wsi_2026 odoo.models.unlink: User #1 deleted ir.model.data records with IDs: [24944, 24945, 24953, 24946, 24947, 24950, 24948, 24949, 24951, 24954, 24952] 
2026-02-25 19:46:10,207 75393 INFO wsi_2026 odoo.models.unlink: User #1 deleted hr.skill.level records with IDs: [11, 10, 9, 8, 7, 6, 5, 4, 3, 2, 1] 
2026-02-25 19:46:10,214 75393 INFO wsi_2026 odoo.addons.base.models.ir_model: Deleting hr.skill(36, 35, 34, 33, 32, 31, 30, 29, 28, 27, 26, 25, 24, 23, 22, 21, 20, 19, 18, 17, 16, 15, 14, 13, 12, 11, 10, 9, 8, 7, 6, 5, 4, 3, 2, 1) 
2026-02-25 19:46:10,225 75393 INFO wsi_2026 odoo.models.unlink: User #1 deleted ir.model.data records with IDs: [24937, 24913, 24914, 24929, 24938, 24940, 24933, 24934, 24910, 24912, 24908, 24911, 24917, 24920, 24922, 24924, 24927, 24939, 24915, 24928, 24943, 24935, 24942, 24919, 24931, 24923, 24941, 24918, 24909, 24936, 24930, 24925, 24932, 24926, 24921, 24916] 
2026-02-25 19:46:10,226 75393 INFO wsi_2026 odoo.models.unlink: User #1 deleted hr.skill records with IDs: [36, 35, 34, 33, 32, 31, 30, 29, 28, 27, 26, 25, 24, 23, 22, 21, 20, 19, 18, 17, 16, 15, 14, 13, 12, 11, 10, 9, 8, 7, 6, 5, 4, 3, 2, 1] 
2026-02-25 19:46:10,233 75393 INFO wsi_2026 odoo.addons.base.models.ir_model: Deleting hr.skill.type(2, 1) 
2026-02-25 19:46:10,241 75393 INFO wsi_2026 odoo.models.unlink: User #1 deleted ir.model.data records with IDs: [24906, 24907] 
2026-02-25 19:46:10,242 75393 INFO wsi_2026 odoo.models.unlink: User #1 deleted hr.skill.type records with IDs: [2, 1] 
2026-02-25 19:46:10,248 75393 INFO wsi_2026 odoo.addons.base.models.ir_model: Deleting hr.resume.line.type(3, 2, 1) 
2026-02-25 19:46:10,256 75393 INFO wsi_2026 odoo.models.unlink: User #1 deleted ir.model.data records with IDs: [24904, 24903, 24905] 
2026-02-25 19:46:10,257 75393 INFO wsi_2026 odoo.models.unlink: User #1 deleted hr.resume.line.type records with IDs: [3, 2, 1] 
2026-02-25 19:46:10,263 75393 INFO wsi_2026 odoo.addons.base.models.ir_model: Deleting ir.ui.view(624, 623) 
2026-02-25 19:46:10,271 75393 INFO wsi_2026 odoo.models.unlink: User #1 deleted ir.model.data records with IDs: [24902, 24901] 
2026-02-25 19:46:10,272 75393 INFO wsi_2026 odoo.models.unlink: User #1 deleted ir.ui.view records with IDs: [624, 623] 
2026-02-25 19:46:10,279 75393 INFO wsi_2026 odoo.addons.base.models.ir_model: Deleting ir.ui.menu(147, 146, 145, 144, 143) 
2026-02-25 19:46:10,289 75393 INFO wsi_2026 odoo.models.unlink: User #1 deleted ir.model.data records with IDs: [24899, 24897, 24898, 24896, 24900] 
2026-02-25 19:46:10,290 75393 INFO wsi_2026 odoo.models.unlink: User #1 deleted ir.ui.menu records with IDs: [147, 146, 145, 144, 143] 
2026-02-25 19:46:10,296 75393 INFO wsi_2026 odoo.addons.base.models.ir_model: Deleting ir.actions.act_window(207,) 
2026-02-25 19:46:10,305 75393 INFO wsi_2026 odoo.models.unlink: User #1 deleted ir.model.data records with IDs: [24895] 
2026-02-25 19:46:10,306 75393 INFO wsi_2026 odoo.models.unlink: User #1 deleted ir.actions.act_window records with IDs: [207] 
2026-02-25 19:46:10,313 75393 INFO wsi_2026 odoo.addons.base.models.ir_model: Deleting ir.ui.view(622, 621, 620, 619, 618, 617, 616, 615, 614, 613, 612, 611) 
2026-02-25 19:46:10,321 75393 INFO wsi_2026 odoo.models.unlink: User #1 deleted ir.model.data records with IDs: [24887] 
2026-02-25 19:46:10,322 75393 INFO wsi_2026 odoo.models.unlink: User #1 deleted ir.ui.view records with IDs: [615] 
2026-02-25 19:46:10,336 75393 INFO wsi_2026 odoo.models.unlink: User #1 deleted ir.model.data records with IDs: [24885, 24883, 24886, 24884, 24892, 24893, 24894, 24890, 24891, 24888, 24889] 
2026-02-25 19:46:10,337 75393 INFO wsi_2026 odoo.models.unlink: User #1 deleted ir.ui.view records with IDs: [622, 621, 620, 619, 618, 617, 616, 615, 614, 613, 612, 611] 
2026-02-25 19:46:10,344 75393 INFO wsi_2026 odoo.addons.base.models.ir_model: Deleting ir.actions.act_window(206,) 
2026-02-25 19:46:10,353 75393 INFO wsi_2026 odoo.models.unlink: User #1 deleted ir.model.data records with IDs: [24882] 
2026-02-25 19:46:10,354 75393 INFO wsi_2026 odoo.models.unlink: User #1 deleted ir.actions.act_window records with IDs: [206] 
2026-02-25 19:46:10,361 75393 INFO wsi_2026 odoo.addons.base.models.ir_model: Deleting ir.ui.menu(142, 141) 
2026-02-25 19:46:10,371 75393 INFO wsi_2026 odoo.models.unlink: User #1 deleted ir.model.data records with IDs: [24881, 24880] 
2026-02-25 19:46:10,372 75393 INFO wsi_2026 odoo.models.unlink: User #1 deleted ir.ui.menu records with IDs: [142, 141] 
2026-02-25 19:46:10,378 75393 INFO wsi_2026 odoo.addons.base.models.ir_model: Deleting ir.actions.act_window(205,) 
2026-02-25 19:46:10,388 75393 INFO wsi_2026 odoo.models.unlink: User #1 deleted ir.model.data records with IDs: [24879] 
2026-02-25 19:46:10,389 75393 INFO wsi_2026 odoo.models.unlink: User #1 deleted ir.actions.act_window records with IDs: [205] 
2026-02-25 19:46:10,396 75393 INFO wsi_2026 odoo.addons.base.models.ir_model: Deleting ir.ui.view(610, 609, 608, 607) 
2026-02-25 19:46:10,405 75393 INFO wsi_2026 odoo.models.unlink: User #1 deleted ir.model.data records with IDs: [24877, 24876, 24875, 24878] 
2026-02-25 19:46:10,406 75393 INFO wsi_2026 odoo.models.unlink: User #1 deleted ir.ui.view records with IDs: [610, 609, 608, 607] 
2026-02-25 19:46:10,413 75393 INFO wsi_2026 odoo.addons.base.models.ir_model: Deleting ir.actions.act_window(204,) 
2026-02-25 19:46:10,423 75393 INFO wsi_2026 odoo.models.unlink: User #1 deleted ir.model.data records with IDs: [24874] 
2026-02-25 19:46:10,424 75393 INFO wsi_2026 odoo.models.unlink: User #1 deleted ir.actions.act_window records with IDs: [204] 
2026-02-25 19:46:10,431 75393 INFO wsi_2026 odoo.addons.base.models.ir_model: Deleting ir.ui.view(606, 605, 604, 603, 602, 601, 600) 
2026-02-25 19:46:10,439 75393 INFO wsi_2026 odoo.models.unlink: User #1 deleted ir.model.data records with IDs: [24870] 
2026-02-25 19:46:10,440 75393 INFO wsi_2026 odoo.models.unlink: User #1 deleted ir.ui.view records with IDs: [603] 
2026-02-25 19:46:10,454 75393 INFO wsi_2026 odoo.models.unlink: User #1 deleted ir.model.data records with IDs: [24872, 24868, 24871, 24867, 24873, 24869] 
2026-02-25 19:46:10,455 75393 INFO wsi_2026 odoo.models.unlink: User #1 deleted ir.ui.view records with IDs: [606, 605, 604, 603, 602, 601, 600] 
2026-02-25 19:46:10,461 75393 INFO wsi_2026 odoo.addons.base.models.ir_model: Deleting ir.rule(100, 99, 98, 97, 96, 95, 94, 93, 92, 91, 90) 
2026-02-25 19:46:10,470 75393 INFO wsi_2026 odoo.models.unlink: User #1 deleted ir.model.data records with IDs: [24864, 24865, 24862, 24863, 24866, 24856, 24857, 24859, 24861, 24860, 24858] 
2026-02-25 19:46:10,471 75393 INFO wsi_2026 odoo.models.unlink: User #1 deleted ir.rule records with IDs: [100, 99, 98, 97, 96, 95, 94, 93, 92, 91, 90] 
2026-02-25 19:46:10,478 75393 INFO wsi_2026 odoo.addons.base.models.ir_model: Deleting ir.model.access(331, 330, 329, 328, 327, 326, 325, 324, 323, 322, 321, 320, 319, 318, 317, 316, 315, 314, 313, 312) 
2026-02-25 19:46:10,488 75393 INFO wsi_2026 odoo.models.unlink: User #1 deleted ir.model.data records with IDs: [24849, 24855, 24846, 24847, 24851, 24852, 24850, 24848, 24853, 24854, 24836, 24837, 24838, 24839, 24844, 24845, 24842, 24843, 24840, 24841] 
2026-02-25 19:46:10,489 75393 INFO wsi_2026 odoo.models.unlink: User #1 deleted ir.model.access records with IDs: [331, 330, 329, 328, 327, 326, 325, 324, 323, 322, 321, 320, 319, 318, 317, 316, 315, 314, 313, 312] 
2026-02-25 19:46:10,496 75393 INFO wsi_2026 odoo.addons.base.models.ir_model: Deleting ir.model.inherit(103, 102, 101, 100) 
2026-02-25 19:46:10,504 75393 INFO wsi_2026 odoo.models.unlink: User #1 deleted ir.model.data records with IDs: [24834, 24832, 24835, 24833] 
2026-02-25 19:46:10,505 75393 INFO wsi_2026 odoo.models.unlink: User #1 deleted ir.model.inherit records with IDs: [103, 102, 101, 100] 
2026-02-25 19:46:10,512 75393 INFO wsi_2026 odoo.addons.base.models.ir_model: Deleting ir.actions.act_window.view(51,) 
2026-02-25 19:46:10,521 75393 INFO wsi_2026 odoo.models.unlink: User #1 deleted ir.model.data records with IDs: [24585] 
2026-02-25 19:46:10,522 75393 INFO wsi_2026 odoo.models.unlink: User #1 deleted ir.actions.act_window.view records with IDs: [51] 
2026-02-25 19:46:10,536 75393 INFO wsi_2026 odoo.addons.base.models.ir_model: Deleting ir.ui.view(599, 598, 597, 596) 
2026-02-25 19:46:10,555 75393 INFO wsi_2026 odoo.models.unlink: User #1 deleted ir.model.data records with IDs: [24584, 24581, 24583, 24582] 
2026-02-25 19:46:10,557 75393 INFO wsi_2026 odoo.models.unlink: User #1 deleted ir.ui.view records with IDs: [599, 598, 597, 596] 
2026-02-25 19:46:10,565 75393 INFO wsi_2026 odoo.addons.base.models.ir_model: Deleting ir.actions.act_window(203,) 
2026-02-25 19:46:10,577 75393 INFO wsi_2026 odoo.models.unlink: User #1 deleted ir.model.data records with IDs: [24580] 
2026-02-25 19:46:10,578 75393 INFO wsi_2026 odoo.models.unlink: User #1 deleted ir.actions.act_window records with IDs: [203] 
2026-02-25 19:46:10,586 75393 INFO wsi_2026 odoo.addons.base.models.ir_model: Deleting ir.actions.act_window.view(50,) 
2026-02-25 19:46:10,593 75393 INFO wsi_2026 odoo.models.unlink: User #1 deleted ir.model.data records with IDs: [24579] 
2026-02-25 19:46:10,594 75393 INFO wsi_2026 odoo.models.unlink: User #1 deleted ir.actions.act_window.view records with IDs: [50] 
2026-02-25 19:46:10,601 75393 INFO wsi_2026 odoo.addons.base.models.ir_model: Deleting ir.ui.view(595, 594) 
2026-02-25 19:46:10,609 75393 INFO wsi_2026 odoo.models.unlink: User #1 deleted ir.model.data records with IDs: [24577, 24578] 
2026-02-25 19:46:10,610 75393 INFO wsi_2026 odoo.models.unlink: User #1 deleted ir.ui.view records with IDs: [595, 594] 
2026-02-25 19:46:10,616 75393 INFO wsi_2026 odoo.addons.base.models.ir_model: Deleting ir.actions.act_window(202,) 
2026-02-25 19:46:10,627 75393 INFO wsi_2026 odoo.models.unlink: User #1 deleted ir.model.data records with IDs: [24576] 
2026-02-25 19:46:10,628 75393 INFO wsi_2026 odoo.models.unlink: User #1 deleted ir.actions.act_window records with IDs: [202] 
2026-02-25 19:46:10,635 75393 INFO wsi_2026 odoo.addons.base.models.ir_model: Deleting ir.actions.act_window.view(49, 48) 
2026-02-25 19:46:10,642 75393 INFO wsi_2026 odoo.models.unlink: User #1 deleted ir.model.data records with IDs: [24574, 24575] 
2026-02-25 19:46:10,644 75393 INFO wsi_2026 odoo.models.unlink: User #1 deleted ir.actions.act_window.view records with IDs: [49, 48] 
2026-02-25 19:46:10,650 75393 INFO wsi_2026 odoo.addons.base.models.ir_model: Deleting ir.ui.view(593, 592, 591, 590, 589, 588) 
2026-02-25 19:46:10,659 75393 INFO wsi_2026 odoo.models.unlink: User #1 deleted ir.model.data records with IDs: [24521, 24522, 24518, 24519, 24520, 24573] 
2026-02-25 19:46:10,660 75393 INFO wsi_2026 odoo.models.unlink: User #1 deleted ir.ui.view records with IDs: [593, 592, 591, 590, 589, 588] 
2026-02-25 19:46:10,667 75393 INFO wsi_2026 odoo.addons.base.models.ir_model: Deleting ir.model.access(311, 310) 
2026-02-25 19:46:10,674 75393 INFO wsi_2026 odoo.models.unlink: User #1 deleted ir.model.data records with IDs: [24516, 24517] 
2026-02-25 19:46:10,675 75393 INFO wsi_2026 odoo.models.unlink: User #1 deleted ir.model.access records with IDs: [311, 310] 
2026-02-25 19:46:10,681 75393 INFO wsi_2026 odoo.addons.base.models.ir_model: Deleting ir.rule(89, 88) 
2026-02-25 19:46:10,688 75393 INFO wsi_2026 odoo.models.unlink: User #1 deleted ir.model.data records with IDs: [24515, 24514] 
2026-02-25 19:46:10,689 75393 INFO wsi_2026 odoo.models.unlink: User #1 deleted ir.rule records with IDs: [89, 88] 
2026-02-25 19:46:10,695 75393 INFO wsi_2026 odoo.addons.base.models.ir_model: Deleting mail.message.subtype(6, 5, 4) 
2026-02-25 19:46:10,704 75393 INFO wsi_2026 odoo.models.unlink: User #1 deleted ir.model.data records with IDs: [23774, 23773, 23775] 
2026-02-25 19:46:10,704 75393 INFO wsi_2026 odoo.models.unlink: User #1 deleted mail.message.subtype records with IDs: [6, 5, 4] 
2026-02-25 19:46:10,712 75393 INFO wsi_2026 odoo.addons.base.models.ir_model: Deleting hr.employee(1,) 
2026-02-25 19:46:10,761 75393 INFO wsi_2026 odoo.models.unlink: User #1 deleted mail.message records with IDs: [46, 45] 
2026-02-25 19:46:10,803 75393 INFO wsi_2026 odoo.models.unlink: User #1 deleted ir.model.data records with IDs: [23772] 
2026-02-25 19:46:10,921 75393 INFO wsi_2026 odoo.models.unlink: User #1 deleted ir.attachment records with IDs: [33, 35, 36, 37, 38] 
2026-02-25 19:46:10,931 75393 INFO wsi_2026 odoo.models.unlink: User #1 deleted hr.employee records with IDs: [1] 
2026-02-25 19:46:10,951 75393 INFO wsi_2026 odoo.models.unlink: User #1 deleted resource.resource records with IDs: [1] 
2026-02-25 19:46:10,964 75393 INFO wsi_2026 odoo.addons.base.models.ir_model: Deleting hr.version(1,) 
2026-02-25 19:46:10,977 75393 INFO wsi_2026 odoo.models.unlink: User #1 deleted mail.message records with IDs: [44] 
2026-02-25 19:46:10,998 75393 INFO wsi_2026 odoo.models.unlink: User #1 deleted ir.model.data records with IDs: [23771] 
2026-02-25 19:46:10,999 75393 INFO wsi_2026 odoo.models.unlink: User #1 deleted hr.version records with IDs: [1] 
2026-02-25 19:46:11,014 75393 INFO wsi_2026 odoo.addons.base.models.ir_model: Deleting hr.payroll.structure.type(4, 3, 2, 1) 
2026-02-25 19:46:11,026 75393 INFO wsi_2026 odoo.models.unlink: User #1 deleted ir.model.data records with IDs: [23767, 23770, 23769, 23768] 
2026-02-25 19:46:11,027 75393 INFO wsi_2026 odoo.models.unlink: User #1 deleted hr.payroll.structure.type records with IDs: [4, 3, 2, 1] 
2026-02-25 19:46:11,037 75393 INFO wsi_2026 odoo.addons.base.models.ir_model: Deleting ir.cron(16,) 
2026-02-25 19:46:11,046 75393 INFO wsi_2026 odoo.models.unlink: User #1 deleted mail.message records with IDs: [43] 
2026-02-25 19:46:11,060 75393 INFO wsi_2026 odoo.models.unlink: User #1 deleted ir.model.data records with IDs: [23766] 
2026-02-25 19:46:11,061 75393 INFO wsi_2026 odoo.models.unlink: User #1 deleted ir.cron records with IDs: [16] 
2026-02-25 19:46:11,069 75393 INFO wsi_2026 odoo.addons.base.models.ir_model: Deleting ir.actions.server(201,) 
2026-02-25 19:46:11,078 75393 INFO wsi_2026 odoo.models.unlink: User #1 deleted mail.message records with IDs: [42] 
2026-02-25 19:46:11,093 75393 INFO wsi_2026 odoo.models.unlink: User #1 deleted ir.model.data records with IDs: [23765] 
2026-02-25 19:46:11,094 75393 INFO wsi_2026 odoo.models.unlink: User #1 deleted ir.actions.server records with IDs: [201] 
2026-02-25 19:46:11,102 75393 INFO wsi_2026 odoo.addons.base.models.ir_model: Deleting ir.cron(15,) 
2026-02-25 19:46:11,109 75393 INFO wsi_2026 odoo.models.unlink: User #1 deleted mail.message records with IDs: [41] 
2026-02-25 19:46:11,122 75393 INFO wsi_2026 odoo.models.unlink: User #1 deleted ir.model.data records with IDs: [23764] 
2026-02-25 19:46:11,123 75393 INFO wsi_2026 odoo.models.unlink: User #1 deleted ir.cron records with IDs: [15] 
2026-02-25 19:46:11,131 75393 INFO wsi_2026 odoo.addons.base.models.ir_model: Deleting ir.actions.server(200,) 
2026-02-25 19:46:11,139 75393 INFO wsi_2026 odoo.models.unlink: User #1 deleted mail.message records with IDs: [40] 
2026-02-25 19:46:11,153 75393 INFO wsi_2026 odoo.models.unlink: User #1 deleted ir.model.data records with IDs: [23763] 
2026-02-25 19:46:11,153 75393 INFO wsi_2026 odoo.models.unlink: User #1 deleted ir.actions.server records with IDs: [200] 
2026-02-25 19:46:11,162 75393 INFO wsi_2026 odoo.addons.base.models.ir_model: Deleting hr.work.location(3, 2, 1) 
2026-02-25 19:46:11,171 75393 INFO wsi_2026 odoo.models.unlink: User #1 deleted ir.model.data records with IDs: [23760, 23761, 23762] 
2026-02-25 19:46:11,172 75393 INFO wsi_2026 odoo.models.unlink: User #1 deleted hr.work.location records with IDs: [3, 2, 1] 
2026-02-25 19:46:11,179 75393 INFO wsi_2026 odoo.addons.base.models.ir_model: Deleting hr.contract.type(12, 11, 10, 9, 8, 7, 6, 5, 4, 3, 2, 1) 
2026-02-25 19:46:11,190 75393 INFO wsi_2026 odoo.models.unlink: User #1 deleted ir.model.data records with IDs: [23756, 23759, 23752, 23750, 23754, 23753, 23748, 23751, 23758, 23755, 23749, 23757] 
2026-02-25 19:46:11,191 75393 INFO wsi_2026 odoo.models.unlink: User #1 deleted hr.contract.type records with IDs: [12, 11, 10, 9, 8, 7, 6, 5, 4, 3, 2, 1] 
2026-02-25 19:46:11,200 75393 INFO wsi_2026 odoo.addons.base.models.ir_model: Deleting hr.departure.reason(3, 2, 1) 
2026-02-25 19:46:11,214 75393 INFO wsi_2026 odoo.models.unlink: User #1 deleted ir.model.data records with IDs: [23745, 23746, 23747] 
2026-02-25 19:46:11,215 75393 INFO wsi_2026 odoo.models.unlink: User #1 deleted hr.departure.reason records with IDs: [3, 2, 1] 
2026-02-25 19:46:11,222 75393 INFO wsi_2026 odoo.addons.base.models.ir_model: Deleting mail.activity.plan.template(5, 4) 
2026-02-25 19:46:11,233 75393 INFO wsi_2026 odoo.models.unlink: User #1 deleted ir.model.data records with IDs: [23743, 23744] 
2026-02-25 19:46:11,234 75393 INFO wsi_2026 odoo.models.unlink: User #1 deleted mail.activity.plan.template records with IDs: [5, 4] 
2026-02-25 19:46:11,241 75393 INFO wsi_2026 odoo.addons.base.models.ir_model: Deleting mail.activity.plan(2,) 
2026-02-25 19:46:11,251 75393 INFO wsi_2026 odoo.models.unlink: User #1 deleted ir.model.data records with IDs: [23742] 
2026-02-25 19:46:11,252 75393 INFO wsi_2026 odoo.models.unlink: User #1 deleted mail.activity.plan records with IDs: [2] 
2026-02-25 19:46:11,259 75393 INFO wsi_2026 odoo.addons.base.models.ir_model: Deleting mail.activity.plan.template(3, 2, 1) 
2026-02-25 19:46:11,266 75393 INFO wsi_2026 odoo.models.unlink: User #1 deleted ir.model.data records with IDs: [23740, 23739, 23741] 
2026-02-25 19:46:11,267 75393 INFO wsi_2026 odoo.models.unlink: User #1 deleted mail.activity.plan.template records with IDs: [3, 2, 1] 
2026-02-25 19:46:11,276 75393 INFO wsi_2026 odoo.addons.base.models.ir_model: Deleting mail.activity.plan(1,) 
2026-02-25 19:46:11,287 75393 INFO wsi_2026 odoo.models.unlink: User #1 deleted ir.model.data records with IDs: [23738] 
2026-02-25 19:46:11,288 75393 INFO wsi_2026 odoo.models.unlink: User #1 deleted mail.activity.plan records with IDs: [1] 
2026-02-25 19:46:11,294 75393 INFO wsi_2026 odoo.addons.base.models.ir_model: Deleting hr.department(1,) 
2026-02-25 19:46:11,302 75393 INFO wsi_2026 odoo.models.unlink: User #1 deleted mail.message records with IDs: [39] 
2026-02-25 19:46:11,313 75393 INFO wsi_2026 odoo.models.unlink: User #1 deleted ir.model.data records with IDs: [23737] 
2026-02-25 19:46:11,314 75393 INFO wsi_2026 odoo.models.unlink: User #1 deleted hr.department records with IDs: [1] 
2026-02-25 19:46:11,322 75393 INFO wsi_2026 odoo.addons.base.models.ir_model: Deleting ir.ui.view(587, 586) 
2026-02-25 19:46:11,330 75393 INFO wsi_2026 odoo.models.unlink: User #1 deleted ir.model.data records with IDs: [23736, 23735] 
2026-02-25 19:46:11,331 75393 INFO wsi_2026 odoo.models.unlink: User #1 deleted ir.ui.view records with IDs: [587, 586] 
2026-02-25 19:46:11,337 75393 INFO wsi_2026 odoo.addons.base.models.ir_model: Deleting ir.actions.act_window(199,) 
2026-02-25 19:46:11,346 75393 INFO wsi_2026 odoo.models.unlink: User #1 deleted ir.model.data records with IDs: [23734] 
2026-02-25 19:46:11,347 75393 INFO wsi_2026 odoo.models.unlink: User #1 deleted ir.actions.act_window records with IDs: [199] 
2026-02-25 19:46:11,354 75393 INFO wsi_2026 odoo.addons.base.models.ir_model: Deleting ir.ui.view(585, 584, 583, 582, 581, 580, 579, 578, 577) 
2026-02-25 19:46:11,362 75393 INFO wsi_2026 odoo.models.unlink: User #1 deleted ir.model.data records with IDs: [23731] 
2026-02-25 19:46:11,362 75393 INFO wsi_2026 odoo.models.unlink: User #1 deleted ir.ui.view records with IDs: [583] 
2026-02-25 19:46:11,376 75393 INFO wsi_2026 odoo.models.unlink: User #1 deleted ir.model.data records with IDs: [23728, 23725, 23726, 23729, 23727, 23730, 23733, 23732] 
2026-02-25 19:46:11,376 75393 INFO wsi_2026 odoo.models.unlink: User #1 deleted ir.ui.view records with IDs: [585, 584, 583, 582, 581, 580, 579, 578, 577] 
2026-02-25 19:46:11,383 75393 INFO wsi_2026 odoo.addons.base.models.ir_model: Deleting ir.ui.menu(140,) 
2026-02-25 19:46:11,390 75393 INFO wsi_2026 odoo.models.unlink: User #1 deleted ir.model.data records with IDs: [23724] 
2026-02-25 19:46:11,391 75393 INFO wsi_2026 odoo.models.unlink: User #1 deleted ir.ui.menu records with IDs: [140] 
2026-02-25 19:46:11,398 75393 INFO wsi_2026 odoo.addons.base.models.ir_model: Deleting ir.actions.act_window(198,) 
2026-02-25 19:46:11,409 75393 INFO wsi_2026 odoo.models.unlink: User #1 deleted ir.model.data records with IDs: [23723] 
2026-02-25 19:46:11,409 75393 INFO wsi_2026 odoo.models.unlink: User #1 deleted ir.actions.act_window records with IDs: [198] 
2026-02-25 19:46:11,417 75393 INFO wsi_2026 odoo.addons.base.models.ir_model: Deleting ir.ui.view(576,) 
2026-02-25 19:46:11,426 75393 INFO wsi_2026 odoo.models.unlink: User #1 deleted ir.model.data records with IDs: [23722] 
2026-02-25 19:46:11,427 75393 INFO wsi_2026 odoo.models.unlink: User #1 deleted ir.ui.view records with IDs: [576] 
2026-02-25 19:46:11,435 75393 INFO wsi_2026 odoo.addons.base.models.ir_model: Deleting ir.ui.menu(139, 138, 137, 136, 135, 134, 133, 132, 131, 130, 129, 128, 127, 126, 125, 124, 123) 
2026-02-25 19:46:11,451 75393 INFO wsi_2026 odoo.models.unlink: User #1 deleted ir.model.data records with IDs: [23709, 23712, 23713, 23718, 23710, 23716, 23708, 23720, 23707, 23706, 23705, 23714, 23711, 23715, 23717, 23721, 23719] 
2026-02-25 19:46:11,456 75393 INFO wsi_2026 odoo.models.unlink: User #1 deleted ir.attachment records with IDs: [32] 
2026-02-25 19:46:11,461 75393 INFO wsi_2026 odoo.models.unlink: User #1 deleted ir.ui.menu records with IDs: [139, 138, 137, 136, 135, 134, 133, 132, 131, 130, 129, 128, 127, 126, 125, 124, 123] 
2026-02-25 19:46:11,469 75393 INFO wsi_2026 odoo.addons.base.models.ir_model: Deleting ir.actions.act_window(197,) 
2026-02-25 19:46:11,479 75393 INFO wsi_2026 odoo.models.unlink: User #1 deleted ir.model.data records with IDs: [23704] 
2026-02-25 19:46:11,480 75393 INFO wsi_2026 odoo.models.unlink: User #1 deleted ir.actions.act_window records with IDs: [197] 
2026-02-25 19:46:11,488 75393 INFO wsi_2026 odoo.addons.base.models.ir_model: Deleting ir.ui.view(575, 574) 
2026-02-25 19:46:11,500 75393 INFO wsi_2026 odoo.models.unlink: User #1 deleted ir.model.data records with IDs: [23703, 23702] 
2026-02-25 19:46:11,502 75393 INFO wsi_2026 odoo.models.unlink: User #1 deleted ir.ui.view records with IDs: [575, 574] 
2026-02-25 19:46:11,509 75393 INFO wsi_2026 odoo.addons.base.models.ir_model: Deleting ir.actions.act_window.view(47, 46, 45) 
2026-02-25 19:46:11,517 75393 INFO wsi_2026 odoo.models.unlink: User #1 deleted ir.model.data records with IDs: [23701, 23699, 23700] 
2026-02-25 19:46:11,518 75393 INFO wsi_2026 odoo.models.unlink: User #1 deleted ir.actions.act_window.view records with IDs: [47, 46, 45] 
2026-02-25 19:46:11,526 75393 INFO wsi_2026 odoo.addons.base.models.ir_model: Deleting ir.actions.act_window(196,) 
2026-02-25 19:46:11,537 75393 INFO wsi_2026 odoo.models.unlink: User #1 deleted ir.model.data records with IDs: [23698] 
2026-02-25 19:46:11,538 75393 INFO wsi_2026 odoo.models.unlink: User #1 deleted ir.actions.act_window records with IDs: [196] 
2026-02-25 19:46:11,544 75393 INFO wsi_2026 odoo.addons.base.models.ir_model: Deleting ir.actions.act_window.view(44, 43, 42) 
2026-02-25 19:46:11,552 75393 INFO wsi_2026 odoo.models.unlink: User #1 deleted ir.model.data records with IDs: [23696, 23697, 23695] 
2026-02-25 19:46:11,553 75393 INFO wsi_2026 odoo.models.unlink: User #1 deleted ir.actions.act_window.view records with IDs: [44, 43, 42] 
2026-02-25 19:46:11,560 75393 INFO wsi_2026 odoo.addons.base.models.ir_model: Deleting ir.actions.act_window(195,) 
2026-02-25 19:46:11,570 75393 INFO wsi_2026 odoo.models.unlink: User #1 deleted ir.model.data records with IDs: [23694] 
2026-02-25 19:46:11,571 75393 INFO wsi_2026 odoo.models.unlink: User #1 deleted ir.actions.act_window records with IDs: [195] 
2026-02-25 19:46:11,578 75393 INFO wsi_2026 odoo.addons.base.models.ir_model: Deleting ir.ui.view(573, 572, 571, 570) 
2026-02-25 19:46:11,588 75393 INFO wsi_2026 odoo.models.unlink: User #1 deleted ir.model.data records with IDs: [23693, 23692, 23690, 23691] 
2026-02-25 19:46:11,589 75393 INFO wsi_2026 odoo.models.unlink: User #1 deleted ir.ui.view records with IDs: [573, 572, 571, 570] 
2026-02-25 19:46:11,597 75393 INFO wsi_2026 odoo.addons.base.models.ir_model: Deleting ir.actions.server(194, 193) 
2026-02-25 19:46:11,606 75393 INFO wsi_2026 odoo.models.unlink: User #1 deleted mail.message records with IDs: [38, 37] 
2026-02-25 19:46:11,623 75393 INFO wsi_2026 odoo.models.unlink: User #1 deleted ir.model.data records with IDs: [23689, 23688] 
2026-02-25 19:46:11,625 75393 INFO wsi_2026 odoo.models.unlink: User #1 deleted ir.actions.server records with IDs: [194, 193] 
2026-02-25 19:46:11,636 75393 INFO wsi_2026 odoo.addons.base.models.ir_model: Deleting ir.actions.act_window(192, 191) 
2026-02-25 19:46:11,648 75393 INFO wsi_2026 odoo.models.unlink: User #1 deleted ir.model.data records with IDs: [23687, 23686] 
2026-02-25 19:46:11,649 75393 INFO wsi_2026 odoo.models.unlink: User #1 deleted ir.actions.act_window records with IDs: [192, 191] 
2026-02-25 19:46:11,657 75393 INFO wsi_2026 odoo.addons.base.models.ir_model: Deleting ir.actions.act_window.view(40, 39, 38, 37, 36, 35) 
2026-02-25 19:46:11,666 75393 INFO wsi_2026 odoo.models.unlink: User #1 deleted ir.model.data records with IDs: [23683, 23682, 23684, 23680, 23685, 23681] 
2026-02-25 19:46:11,667 75393 INFO wsi_2026 odoo.models.unlink: User #1 deleted ir.actions.act_window.view records with IDs: [40, 39, 38, 37, 36, 35] 
2026-02-25 19:46:11,675 75393 INFO wsi_2026 odoo.addons.base.models.ir_model: Deleting ir.actions.act_window(190,) 
2026-02-25 19:46:11,686 75393 INFO wsi_2026 odoo.models.unlink: User #1 deleted ir.model.data records with IDs: [23679] 
2026-02-25 19:46:11,687 75393 INFO wsi_2026 odoo.models.unlink: User #1 deleted ir.actions.act_window records with IDs: [190] 
2026-02-25 19:46:11,695 75393 INFO wsi_2026 odoo.addons.base.models.ir_model: Deleting ir.actions.server(189,) 
2026-02-25 19:46:11,705 75393 INFO wsi_2026 odoo.models.unlink: User #1 deleted mail.message records with IDs: [36] 
2026-02-25 19:46:11,720 75393 INFO wsi_2026 odoo.models.unlink: User #1 deleted ir.model.data records with IDs: [23678] 
2026-02-25 19:46:11,721 75393 INFO wsi_2026 odoo.models.unlink: User #1 deleted ir.actions.server records with IDs: [189] 
2026-02-25 19:46:11,729 75393 INFO wsi_2026 odoo.addons.base.models.ir_model: Deleting ir.ui.view(569, 568, 567, 566, 565, 564, 563, 562, 561, 560, 559) 
2026-02-25 19:46:11,739 75393 INFO wsi_2026 odoo.models.unlink: User #1 deleted ir.model.data records with IDs: [23676] 
2026-02-25 19:46:11,740 75393 INFO wsi_2026 odoo.models.unlink: User #1 deleted ir.ui.view records with IDs: [568] 
2026-02-25 19:46:11,756 75393 INFO wsi_2026 odoo.models.unlink: User #1 deleted ir.model.data records with IDs: [23674, 23673, 23677, 23670, 23671, 23675, 23667, 23668, 23669, 23672] 
2026-02-25 19:46:11,757 75393 INFO wsi_2026 odoo.models.unlink: User #1 deleted ir.ui.view records with IDs: [569, 568, 567, 566, 565, 564, 563, 562, 561, 560, 559] 
2026-02-25 19:46:11,764 75393 INFO wsi_2026 odoo.addons.base.models.ir_model: Deleting ir.actions.report(188,) 
2026-02-25 19:46:11,775 75393 INFO wsi_2026 odoo.models.unlink: User #1 deleted ir.model.data records with IDs: [23666] 
2026-02-25 19:46:11,776 75393 INFO wsi_2026 odoo.models.unlink: User #1 deleted ir.actions.report records with IDs: [188] 
2026-02-25 19:46:11,783 75393 INFO wsi_2026 odoo.addons.base.models.ir_model: Deleting ir.actions.act_window.view(34, 33, 32) 
2026-02-25 19:46:11,791 75393 INFO wsi_2026 odoo.models.unlink: User #1 deleted ir.model.data records with IDs: [23665, 23663, 23664] 
2026-02-25 19:46:11,792 75393 INFO wsi_2026 odoo.models.unlink: User #1 deleted ir.actions.act_window.view records with IDs: [34, 33, 32] 
2026-02-25 19:46:11,799 75393 INFO wsi_2026 odoo.addons.base.models.ir_model: Deleting ir.actions.act_window(187,) 
2026-02-25 19:46:11,809 75393 INFO wsi_2026 odoo.models.unlink: User #1 deleted ir.model.data records with IDs: [23662] 
2026-02-25 19:46:11,810 75393 INFO wsi_2026 odoo.models.unlink: User #1 deleted ir.actions.act_window records with IDs: [187] 
2026-02-25 19:46:11,817 75393 INFO wsi_2026 odoo.addons.base.models.ir_model: Deleting ir.ui.view(558, 557, 556, 555) 
2026-02-25 19:46:11,827 75393 INFO wsi_2026 odoo.models.unlink: User #1 deleted ir.model.data records with IDs: [23659, 23661, 23658, 23660] 
2026-02-25 19:46:11,829 75393 INFO wsi_2026 odoo.models.unlink: User #1 deleted ir.ui.view records with IDs: [558, 557, 556, 555] 
2026-02-25 19:46:11,836 75393 INFO wsi_2026 odoo.addons.base.models.ir_model: Deleting ir.actions.act_window(186,) 
2026-02-25 19:46:11,846 75393 INFO wsi_2026 odoo.models.unlink: User #1 deleted ir.model.data records with IDs: [23657] 
2026-02-25 19:46:11,847 75393 INFO wsi_2026 odoo.models.unlink: User #1 deleted ir.actions.act_window records with IDs: [186] 
2026-02-25 19:46:11,854 75393 INFO wsi_2026 odoo.addons.base.models.ir_model: Deleting ir.ui.view(554, 553) 
2026-02-25 19:46:11,862 75393 INFO wsi_2026 odoo.models.unlink: User #1 deleted ir.model.data records with IDs: [23655, 23656] 
2026-02-25 19:46:11,863 75393 INFO wsi_2026 odoo.models.unlink: User #1 deleted ir.ui.view records with IDs: [554, 553] 
2026-02-25 19:46:11,870 75393 INFO wsi_2026 odoo.addons.base.models.ir_model: Deleting ir.actions.act_window(185, 184) 
2026-02-25 19:46:11,881 75393 INFO wsi_2026 odoo.models.unlink: User #1 deleted ir.model.data records with IDs: [23653, 23654] 
2026-02-25 19:46:11,882 75393 INFO wsi_2026 odoo.models.unlink: User #1 deleted ir.actions.act_window records with IDs: [185, 184] 
2026-02-25 19:46:11,890 75393 INFO wsi_2026 odoo.addons.base.models.ir_model: Deleting ir.ui.view(552, 551, 550, 549) 
2026-02-25 19:46:11,900 75393 INFO wsi_2026 odoo.models.unlink: User #1 deleted ir.model.data records with IDs: [23651, 23649, 23650, 23652] 
2026-02-25 19:46:11,901 75393 INFO wsi_2026 odoo.models.unlink: User #1 deleted ir.ui.view records with IDs: [552, 551, 550, 549] 
2026-02-25 19:46:11,909 75393 INFO wsi_2026 odoo.addons.base.models.ir_model: Deleting ir.actions.act_window(183,) 
2026-02-25 19:46:11,918 75393 INFO wsi_2026 odoo.models.unlink: User #1 deleted ir.model.data records with IDs: [23648] 
2026-02-25 19:46:11,919 75393 INFO wsi_2026 odoo.models.unlink: User #1 deleted ir.actions.act_window records with IDs: [183] 
2026-02-25 19:46:11,926 75393 INFO wsi_2026 odoo.addons.base.models.ir_model: Deleting ir.ui.view(548, 547) 
2026-02-25 19:46:11,935 75393 INFO wsi_2026 odoo.models.unlink: User #1 deleted ir.model.data records with IDs: [23647, 23646] 
2026-02-25 19:46:11,936 75393 INFO wsi_2026 odoo.models.unlink: User #1 deleted ir.ui.view records with IDs: [548, 547] 
2026-02-25 19:46:11,942 75393 INFO wsi_2026 odoo.addons.base.models.ir_model: Deleting ir.actions.act_window(182,) 
2026-02-25 19:46:11,952 75393 INFO wsi_2026 odoo.models.unlink: User #1 deleted ir.model.data records with IDs: [23645] 
2026-02-25 19:46:11,953 75393 INFO wsi_2026 odoo.models.unlink: User #1 deleted ir.actions.act_window records with IDs: [182] 
2026-02-25 19:46:11,960 75393 INFO wsi_2026 odoo.addons.base.models.ir_model: Deleting ir.ui.view(546, 545) 
2026-02-25 19:46:11,968 75393 INFO wsi_2026 odoo.models.unlink: User #1 deleted ir.model.data records with IDs: [23644, 23643] 
2026-02-25 19:46:11,968 75393 INFO wsi_2026 odoo.models.unlink: User #1 deleted ir.ui.view records with IDs: [546, 545] 
2026-02-25 19:46:11,975 75393 INFO wsi_2026 odoo.addons.base.models.ir_model: Deleting ir.actions.act_window(181,) 
2026-02-25 19:46:11,984 75393 INFO wsi_2026 odoo.models.unlink: User #1 deleted ir.model.data records with IDs: [23642] 
2026-02-25 19:46:11,985 75393 INFO wsi_2026 odoo.models.unlink: User #1 deleted ir.actions.act_window records with IDs: [181] 
2026-02-25 19:46:11,991 75393 INFO wsi_2026 odoo.addons.base.models.ir_model: Deleting ir.ui.view(544, 543) 
2026-02-25 19:46:12,002 75393 INFO wsi_2026 odoo.models.unlink: User #1 deleted ir.model.data records with IDs: [23640, 23641] 
2026-02-25 19:46:12,004 75393 INFO wsi_2026 odoo.models.unlink: User #1 deleted ir.ui.view records with IDs: [544, 543] 
2026-02-25 19:46:12,014 75393 INFO wsi_2026 odoo.addons.base.models.ir_model: Deleting ir.actions.act_window(180,) 
2026-02-25 19:46:12,034 75393 INFO wsi_2026 odoo.models.unlink: User #1 deleted ir.model.data records with IDs: [23639] 
2026-02-25 19:46:12,037 75393 INFO wsi_2026 odoo.models.unlink: User #1 deleted ir.actions.act_window records with IDs: [180] 
2026-02-25 19:46:12,047 75393 INFO wsi_2026 odoo.addons.base.models.ir_model: Deleting ir.ui.view(542, 541, 540, 539) 
2026-02-25 19:46:12,057 75393 INFO wsi_2026 odoo.models.unlink: User #1 deleted ir.model.data records with IDs: [23636, 23635, 23637, 23638] 
2026-02-25 19:46:12,058 75393 INFO wsi_2026 odoo.models.unlink: User #1 deleted ir.ui.view records with IDs: [542, 541, 540, 539] 
2026-02-25 19:46:12,065 75393 INFO wsi_2026 odoo.addons.base.models.ir_model: Deleting ir.actions.act_window(179,) 
2026-02-25 19:46:12,074 75393 INFO wsi_2026 odoo.models.unlink: User #1 deleted ir.model.data records with IDs: [23634] 
2026-02-25 19:46:12,075 75393 INFO wsi_2026 odoo.models.unlink: User #1 deleted ir.actions.act_window records with IDs: [179] 
2026-02-25 19:46:12,082 75393 INFO wsi_2026 odoo.addons.base.models.ir_model: Deleting ir.actions.act_window.view(26, 25) 
2026-02-25 19:46:12,090 75393 INFO wsi_2026 odoo.models.unlink: User #1 deleted ir.model.data records with IDs: [23633, 23632] 
2026-02-25 19:46:12,090 75393 INFO wsi_2026 odoo.models.unlink: User #1 deleted ir.actions.act_window.view records with IDs: [26, 25] 
2026-02-25 19:46:12,097 75393 INFO wsi_2026 odoo.addons.base.models.ir_model: Deleting ir.actions.act_window(178,) 
2026-02-25 19:46:12,106 75393 INFO wsi_2026 odoo.models.unlink: User #1 deleted ir.model.data records with IDs: [23631] 
2026-02-25 19:46:12,107 75393 INFO wsi_2026 odoo.models.unlink: User #1 deleted ir.actions.act_window records with IDs: [178] 
2026-02-25 19:46:12,113 75393 INFO wsi_2026 odoo.addons.base.models.ir_model: Deleting ir.ui.view(538, 537, 536, 535, 534) 
2026-02-25 19:46:12,124 75393 INFO wsi_2026 odoo.models.unlink: User #1 deleted ir.model.data records with IDs: [23627, 23628, 23629, 23630, 23626] 
2026-02-25 19:46:12,125 75393 INFO wsi_2026 odoo.models.unlink: User #1 deleted ir.ui.view records with IDs: [538, 537, 536, 535, 534] 
2026-02-25 19:46:12,132 75393 INFO wsi_2026 odoo.addons.base.models.ir_model: Deleting ir.actions.act_window(177,) 
2026-02-25 19:46:12,142 75393 INFO wsi_2026 odoo.models.unlink: User #1 deleted ir.model.data records with IDs: [23625] 
2026-02-25 19:46:12,143 75393 INFO wsi_2026 odoo.models.unlink: User #1 deleted ir.actions.act_window records with IDs: [177] 
2026-02-25 19:46:12,150 75393 INFO wsi_2026 odoo.addons.base.models.ir_model: Deleting ir.ui.view(533, 532, 531) 
2026-02-25 19:46:12,159 75393 INFO wsi_2026 odoo.models.unlink: User #1 deleted ir.model.data records with IDs: [23622, 23623, 23624] 
2026-02-25 19:46:12,160 75393 INFO wsi_2026 odoo.models.unlink: User #1 deleted ir.ui.view records with IDs: [533, 532, 531] 
2026-02-25 19:46:12,167 75393 INFO wsi_2026 odoo.addons.base.models.ir_model: Deleting ir.actions.act_window(176,) 
2026-02-25 19:46:12,178 75393 INFO wsi_2026 odoo.models.unlink: User #1 deleted ir.model.data records with IDs: [23621] 
2026-02-25 19:46:12,179 75393 INFO wsi_2026 odoo.models.unlink: User #1 deleted ir.actions.act_window records with IDs: [176] 
2026-02-25 19:46:12,188 75393 INFO wsi_2026 odoo.addons.base.models.ir_model: Deleting ir.ui.view(530,) 
2026-02-25 19:46:12,198 75393 INFO wsi_2026 odoo.models.unlink: User #1 deleted ir.model.data records with IDs: [23620] 
2026-02-25 19:46:12,200 75393 INFO wsi_2026 odoo.models.unlink: User #1 deleted ir.ui.view records with IDs: [530] 
2026-02-25 19:46:12,207 75393 INFO wsi_2026 odoo.addons.base.models.ir_model: Deleting report.paperformat(4,) 
2026-02-25 19:46:12,215 75393 INFO wsi_2026 odoo.models.unlink: User #1 deleted ir.model.data records with IDs: [23619] 
2026-02-25 19:46:12,216 75393 INFO wsi_2026 odoo.models.unlink: User #1 deleted report.paperformat records with IDs: [4] 
2026-02-25 19:46:12,223 75393 INFO wsi_2026 odoo.addons.base.models.ir_model: Deleting digest.tip(8,) 
2026-02-25 19:46:12,231 75393 INFO wsi_2026 odoo.models.unlink: User #1 deleted ir.model.data records with IDs: [23618] 
2026-02-25 19:46:12,232 75393 INFO wsi_2026 odoo.models.unlink: User #1 deleted digest.tip records with IDs: [8] 
2026-02-25 19:46:12,240 75393 INFO wsi_2026 odoo.addons.base.models.ir_model: Deleting ir.model.access(309, 308, 307, 306, 305, 304, 303, 302, 301, 300, 299, 298, 297, 296, 295, 294, 293, 292, 291, 290, 289, 288, 287, 286, 285, 284) 
2026-02-25 19:46:12,250 75393 INFO wsi_2026 odoo.models.unlink: User #1 deleted ir.model.data records with IDs: [23603, 23604, 23609, 23599, 23598, 23608, 23602, 23593, 23592, 23596, 23597, 23595, 23594, 23601, 23600, 23614, 23617, 23616, 23615, 23610, 23611, 23605, 23607, 23606, 23612, 23613] 
2026-02-25 19:46:12,251 75393 INFO wsi_2026 odoo.models.unlink: User #1 deleted ir.model.access records with IDs: [309, 308, 307, 306, 305, 304, 303, 302, 301, 300, 299, 298, 297, 296, 295, 294, 293, 292, 291, 290, 289, 288, 287, 286, 285, 284] 
2026-02-25 19:46:12,258 75393 INFO wsi_2026 odoo.addons.base.models.ir_model: Deleting ir.rule(87, 86, 85, 84, 83, 82, 81, 80, 79, 78, 77, 76, 75) 
2026-02-25 19:46:12,268 75393 INFO wsi_2026 odoo.models.unlink: User #1 deleted ir.model.data records with IDs: [23580, 23579, 23581, 23582, 23589, 23590, 23585, 23588, 23591, 23584, 23583, 23586, 23587] 
2026-02-25 19:46:12,269 75393 INFO wsi_2026 odoo.models.unlink: User #1 deleted ir.rule records with IDs: [87, 86, 85, 84, 83, 82, 81, 80, 79, 78, 77, 76, 75] 
2026-02-25 19:46:12,276 75393 INFO wsi_2026 odoo.addons.base.models.ir_model: Deleting res.groups(18, 17) 
2026-02-25 19:46:12,303 75393 INFO wsi_2026 odoo.models.unlink: User #1 deleted ir.model.data records with IDs: [23578, 23577] 
2026-02-25 19:46:12,304 75393 INFO wsi_2026 odoo.models.unlink: User #1 deleted res.groups records with IDs: [18, 17] 
2026-02-25 19:46:12,314 75393 INFO wsi_2026 odoo.addons.base.models.ir_model: Deleting res.groups.privilege(4,) 
2026-02-25 19:46:12,321 75393 INFO wsi_2026 odoo.models.unlink: User #1 deleted ir.model.data records with IDs: [23576] 
2026-02-25 19:46:12,322 75393 INFO wsi_2026 odoo.models.unlink: User #1 deleted res.groups.privilege records with IDs: [4] 
2026-02-25 19:46:12,330 75393 INFO wsi_2026 odoo.addons.base.models.ir_model: Deleting ir.model.inherit(99, 97, 96, 95, 94, 93, 90) 
2026-02-25 19:46:12,338 75393 INFO wsi_2026 odoo.models.unlink: User #1 deleted ir.model.data records with IDs: [23421, 23415, 23416, 23413, 23412, 23414, 23406] 
2026-02-25 19:46:12,339 75393 INFO wsi_2026 odoo.models.unlink: User #1 deleted ir.model.inherit records with IDs: [99, 97, 96, 95, 94, 93, 90] 
2026-02-25 19:46:12,351 75393 INFO wsi_2026 odoo.addons.base.models.ir_model: Deleting ir.model.constraint(925, 924, 923, 879, 878, 866, 786, 785, 784, 783, 782, 781, 780) 
2026-02-25 19:46:12,359 75393 INFO wsi_2026 odoo.addons.base.models.ir_model: Dropped CONSTRAINT hr_attendance_overtime_rule_timing_stop_is_hour@hr.attendance.overtime.rule 
2026-02-25 19:46:12,361 75393 INFO wsi_2026 odoo.addons.base.models.ir_model: Dropped CONSTRAINT hr_attendance_overtime_rule_timing_start_is_hour@hr.attendance.overtime.rule 
2026-02-25 19:46:12,364 75393 INFO wsi_2026 odoo.addons.base.models.ir_model: Dropped CONSTRAINT hr_attendance_overtime_line_overtime_start_before_end@hr.attendance.overtime.line 
2026-02-25 19:46:12,366 75393 INFO wsi_2026 odoo.addons.base.models.ir_model: Dropped CONSTRAINT hr_skill_level_check_level_progress@hr.skill.level 
2026-02-25 19:46:12,368 75393 INFO wsi_2026 odoo.addons.base.models.ir_model: Dropped CONSTRAINT hr_resume_line_date_check@hr.resume.line 
2026-02-25 19:46:12,370 75393 INFO wsi_2026 odoo.addons.base.models.ir_model: Dropped CONSTRAINT hr_employee_location_uniq_exceptional_per_day@hr.employee.location 
2026-02-25 19:46:12,371 75393 INFO wsi_2026 odoo.addons.base.models.ir_model: Dropped CONSTRAINT hr_employee_category_name_uniq@hr.employee.category 
2026-02-25 19:46:12,373 75393 INFO wsi_2026 odoo.addons.base.models.ir_model: Dropped CONSTRAINT hr_employee_user_uniq@hr.employee 
2026-02-25 19:46:12,375 75393 INFO wsi_2026 odoo.addons.base.models.ir_model: Dropped CONSTRAINT hr_employee_barcode_uniq@hr.employee 
2026-02-25 19:46:12,376 75393 INFO wsi_2026 odoo.addons.base.models.ir_model: Dropped INDEX hr_version_check_unique_date_version@hr.version 
2026-02-25 19:46:12,378 75393 INFO wsi_2026 odoo.addons.base.models.ir_model: Dropped CONSTRAINT hr_version_check_contract_start_date_defined@hr.version 
2026-02-25 19:46:12,379 75393 INFO wsi_2026 odoo.addons.base.models.ir_model: Dropped CONSTRAINT hr_job_no_of_recruitment_positive@hr.job 
2026-02-25 19:46:12,381 75393 INFO wsi_2026 odoo.addons.base.models.ir_model: Dropped CONSTRAINT hr_job_name_company_uniq@hr.job 
2026-02-25 19:46:12,392 75393 INFO wsi_2026 odoo.models.unlink: User #1 deleted ir.model.data records with IDs: [23395, 23397, 23396, 23391, 23392, 23393, 23394, 26024, 26025, 26026, 24485, 24816, 24817] 
2026-02-25 19:46:12,393 75393 INFO wsi_2026 odoo.models.unlink: User #1 deleted ir.model.constraint records with IDs: [925, 924, 923, 879, 878, 866, 786, 785, 784, 783, 782, 781, 780] 
2026-02-25 19:46:12,405 75393 INFO wsi_2026 odoo.addons.base.models.ir_model: Deleting ir.model.fields.selection(1232, 1231, 1230, 1229, 1228, 1227, 1226, 1225, 1224, 1223, 1222, 1221, 1220, 1219, 1218, 1217, 1216, 1215, 1214, 1213, 1212, 1211, 1210, 1209, 1208, 1207, 1206, 1205, 1204, 1203, 1202, 1201, 1200, 1199, 1198, 1187, 1186, 1185, 1184, 1183, 1182, 1181, 1180, 1179, 1178, 1177, 1171, 1170, 1169, 1168, 1167, 1166, 1165, 1164, 1163, 1162, 1161, 1160, 1159, 1158, 1157, 1156, 1150, 1149, 1148, 1147, 1146, 1145, 1144, 1143, 1142, 1141, 1140) 
2026-02-25 19:46:12,415 75393 INFO wsi_2026 odoo.addons.base.models.ir_model: Deleting ir.model.fields.selection(1232, 1231, 1230, 1229, 1228, 1227, 1226, 1225, 1224, 1223, 1222, 1221, 1220, 1219, 1218, 1217, 1216, 1215, 1214, 1213, 1212, 1211, 1210, 1209, 1208, 1207, 1206, 1205, 1204, 1203, 1202, 1201, 1200, 1199, 1198, 1187) 
2026-02-25 19:46:12,432 75393 INFO wsi_2026 odoo.models.unlink: User #1 deleted ir.model.data records with IDs: [25921, 25923, 25922, 25924, 25929, 25925, 25927, 25926, 25928, 25919, 25920, 25918, 25931, 25932, 25930, 25933, 25934, 25939, 25940, 25937, 25936, 25938, 25935, 25941, 25942, 25964, 25963, 26001, 26000, 25999, 25996, 25997, 25998, 26003, 26002, 24813] 
2026-02-25 19:46:12,433 75393 INFO wsi_2026 odoo.models.unlink: User #1 deleted ir.model.fields.selection records with IDs: [1232, 1231, 1230, 1229, 1228, 1227, 1226, 1225, 1224, 1223, 1222, 1221, 1220, 1219, 1218, 1217, 1216, 1215, 1214, 1213, 1212, 1211, 1210, 1209, 1208, 1207, 1206, 1205, 1204, 1203, 1202, 1201, 1200, 1199, 1198, 1187] 
2026-02-25 19:46:12,441 75393 INFO wsi_2026 odoo.addons.base.models.ir_model: Deleting ir.model.fields.selection(1186, 1185, 1184, 1183, 1182, 1181, 1180, 1179, 1178, 1177, 1171, 1170, 1169, 1168, 1167, 1166, 1165, 1164, 1163, 1162, 1161, 1160, 1159, 1158, 1157, 1156, 1150, 1149, 1148, 1147, 1146, 1145, 1144, 1143, 1142, 1141, 1140) 
2026-02-25 19:46:12,448 75393 INFO wsi_2026 odoo.addons.base.models.ir_model: Deleting ir.model.fields.selection(1186, 1185, 1184, 1183, 1182, 1181, 1180, 1179, 1178, 1177, 1171, 1170, 1169, 1168, 1167, 1166, 1165, 1164) 
2026-02-25 19:46:12,455 75393 INFO wsi_2026 odoo.addons.base.models.ir_model: Deleting ir.model.fields.selection(1186, 1185, 1184, 1183, 1182, 1181, 1180, 1179, 1178) 
2026-02-25 19:46:12,462 75393 INFO wsi_2026 odoo.addons.base.models.ir_model: Deleting ir.model.fields.selection(1186, 1185, 1184, 1183) 
2026-02-25 19:46:12,467 75393 INFO wsi_2026 odoo.addons.base.models.ir_model: Deleting ir.model.fields.selection(1186, 1185) 
2026-02-25 19:46:12,477 75393 INFO wsi_2026 odoo.models.unlink: User #1 deleted ir.model.data records with IDs: [23845, 23846] 
2026-02-25 19:46:12,478 75393 INFO wsi_2026 odoo.models.unlink: User #1 deleted ir.model.fields.selection records with IDs: [1186, 1185] 
2026-02-25 19:46:12,485 75393 INFO wsi_2026 odoo.addons.base.models.ir_model: Deleting ir.model.fields.selection(1184, 1183) 
2026-02-25 19:46:12,490 75393 INFO wsi_2026 odoo.addons.base.models.ir_model: Deleting ir.model.fields.selection(1184,) 
2026-02-25 19:46:12,499 75393 INFO wsi_2026 odoo.models.unlink: User #1 deleted ir.model.data records with IDs: [23844] 
2026-02-25 19:46:12,500 75393 INFO wsi_2026 odoo.models.unlink: User #1 deleted ir.model.fields.selection records with IDs: [1184] 
2026-02-25 19:46:12,506 75393 INFO wsi_2026 odoo.addons.base.models.ir_model: Deleting ir.model.fields.selection(1183,) 
2026-02-25 19:46:12,518 75393 INFO wsi_2026 odoo.models.unlink: User #1 deleted ir.model.data records with IDs: [22274] 
2026-02-25 19:46:12,519 75393 INFO wsi_2026 odoo.models.unlink: User #1 deleted ir.model.fields.selection records with IDs: [1183] 
2026-02-25 19:46:12,525 75393 INFO wsi_2026 odoo.addons.base.models.ir_model: Deleting ir.model.fields.selection(1182, 1181, 1180, 1179, 1178) 
2026-02-25 19:46:12,531 75393 INFO wsi_2026 odoo.addons.base.models.ir_model: Deleting ir.model.fields.selection(1182, 1181) 
2026-02-25 19:46:12,543 75393 INFO wsi_2026 odoo.models.unlink: User #1 deleted ir.model.data records with IDs: [22270, 22269] 
2026-02-25 19:46:12,544 75393 INFO wsi_2026 odoo.models.unlink: User #1 deleted ir.model.fields.selection records with IDs: [1182, 1181] 
2026-02-25 19:46:12,551 75393 INFO wsi_2026 odoo.addons.base.models.ir_model: Deleting ir.model.fields.selection(1180, 1179, 1178) 
2026-02-25 19:46:12,558 75393 INFO wsi_2026 odoo.addons.base.models.ir_model: Deleting ir.model.fields.selection(1180,) 
2026-02-25 19:46:12,570 75393 INFO wsi_2026 odoo.models.unlink: User #1 deleted ir.model.data records with IDs: [22268] 
2026-02-25 19:46:12,571 75393 INFO wsi_2026 odoo.models.unlink: User #1 deleted ir.model.fields.selection records with IDs: [1180] 
2026-02-25 19:46:12,578 75393 INFO wsi_2026 odoo.addons.base.models.ir_model: Deleting ir.model.fields.selection(1179, 1178) 
2026-02-25 19:46:12,589 75393 INFO wsi_2026 odoo.models.unlink: User #1 deleted ir.model.data records with IDs: [22259, 22260] 
2026-02-25 19:46:12,590 75393 INFO wsi_2026 odoo.models.unlink: User #1 deleted ir.model.fields.selection records with IDs: [1179, 1178] 
2026-02-25 19:46:12,597 75393 INFO wsi_2026 odoo.addons.base.models.ir_model: Deleting ir.model.fields.selection(1177, 1171, 1170, 1169, 1168, 1167, 1166, 1165, 1164) 
2026-02-25 19:46:12,610 75393 INFO wsi_2026 odoo.models.unlink: User #1 deleted ir.model.data records with IDs: [22245, 22246, 22247, 22248, 22250, 22251, 22252, 22249, 22258] 
2026-02-25 19:46:12,611 75393 INFO wsi_2026 odoo.models.unlink: User #1 deleted ir.model.fields.selection records with IDs: [1177, 1171, 1170, 1169, 1168, 1167, 1166, 1165, 1164] 
2026-02-25 19:46:12,618 75393 INFO wsi_2026 odoo.addons.base.models.ir_model: Deleting ir.model.fields.selection(1163, 1162, 1161, 1160, 1159, 1158, 1157, 1156, 1150, 1149, 1148, 1147, 1146, 1145, 1144, 1143, 1142, 1141, 1140) 
2026-02-25 19:46:12,635 75393 INFO wsi_2026 odoo.models.unlink: User #1 deleted ir.model.data records with IDs: [22243, 22244, 22242, 22241, 22238, 22239, 22240, 22237, 22224, 22225, 22230, 22226, 22231, 22228, 22229, 22227, 22222, 22221, 22223] 
2026-02-25 19:46:12,636 75393 INFO wsi_2026 odoo.models.unlink: User #1 deleted ir.model.fields.selection records with IDs: [1163, 1162, 1161, 1160, 1159, 1158, 1157, 1156, 1150, 1149, 1148, 1147, 1146, 1145, 1144, 1143, 1142, 1141, 1140] 
2026-02-25 19:46:12,676 75393 INFO wsi_2026 odoo.addons.base.models.ir_model: Deleting ir.model.fields(4480, 4479, 4478, 4330, 3620, 4471, 4470, 4469, 4468, 4467, 4466, 4465, 4464, 4463, 4462, 4461, 4460, 4459, 4458, 4457, 4456, 4455, 4454, 4453, 4452, 4451, 4450, 4449, 4448, 4447, 4446, 4445, 4444, 4443, 4442, 4441, 4440, 4439, 4438, 4437, 4436, 4435, 4434, 4433, 4432, 4431, 4430, 4425, 4424, 4423, 4422, 4421, 4420, 4419, 4418, 4417, 4411, 4410, 4409, 4408, 4407, 4406, 4405, 4404, 4403, 4402, 4401, 4400, 4399, 4398, 4397, 4396, 4395, 4394, 4393, 4387, 4386, 4385, 4384, 4383, 4382, 4381, 4380, 4379, 4378, 4377, 4376, 4370, 4369, 4368, 4367, 4366, 4365, 4364, 4363, 4362, 4361, 4360, 4359, 4358, 4357, 4356, 4355, 4354, 4353, 4352, 4351, 4350, 4349, 4348, 4347, 4346, 4345, 4344, 4343, 4342, 4341, 4340, 4339, 4338, 4337, 4336, 4335, 4334, 4333, 4332, 4331, 4328, 4327, 4326, 4325, 4324, 4323, 4322, 4321, 4320, 4319, 4318, 4317, 4316, 4315, 3796, 3520, 4269, 4268, 4267, 4266, 4265, 4264, 4263, 4262, 4261, 4259, 4258, 4257, 4256, 4255, 4254, 4253, 4252, 4251, 4250, 4249, 4247, 4246, 4245, 4244, 4243, 4242, 4240, 4238, 4237, 4236, 4235, 4234, 4233, 4232, 4231, 4230, 4229, 4227, 4222, 4221, 4220, 4219, 4218, 4217, 4216, 4215, 4214, 4208, 4207, 4206, 4205, 4204, 4203, 4197, 4196, 4195, 4194, 4193, 4192, 4191, 4190, 4189, 4188, 4187, 4186, 4185, 4179, 4178, 4177, 4176, 4175, 4174, 4173, 4172, 4171, 4170, 4169, 4168, 4167, 4165, 4164, 4163, 4162, 4161, 4160, 4159, 4158, 4157, 4156, 4155, 4154, 4148, 4147, 4146, 4145, 4144, 4138, 4137, 4136, 4135, 4134, 4128, 4127, 4126, 4125, 4124, 4123, 4122, 4121, 4120, 4119, 4118, 4117, 4116, 4115, 4114, 4113, 4112, 4111, 4109, 4108, 4107, 4106, 4105, 4104, 4103, 4102, 4101, 4100, 4099, 4098, 4097, 4096, 3488, 4095, 4094, 4093, 4092, 4091, 4090, 4089, 4088, 4087, 4086, 4085, 4084, 4083, 4082, 4081, 4080, 4079, 4078, 4077, 4076, 4075, 4074, 4073, 4072, 4071, 4070, 4069, 4068, 4067, 4066, 4065, 4064, 4063, 4062, 4057, 4056, 4055, 4054, 4053, 4052, 4051, 4050, 3906, 3673, 4048, 4047, 4046, 4040, 4039, 4038, 4032, 4031, 4030, 4029, 4028, 4027, 4026, 4025, 4024, 4018, 4017, 4015, 4014, 4009, 4008, 4007, 4006, 4005, 4004, 4003, 4002, 4000, 3999, 3998, 3997, 3996, 3995, 3994, 3993, 3991, 3990, 3989, 3988, 3987, 3986, 3985, 3984, 3983, 3982, 3981, 3980, 3979, 3978, 3977, 3975, 3974, 3973, 3972, 3971, 3970, 3969, 3968, 3967, 3966, 3964, 3963, 3962, 3961, 3960, 3959, 3958, 3957, 3955, 3954, 3953, 3952, 3951, 3950, 3949, 3948, 3947, 3946, 3945, 3944, 3943, 3942, 3941, 3940, 3939, 3938, 3937, 3936, 3935, 3934, 3933, 3932, 3931, 3930, 3929, 3928, 3927, 3926, 3925, 3924, 3923, 3922, 3921, 3920, 3919, 3918, 3917, 3912, 3911, 3910, 3909, 3908, 3907, 3900, 3899, 3898, 3897, 3896, 3890, 3889, 3888, 3887, 3886, 3885, 3884, 3883, 3882, 3881, 3880, 3879, 3878, 3877, 3876, 3875, 3874, 3873, 3872, 3871, 3870, 3869, 3868, 3867, 3866, 3865, 3864, 3863, 3862, 3861, 3860, 3859, 3858, 3857, 3856, 3855, 3854, 3853, 3852, 3851, 3846, 3845, 3844, 3843, 3842, 3841, 3840, 3839, 3838, 3837, 3836, 3835, 3834, 3833, 3832, 3831, 3830, 3829, 3828, 3827, 3826, 3825, 3824, 3823, 3822, 3821, 3820, 3819, 3818, 3817, 3816, 3815, 3814, 3813, 3812, 3811, 3810, 3809, 3808, 3807, 3806, 3805, 3804, 3803, 3802, 3801, 3800, 3799, 3798, 3790, 3789, 3788, 3787, 3785, 3783, 3782, 3781, 3780, 3779, 3778, 3777, 3776, 3775, 3774, 3773, 3772, 3771, 3770, 3769, 3768, 3767, 3766, 3765, 3764, 3763, 3762, 3761, 3760, 3759, 3758, 3757, 3756, 3755, 3754, 3753, 3752, 3751, 3750, 3749, 3748, 3747, 3746, 3745, 3744, 3743, 3742, 3741, 3736, 3735, 3734, 3733, 3732, 3731, 3730, 3729, 3728, 3727, 3726, 3725, 3724, 3723, 3722, 3721, 3720, 3719, 3718, 3717, 3716, 3715, 3714, 3713, 3712, 3711, 3710, 3709, 3708, 3707, 3706, 3705, 3704, 3703, 3702, 3701, 3700, 3699, 3698, 3697, 3696, 3695, 3694, 3693, 3692, 3691, 3690, 3689, 3688, 3687, 3686, 3685, 3684, 3683, 3682, 3681, 3680, 3679, 3678, 3677, 3676, 3675, 3674, 3672, 3671, 3670, 3669, 3668, 3667, 3666, 3665, 3664, 3663, 3662, 3661, 3660, 3659, 3658, 3657, 3656, 3655, 3654, 3653, 3652, 3651, 3650, 3649, 3648, 3647, 3646, 3645, 3644, 3643, 3642, 3641, 3640, 3639, 3638, 3637, 3636, 3635, 3634, 3633, 3632, 3631, 3630, 3629, 3628, 3627, 3626, 3625, 3624, 3623, 3622, 3621, 3614, 3613, 3612, 3611, 3610, 3604, 3603, 3602, 3601, 3600, 3599, 3598, 3597, 3596, 3595, 3594, 3593, 3592, 3591, 3590, 3589, 3588, 3587, 3586, 3585, 3584, 3583, 3582, 3581, 3580, 3579, 3578, 3577, 3576, 3575, 3574, 3573, 3572, 3571, 3570, 3569, 3568, 3567, 3566, 3565, 3564, 3563, 3562, 3561, 3560, 3559, 3558, 3557, 3556, 3555, 3554, 3553, 3552, 3551, 3550, 3549, 3548, 3547, 3546, 3545, 3544, 3543, 3542, 3541, 3540, 3539, 3538, 3537, 3536, 3535, 3534, 3533, 3532, 3531, 3530, 3529, 3528, 3527, 3526, 3525, 3524, 3523, 3522, 3521, 3514, 3513, 3512, 3511, 3510, 3509, 3508, 3507, 3506, 3505, 3504, 3503, 3502, 3501, 3500, 3499, 3498, 3497, 3496, 3495, 3494, 3493, 3492, 3491, 3490, 3489, 3482, 3481, 3480, 3479, 3478) 
2026-02-25 19:46:14,424 75393 INFO wsi_2026 odoo.models.unlink: User #1 deleted ir.model.data records with IDs: [2156, 22090, 22207, 22205, 22206, 22194, 22195, 22196, 22193, 22191, 22199, 22197, 22198, 22192, 21783, 21785, 21781, 21782, 21784, 22047, 22028, 22031, 22032, 22023, 22024, 22030, 22027, 22026, 22025, 22050, 22059, 22048, 22046, 22022, 22037, 22053, 22055, 22051, 22061, 22052, 22042, 22034, 22040, 22041, 22044, 22036, 22033, 22038, 22039, 22035, 22029, 22045, 22058, 22049, 22060, 22056, 22057, 22054, 22043, 22071, 22070, 22067, 22069, 22068, 22172, 22171, 22170, 22169, 22173, 22174, 22175, 22176, 21847, 21950, 21811, 21814, 21815, 21806, 21807, 21813, 21810, 21809, 21808, 21953, 21942, 21925, 21798, 21801, 21797, 21800, 21799, 21864, 21900, 21861, 21862, 21863, 21898, 21876, 21896, 21935, 21897, 21899, 21849, 21848, 21803, 21884, 21883, 21949, 21894, 21886, 21952, 21916, 21860, 21905, 21831, 21830, 21888, 21887, 21913, 21937, 21946, 21945, 21944, 21791, 21929, 21931, 21903, 21840, 21879, 21880, 21912, 21907, 21936, 21820, 21867, 21873, 21844, 21841, 21954, 21902, 21917, 21839, 21793, 21796, 21792, 21795, 21794, 21889, 21941, 21947, 21948, 21891, 21892, 21890, 21865, 21855, 21939, 21940, 21930, 21858, 21842, 21843, 21915, 21914, 21854, 21932, 21938, 21825, 21817, 21823, 21824, 21827, 21819, 21816, 21828, 21821, 21822, 21818, 21851, 21812, 21834, 21846, 21895, 21920, 21919, 21869, 21838, 21901, 21859, 21866, 21904, 21924, 21928, 21857, 21856, 21926, 21922, 21923, 21927, 21906, 21804, 21802, 21868, 21921, 21837, 21845, 21934, 21933, 21918, 21893, 21877, 21878, 21885, 21805, 21835, 21836, 21829, 21832, 21833, 21871, 21870, 21951, 21826, 21853, 21852, 21943, 21881, 21882, 21872, 21875, 21874, 21850, 21960, 21958, 21961, 21959, 21970, 21976, 22009, 22012, 22008, 22011, 22010, 22016, 22002, 22014, 21991, 21975, 21998, 21971, 21967, 21983, 22001, 21993, 21992, 21982, 22004, 22007, 22003, 22006, 22005, 21999, 22000, 21973, 21974, 21995, 21996, 21972, 21977, 21969, 22017, 22013, 21981, 21997, 21989, 21980, 21994, 21990, 21988, 22015, 21984, 21979, 21985, 21986, 21987, 21978, 21672, 21682, 21684, 21685, 21683, 21679, 21659, 21678, 21675, 21664, 21669, 21661, 21667, 21668, 21671, 21663, 21660, 21665, 21666, 21662, 21673, 21676, 21677, 21680, 21674, 21681, 21670, 22213, 22214, 22215, 21956, 21653, 21652, 21651, 21649, 21650, 21717, 21767, 21697, 21700, 21701, 21692, 21693, 21699, 21696, 21695, 21694, 21774, 21747, 21730, 21740, 21771, 21714, 21757, 21756, 21765, 21773, 21770, 21772, 21721, 21768, 21760, 21759, 21718, 21742, 21751, 21750, 21749, 21691, 21734, 21736, 21715, 21741, 21706, 21775, 21722, 21761, 21746, 21753, 21754, 21763, 21764, 21762, 21744, 21745, 21735, 21720, 21719, 21737, 21743, 21711, 21703, 21709, 21710, 21713, 21705, 21702, 21707, 21708, 21704, 21698, 21716, 21725, 21724, 21729, 21733, 21731, 21727, 21728, 21732, 21752, 21726, 21739, 21738, 21723, 21766, 21758, 21755, 21769, 21712, 21748, 22185, 22184, 22078, 22082, 22080, 22077, 22083, 22081, 22079, 22089, 22088, 22181, 22182, 22143, 22138, 22142, 22140, 22136, 22141, 22137, 22139, 22144, 22100, 22095, 22098, 22096, 22099, 22094, 22097, 22092, 22093, 22091, 22101, 22145, 22146, 22150, 22152, 22153, 22154, 22151, 22147, 22148, 22149, 22158, 22159, 22155, 22156, 22157, 22126, 22130, 22108, 22131, 22132, 22123, 22124, 21627, 22122, 22128, 22103, 22102, 22129, 22135, 22134, 22133, 22104, 22121, 22106, 22127, 22115, 22118, 22120, 22119, 22116, 22113, 22114, 22117, 22125, 22109, 22107, 22110, 22111, 22112, 22105, 22162, 22160, 22167, 22161, 22166, 22164, 22163, 22165, 25788, 25790, 25791, 25794, 25792, 25786, 25811, 25772, 25785, 25810, 25777, 25802, 25801, 25798, 25800, 25799, 25803, 25789, 25812, 25787, 25782, 25774, 25780, 25781, 25784, 25776, 25773, 25778, 25779, 25775, 25808, 25807, 25804, 25806, 25805, 25809, 25795, 25796, 25797, 25783, 25793, 25827, 25820, 25821, 25818, 25823, 25819, 25828, 25824, 25829, 25822, 25825, 25826, 25850, 25838, 25848, 25837, 25835, 25851, 25852, 25844, 25842, 25853, 25836, 25849, 25845, 25843, 25847, 25846, 25840, 25841, 25839, 25867, 25863, 25864, 25861, 25859, 25860, 25865, 25862, 25866, 25873, 25872, 25877, 25886, 25754, 25878, 25883, 25879, 25881, 25880, 25874, 25882, 25875, 25876, 25884, 25887, 25885, 25894, 25888, 25897, 25756, 25890, 25891, 25889, 25892, 25895, 25896, 25893, 25752, 25898, 25912, 25903, 25913, 25908, 25904, 25905, 25902, 25906, 25907, 25909, 25910, 25911, 25901, 25899, 25900, 25769, 25761, 25770, 25765, 25762, 25760, 25763, 25764, 25766, 25767, 25768, 25759, 25757, 25758, 23787, 23813, 23810, 23788, 23806, 23811, 23812, 23809, 23814, 23807, 23808, 23800, 23801, 23794, 23798, 23799, 23795, 23796, 23797, 23790, 23819, 23815, 23820, 23821, 23818, 23822, 23816, 23817, 23792, 23827, 23823, 23828, 23829, 23826, 23824, 23825, 24529, 24531, 24530, 24526, 24533, 24532, 24534, 24536, 24535, 24528, 24538, 24537, 24615, 24613, 24616, 24608, 24612, 24611, 24614, 24753, 24747, 24748, 24744, 24745, 24746, 24752, 24749, 24751, 24750, 24783, 24784, 24778, 24779, 24776, 24777, 24781, 24782, 24780, 24620, 24619, 24621, 24610, 24618, 24617, 24691, 24687, 24682, 24693, 24694, 24692, 24686, 24690, 24683, 24684, 24685, 24688, 24689, 24759, 24757, 24758, 24762, 24760, 24761, 24774, 24767, 24768, 24764, 24765, 24766, 24769, 24773, 24770, 24772, 24771, 24678, 24674, 24669, 24680, 24679, 24673, 24677, 24670, 24671, 24672, 24675, 24676, 24623, 24606, 24622, 24624, 24709, 24705, 24700, 24711, 24710, 24712, 24704, 24708, 24701, 24702, 24703, 24706, 24707, 24628, 24642, 24641, 24639, 24629, 24638, 24633, 24632, 24630, 24635, 24626, 24634, 24627, 24640, 24637, 24636, 24631, 24643, 24649, 24652, 24650, 24653, 24651, 24663, 24659, 24660, 24661, 24662, 24722, 24718, 24721, 24720, 24719, 24723, 24730, 24735, 24729, 24737, 24736, 24732, 24731, 24733, 24734, 24755, 24742, 26247, 26250, 26245, 26248, 26249] 
2026-02-25 19:46:14,427 75393 INFO wsi_2026 odoo.models.unlink: User #1 deleted ir.model.fields records with IDs: [4480, 4479, 4478, 4330, 3620, 4471, 4470, 4469, 4468, 4467, 4466, 4465, 4464, 4463, 4462, 4461, 4460, 4459, 4458, 4457, 4456, 4455, 4454, 4453, 4452, 4451, 4450, 4449, 4448, 4447, 4446, 4445, 4444, 4443, 4442, 4441, 4440, 4439, 4438, 4437, 4436, 4435, 4434, 4433, 4432, 4431, 4430, 4425, 4424, 4423, 4422, 4421, 4420, 4419, 4418, 4417, 4411, 4410, 4409, 4408, 4407, 4406, 4405, 4404, 4403, 4402, 4401, 4400, 4399, 4398, 4397, 4396, 4395, 4394, 4393, 4387, 4386, 4385, 4384, 4383, 4382, 4381, 4380, 4379, 4378, 4377, 4376, 4370, 4369, 4368, 4367, 4366, 4365, 4364, 4363, 4362, 4361, 4360, 4359, 4358, 4357, 4356, 4355, 4354, 4353, 4352, 4351, 4350, 4349, 4348, 4347, 4346, 4345, 4344, 4343, 4342, 4341, 4340, 4339, 4338, 4337, 4336, 4335, 4334, 4333, 4332, 4331, 4328, 4327, 4326, 4325, 4324, 4323, 4322, 4321, 4320, 4319, 4318, 4317, 4316, 4315, 3796, 3520, 4269, 4268, 4267, 4266, 4265, 4264, 4263, 4262, 4261, 4259, 4258, 4257, 4256, 4255, 4254, 4253, 4252, 4251, 4250, 4249, 4247, 4246, 4245, 4244, 4243, 4242, 4240, 4238, 4237, 4236, 4235, 4234, 4233, 4232, 4231, 4230, 4229, 4227, 4222, 4221, 4220, 4219, 4218, 4217, 4216, 4215, 4214, 4208, 4207, 4206, 4205, 4204, 4203, 4197, 4196, 4195, 4194, 4193, 4192, 4191, 4190, 4189, 4188, 4187, 4186, 4185, 4179, 4178, 4177, 4176, 4175, 4174, 4173, 4172, 4171, 4170, 4169, 4168, 4167, 4165, 4164, 4163, 4162, 4161, 4160, 4159, 4158, 4157, 4156, 4155, 4154, 4148, 4147, 4146, 4145, 4144, 4138, 4137, 4136, 4135, 4134, 4128, 4127, 4126, 4125, 4124, 4123, 4122, 4121, 4120, 4119, 4118, 4117, 4116, 4115, 4114, 4113, 4112, 4111, 4109, 4108, 4107, 4106, 4105, 4104, 4103, 4102, 4101, 4100, 4099, 4098, 4097, 4096, 3488, 4095, 4094, 4093, 4092, 4091, 4090, 4089, 4088, 4087, 4086, 4085, 4084, 4083, 4082, 4081, 4080, 4079, 4078, 4077, 4076, 4075, 4074, 4073, 4072, 4071, 4070, 4069, 4068, 4067, 4066, 4065, 4064, 4063, 4062, 4057, 4056, 4055, 4054, 4053, 4052, 4051, 4050, 3906, 3673, 4048, 4047, 4046, 4040, 4039, 4038, 4032, 4031, 4030, 4029, 4028, 4027, 4026, 4025, 4024, 4018, 4017, 4015, 4014, 4009, 4008, 4007, 4006, 4005, 4004, 4003, 4002, 4000, 3999, 3998, 3997, 3996, 3995, 3994, 3993, 3991, 3990, 3989, 3988, 3987, 3986, 3985, 3984, 3983, 3982, 3981, 3980, 3979, 3978, 3977, 3975, 3974, 3973, 3972, 3971, 3970, 3969, 3968, 3967, 3966, 3964, 3963, 3962, 3961, 3960, 3959, 3958, 3957, 3955, 3954, 3953, 3952, 3951, 3950, 3949, 3948, 3947, 3946, 3945, 3944, 3943, 3942, 3941, 3940, 3939, 3938, 3937, 3936, 3935, 3934, 3933, 3932, 3931, 3930, 3929, 3928, 3927, 3926, 3925, 3924, 3923, 3922, 3921, 3920, 3919, 3918, 3917, 3912, 3911, 3910, 3909, 3908, 3907, 3900, 3899, 3898, 3897, 3896, 3890, 3889, 3888, 3887, 3886, 3885, 3884, 3883, 3882, 3881, 3880, 3879, 3878, 3877, 3876, 3875, 3874, 3873, 3872, 3871, 3870, 3869, 3868, 3867, 3866, 3865, 3864, 3863, 3862, 3861, 3860, 3859, 3858, 3857, 3856, 3855, 3854, 3853, 3852, 3851, 3846, 3845, 3844, 3843, 3842, 3841, 3840, 3839, 3838, 3837, 3836, 3835, 3834, 3833, 3832, 3831, 3830, 3829, 3828, 3827, 3826, 3825, 3824, 3823, 3822, 3821, 3820, 3819, 3818, 3817, 3816, 3815, 3814, 3813, 3812, 3811, 3810, 3809, 3808, 3807, 3806, 3805, 3804, 3803, 3802, 3801, 3800, 3799, 3798, 3790, 3789, 3788, 3787, 3785, 3783, 3782, 3781, 3780, 3779, 3778, 3777, 3776, 3775, 3774, 3773, 3772, 3771, 3770, 3769, 3768, 3767, 3766, 3765, 3764, 3763, 3762, 3761, 3760, 3759, 3758, 3757, 3756, 3755, 3754, 3753, 3752, 3751, 3750, 3749, 3748, 3747, 3746, 3745, 3744, 3743, 3742, 3741, 3736, 3735, 3734, 3733, 3732, 3731, 3730, 3729, 3728, 3727, 3726, 3725, 3724, 3723, 3722, 3721, 3720, 3719, 3718, 3717, 3716, 3715, 3714, 3713, 3712, 3711, 3710, 3709, 3708, 3707, 3706, 3705, 3704, 3703, 3702, 3701, 3700, 3699, 3698, 3697, 3696, 3695, 3694, 3693, 3692, 3691, 3690, 3689, 3688, 3687, 3686, 3685, 3684, 3683, 3682, 3681, 3680, 3679, 3678, 3677, 3676, 3675, 3674, 3672, 3671, 3670, 3669, 3668, 3667, 3666, 3665, 3664, 3663, 3662, 3661, 3660, 3659, 3658, 3657, 3656, 3655, 3654, 3653, 3652, 3651, 3650, 3649, 3648, 3647, 3646, 3645, 3644, 3643, 3642, 3641, 3640, 3639, 3638, 3637, 3636, 3635, 3634, 3633, 3632, 3631, 3630, 3629, 3628, 3627, 3626, 3625, 3624, 3623, 3622, 3621, 3614, 3613, 3612, 3611, 3610, 3604, 3603, 3602, 3601, 3600, 3599, 3598, 3597, 3596, 3595, 3594, 3593, 3592, 3591, 3590, 3589, 3588, 3587, 3586, 3585, 3584, 3583, 3582, 3581, 3580, 3579, 3578, 3577, 3576, 3575, 3574, 3573, 3572, 3571, 3570, 3569, 3568, 3567, 3566, 3565, 3564, 3563, 3562, 3561, 3560, 3559, 3558, 3557, 3556, 3555, 3554, 3553, 3552, 3551, 3550, 3549, 3548, 3547, 3546, 3545, 3544, 3543, 3542, 3541, 3540, 3539, 3538, 3537, 3536, 3535, 3534, 3533, 3532, 3531, 3530, 3529, 3528, 3527, 3526, 3525, 3524, 3523, 3522, 3521, 3514, 3513, 3512, 3511, 3510, 3509, 3508, 3507, 3506, 3505, 3504, 3503, 3502, 3501, 3500, 3499, 3498, 3497, 3496, 3495, 3494, 3493, 3492, 3491, 3490, 3489, 3482, 3481, 3480, 3479, 3478, 1323] 
2026-02-25 19:46:14,449 75393 INFO wsi_2026 odoo.models.unlink: User #1 deleted ir.model.relation records with IDs: [55, 56, 57, 58, 59, 60, 61, 62] 
2026-02-25 19:46:14,456 75393 INFO wsi_2026 odoo.addons.base.models.ir_model: Dropped table hr_attendance_overtime_line_hr_attendance_overtime_rule_rel 
2026-02-25 19:46:14,458 75393 INFO wsi_2026 odoo.addons.base.models.ir_model: Dropped table hr_employee_hr_employee_cv_wizard_rel 
2026-02-25 19:46:14,459 75393 INFO wsi_2026 odoo.addons.base.models.ir_model: Dropped table hr_job_hr_skill_rel 
2026-02-25 19:46:14,461 75393 INFO wsi_2026 odoo.addons.base.models.ir_model: Dropped table hr_employee_hr_skill_rel 
2026-02-25 19:46:14,463 75393 INFO wsi_2026 odoo.addons.base.models.ir_model: Dropped table hr_departure_wizard_hr_employee_rel 
2026-02-25 19:46:14,464 75393 INFO wsi_2026 odoo.addons.base.models.ir_model: Dropped table discuss_channel_hr_department_rel 
2026-02-25 19:46:14,466 75393 INFO wsi_2026 odoo.addons.base.models.ir_model: Dropped table employee_category_rel 
2026-02-25 19:46:14,467 75393 INFO wsi_2026 odoo.addons.base.models.ir_model: Dropped table employee_bank_account_rel 
2026-02-25 19:46:14,472 75393 INFO wsi_2026 odoo.addons.base.models.ir_model: Deleting ir.model(429, 398, 432, 431, 430, 401, 396, 423, 422, 421, 420, 419, 418, 417, 416, 415, 414, 413, 412, 411, 395, 410, 404, 409, 408, 407, 406, 405, 403, 402, 400, 399, 397, 394) 
2026-02-25 19:46:14,723 75393 INFO wsi_2026 odoo.models.unlink: User #1 deleted ir.model.data records with IDs: [21611, 21610, 21600, 21605, 21606, 21608, 21601, 21603, 21604, 21598, 21612, 21602, 21597, 21599, 21609, 21607, 25739, 25740, 25741, 25742, 25737, 25738, 25736, 23778, 23781, 23779, 23780, 24523, 24524, 24588, 24598, 24602, 24589, 24594, 24600, 24601, 24593, 24587, 24595, 24590, 24591, 24592, 24596, 24597, 24599, 26243, 26242] 
2026-02-25 19:46:14,724 75393 INFO wsi_2026 odoo.models.unlink: User #1 deleted ir.model records with IDs: [429, 398, 432, 431, 430, 401, 396, 423, 422, 421, 420, 419, 418, 417, 416, 415, 414, 413, 412, 411, 395, 410, 404, 409, 408, 407, 406, 405, 403, 402, 400, 399, 397, 394] 
2026-02-25 19:46:14,733 75393 INFO wsi_2026 odoo.addons.base.models.ir_model: ir.model.data could not be deleted ([]) 
2026-02-25 19:46:14,825 75393 INFO wsi_2026 odoo.models.unlink: User #1 deleted ir.model.data records with IDs: [26394, 26393, 26392, 26391, 26390, 26389, 26388, 26387, 26386, 26385, 26384, 26383, 26382, 26381, 26380, 26379, 26378, 26377, 26376, 26375, 26374, 26373, 26371, 26370, 26366, 26365, 26363, 26361, 26360, 26359, 26358, 26357, 26356, 26350, 26349, 26348, 26347, 26346, 26345, 26344, 26343, 26342, 26334, 26333, 26332, 26317, 26316, 26315, 26314, 26313, 26312, 26311, 26310, 26309, 26308, 26307, 26306, 26305, 26304, 26303, 26302, 26301, 26300, 26299, 26250, 26249, 26248, 26247, 26246, 26245, 26244, 26243, 26242, 26125, 26124, 26123, 26122, 26121, 26120, 26119, 26118, 26117, 26116, 26115, 26114, 26113, 26112, 26111, 26110, 26109, 26108, 26107, 26106, 26105, 26104, 26103, 26102, 26101, 26100, 26099, 26098, 26097, 26096, 26095, 26094, 26093, 26092, 26091, 26090, 26089, 26088, 26087, 26086, 26085, 26084, 26083, 26082, 26081, 26080, 26079, 26078, 26077, 26076, 26075, 26074, 26073, 26072, 26071, 26070, 26069, 26068, 26067, 26066, 26065, 26064, 26063, 26062, 26061, 26059, 26058, 26057, 26056, 26055, 26054, 26053, 26052, 26051, 26030, 26026, 26025, 26024, 26003, 26002, 26001, 26000, 25999, 25998, 25997, 25996, 25964, 25963, 25942, 25941, 25940, 25939, 25938, 25937, 25936, 25935, 25934, 25933, 25932, 25931, 25930, 25929, 25928, 25927, 25926, 25925, 25924, 25923, 25922, 25921, 25920, 25919, 25918, 25913, 25912, 25911, 25910, 25909, 25908, 25907, 25906, 25905, 25904, 25903, 25902, 25901, 25900, 25899, 25898, 25897, 25896, 25895, 25894, 25893, 25892, 25891, 25890, 25889, 25888, 25887, 25886, 25885, 25884, 25883, 25882, 25881, 25880, 25879, 25878, 25877, 25876, 25875, 25874, 25873, 25872, 25871, 25870, 25869, 25868, 25867, 25866, 25865, 25864, 25863, 25862, 25861, 25860, 25859, 25858, 25857, 25856, 25855, 25854, 25853, 25852, 25851, 25850, 25849, 25848, 25847, 25846, 25845, 25844, 25843, 25842, 25841, 25840, 25839, 25838, 25837, 25836, 25835, 25834, 25833, 25832, 25831, 25830, 25829, 25828, 25827, 25826, 25825, 25824, 25823, 25822, 25821, 25820, 25819, 25818, 25817, 25816, 25815, 25814, 25813, 25812, 25811, 25810, 25809, 25808, 25807, 25806, 25805, 25804, 25803, 25802, 25801, 25800, 25799, 25798, 25797, 25796, 25795, 25794, 25793, 25792, 25791, 25790, 25789, 25788, 25787, 25786, 25785, 25784, 25783, 25782, 25781, 25780, 25779, 25778, 25777, 25776, 25775, 25774, 25773, 25772, 25771, 25770, 25769, 25768, 25767, 25766, 25765, 25764, 25763, 25762, 25761, 25760, 25759, 25758, 25757, 25756, 25755, 25754, 25753, 25752, 25751, 25750, 25749, 25748, 25747, 25746, 25745, 25744, 25743, 25742, 25741, 25740, 25739, 25738, 25737, 25736, 25735, 25734, 25733, 25732, 24984, 24983, 24982, 24981, 24980, 24979, 24978, 24977, 24976, 24975, 24974, 24973, 24972, 24971, 24970, 24969, 24968, 24967, 24966, 24965, 24964, 24963, 24962, 24961, 24960, 24959, 24958, 24957, 24956, 24955, 24954, 24953, 24952, 24951, 24950, 24949, 24948, 24947, 24946, 24945, 24944, 24943, 24942, 24941, 24940, 24939, 24938, 24937, 24936, 24935, 24934, 24933, 24932, 24931, 24930, 24929, 24928, 24927, 24926, 24925, 24924, 24923, 24922, 24921, 24920, 24919, 24918, 24917, 24916, 24915, 24914, 24913, 24912, 24911, 24910, 24909, 24908, 24907, 24906, 24905, 24904, 24903, 24902, 24901, 24900, 24899, 24898, 24897, 24896, 24895, 24894, 24893, 24892, 24891, 24890, 24889, 24888, 24887, 24886, 24885, 24884, 24883, 24882, 24881, 24880, 24879, 24878, 24877, 24876, 24875, 24874, 24873, 24872, 24871, 24870, 24869, 24868, 24867, 24866, 24865, 24864, 24863, 24862, 24861, 24860, 24859, 24858, 24857, 24856, 24855, 24854, 24853, 24852, 24851, 24850, 24849, 24848, 24847, 24846, 24845, 24844, 24843, 24842, 24841, 24840, 24839, 24838, 24837, 24836, 24835, 24834, 24833, 24832, 24817, 24816, 24813, 24788, 24787, 24786, 24785, 24784, 24783, 24782, 24781, 24780, 24779, 24778, 24777, 24776, 24775, 24774, 24773, 24772, 24771, 24770, 24769, 24768, 24767, 24766, 24765, 24764, 24763, 24762, 24761, 24760, 24759, 24758, 24757, 24756, 24755, 24754, 24753, 24752, 24751, 24750, 24749, 24748, 24747, 24746, 24745, 24744, 24743, 24742, 24741, 24740, 24739, 24738, 24737, 24736, 24735, 24734, 24733, 24732, 24731, 24730, 24729, 24728, 24727, 24726, 24725, 24724, 24723, 24722, 24721, 24720, 24719, 24718, 24717, 24716, 24715, 24714, 24713, 24712, 24711, 24710, 24709, 24708, 24707, 24706, 24705, 24704, 24703, 24702, 24701, 24700, 24699, 24698, 24697, 24696, 24695, 24694, 24693, 24692, 24691, 24690, 24689, 24688, 24687, 24686, 24685, 24684, 24683, 24682, 24681, 24680, 24679, 24678, 24677, 24676, 24675, 24674, 24673, 24672, 24671, 24670, 24669, 24668, 24667, 24666, 24665, 24664, 24663, 24662, 24661, 24660, 24659, 24658, 24657, 24656, 24655, 24654, 24653, 24652, 24651, 24650, 24649, 24648, 24647, 24646, 24645, 24644, 24643, 24642, 24641, 24640, 24639, 24638, 24637, 24636, 24635, 24634, 24633, 24632, 24631, 24630, 24629, 24628, 24627, 24626, 24625, 24624, 24623, 24622, 24621, 24620, 24619, 24618, 24617, 24616, 24615, 24614, 24613, 24612, 24611, 24610, 24609, 24608, 24607, 24606, 24605, 24604, 24603, 24602, 24601, 24600, 24599, 24598, 24597, 24596, 24595, 24594, 24593, 24592, 24591, 24590, 24589, 24588, 24587, 24586, 24585, 24584, 24583, 24582, 24581, 24580, 24579, 24578, 24577, 24576, 24575, 24574, 24573, 24538, 24537, 24536, 24535, 24534, 24533, 24532, 24531, 24530, 24529, 24528, 24527, 24526, 24525, 24524, 24523, 24522, 24521, 24520, 24519, 24518, 24517, 24516, 24515, 24514, 24485, 23846, 23845, 23844, 23829, 23828, 23827, 23826, 23825, 23824, 23823, 23822, 23821, 23820, 23819, 23818, 23817, 23816, 23815, 23814, 23813, 23812, 23811, 23810, 23809, 23808, 23807, 23806, 23805, 23804, 23803, 23802, 23801, 23800, 23799, 23798, 23797, 23796, 23795, 23794, 23793, 23792, 23791, 23790, 23789, 23788, 23787, 23786, 23785, 23784, 23783, 23782, 23781, 23780, 23779, 23778, 23777, 23776, 23775, 23774, 23773, 23772, 23771, 23770, 23769, 23768, 23767, 23766, 23765, 23764, 23763, 23762, 23761, 23760, 23759, 23758, 23757, 23756, 23755, 23754, 23753, 23752, 23751, 23750, 23749, 23748, 23747, 23746, 23745, 23744, 23743, 23742, 23741, 23740, 23739, 23738, 23737, 23736, 23735, 23734, 23733, 23732, 23731, 23730, 23729, 23728, 23727, 23726, 23725, 23724, 23723, 23722, 23721, 23720, 23719, 23718, 23717, 23716, 23715, 23714, 23713, 23712, 23711, 23710, 23709, 23708, 23707, 23706, 23705, 23704, 23703, 23702, 23701, 23700, 23699, 23698, 23697, 23696, 23695, 23694, 23693, 23692, 23691, 23690, 23689, 23688, 23687, 23686, 23685, 23684, 23683, 23682, 23681, 23680, 23679, 23678, 23677, 23676, 23675, 23674, 23673, 23672, 23671, 23670, 23669, 23668, 23667, 23666, 23665, 23664, 23663, 23662, 23661, 23660, 23659, 23658, 23657, 23656, 23655, 23654, 23653, 23652, 23651, 23650, 23649, 23648, 23647, 23646, 23645, 23644, 23643, 23642, 23641, 23640, 23639, 23638, 23637, 23636, 23635, 23634, 23633, 23632, 23631, 23630, 23629, 23628, 23627, 23626, 23625, 23624, 23623, 23622, 23621, 23620, 23619, 23618, 23617, 23616, 23615, 23614, 23613, 23612, 23611, 23610, 23609, 23608, 23607, 23606, 23605, 23604, 23603, 23602, 23601, 23600, 23599, 23598, 23597, 23596, 23595, 23594, 23593, 23592, 23591, 23590, 23589, 23588, 23587, 23586, 23585, 23584, 23583, 23582, 23581, 23580, 23579, 23578, 23577, 23576, 23421, 23420, 23416, 23415, 23414, 23413, 23412, 23406, 23405, 23401, 23397, 23396, 23395, 23394, 23393, 23392, 23391, 22274, 22270, 22269, 22268, 22260, 22259, 22258, 22252, 22251, 22250, 22249, 22248, 22247, 22246, 22245, 22244, 22243, 22242, 22241, 22240, 22239, 22238, 22237, 22231, 22230, 22229, 22228, 22227, 22226, 22225, 22224, 22223, 22222, 22221, 22215, 22214, 22213, 22212, 22211, 22210, 22209, 22208, 22207, 22206, 22205, 22204, 22203, 22202, 22201, 22200, 22199, 22198, 22197, 22196, 22195, 22194, 22193, 22192, 22191, 22190, 22189, 22188, 22187, 22186, 22185, 22184, 22183, 22182, 22181, 22180, 22179, 22178, 22177, 22176, 22175, 22174, 22173, 22172, 22171, 22170, 22169, 22168, 22167, 22166, 22165, 22164, 22163, 22162, 22161, 22160, 22159, 22158, 22157, 22156, 22155, 22154, 22153, 22152, 22151, 22150, 22149, 22148, 22147, 22146, 22145, 22144, 22143, 22142, 22141, 22140, 22139, 22138, 22137, 22136, 22135, 22134, 22133, 22132, 22131, 22130, 22129, 22128, 22127, 22126, 22125, 22124, 22123, 22122, 22121, 22120, 22119, 22118, 22117, 22116, 22115, 22114, 22113, 22112, 22111, 22110, 22109, 22108, 22107, 22106, 22105, 22104, 22103, 22102, 22101, 22100, 22099, 22098, 22097, 22096, 22095, 22094, 22093, 22092, 22091, 22090, 22089, 22088, 22087, 22086, 22085, 22084, 22083, 22082, 22081, 22080, 22079, 22078, 22077, 22076, 22075, 22074, 22073, 22072, 22071, 22070, 22069, 22068, 22067, 22066, 22065, 22064, 22063, 22062, 22061, 22060, 22059, 22058, 22057, 22056, 22055, 22054, 22053, 22052, 22051, 22050, 22049, 22048, 22047, 22046, 22045, 22044, 22043, 22042, 22041, 22040, 22039, 22038, 22037, 22036, 22035, 22034, 22033, 22032, 22031, 22030, 22029, 22028, 22027, 22026, 22025, 22024, 22023, 22022, 22021, 22020, 22019, 22018, 22017, 22016, 22015, 22014, 22013, 22012, 22011, 22010, 22009, 22008, 22007, 22006, 22005, 22004, 22003, 22002, 22001, 22000, 21999, 21998, 21997, 21996, 21995, 21994, 21993, 21992, 21991, 21990, 21989, 21988, 21987, 21986, 21985, 21984, 21983, 21982, 21981, 21980, 21979, 21978, 21977, 21976, 21975, 21974, 21973, 21972, 21971, 21970, 21969, 21968, 21967, 21966, 21965, 21964, 21963, 21962, 21961, 21960, 21959, 21958, 21957, 21956, 21955, 21954, 21953, 21952, 21951, 21950, 21949, 21948, 21947, 21946, 21945, 21944, 21943, 21942, 21941, 21940, 21939, 21938, 21937, 21936, 21935, 21934, 21933, 21932, 21931, 21930, 21929, 21928, 21927, 21926, 21925, 21924, 21923, 21922, 21921, 21920, 21919, 21918, 21917, 21916, 21915, 21914, 21913, 21912, 21911, 21910, 21909, 21908, 21907, 21906, 21905, 21904, 21903, 21902, 21901, 21900, 21899, 21898, 21897, 21896, 21895, 21894, 21893, 21892, 21891, 21890, 21889, 21888, 21887, 21886, 21885, 21884, 21883, 21882, 21881, 21880, 21879, 21878, 21877, 21876, 21875, 21874, 21873, 21872, 21871, 21870, 21869, 21868, 21867, 21866, 21865, 21864, 21863, 21862, 21861, 21860, 21859, 21858, 21857, 21856, 21855, 21854, 21853, 21852, 21851, 21850, 21849, 21848, 21847, 21846, 21845, 21844, 21843, 21842, 21841, 21840, 21839, 21838, 21837, 21836, 21835, 21834, 21833, 21832, 21831, 21830, 21829, 21828, 21827, 21826, 21825, 21824, 21823, 21822, 21821, 21820, 21819, 21818, 21817, 21816, 21815, 21814, 21813, 21812, 21811, 21810, 21809, 21808, 21807, 21806, 21805, 21804, 21803, 21802, 21801, 21800, 21799, 21798, 21797, 21796, 21795, 21794, 21793, 21792, 21791, 21790, 21789, 21788, 21787, 21786, 21785, 21784, 21783, 21782, 21781, 21780, 21779, 21778, 21777, 21776, 21775, 21774, 21773, 21772, 21771, 21770, 21769, 21768, 21767, 21766, 21765, 21764, 21763, 21762, 21761, 21760, 21759, 21758, 21757, 21756, 21755, 21754, 21753, 21752, 21751, 21750, 21749, 21748, 21747, 21746, 21745, 21744, 21743, 21742, 21741, 21740, 21739, 21738, 21737, 21736, 21735, 21734, 21733, 21732, 21731, 21730, 21729, 21728, 21727, 21726, 21725, 21724, 21723, 21722, 21721, 21720, 21719, 21718, 21717, 21716, 21715, 21714, 21713, 21712, 21711, 21710, 21709, 21708, 21707, 21706, 21705, 21704, 21703, 21702, 21701, 21700, 21699, 21698, 21697, 21696, 21695, 21694, 21693, 21692, 21691, 21690, 21689, 21688, 21687, 21686, 21685, 21684, 21683, 21682, 21681, 21680, 21679, 21678, 21677, 21676, 21675, 21674, 21673, 21672, 21671, 21670, 21669, 21668, 21667, 21666, 21665, 21664, 21663, 21662, 21661, 21660, 21659, 21658, 21657, 21656, 21655, 21654, 21653, 21652, 21651, 21650, 21649, 21648, 21647, 21646, 21645, 21644, 21643, 21642, 21641, 21640, 21639, 21638, 21637, 21636, 21635, 21634, 21633, 21632, 21631, 21630, 21629, 21628, 21627, 21626, 21625, 21624, 21623, 21622, 21621, 21620, 21619, 21618, 21617, 21616, 21615, 21614, 21613, 21612, 21611, 21610, 21609, 21608, 21607, 21606, 21605, 21604, 21603, 21602, 21601, 21600, 21599, 21598, 21597, 21596, 21595, 21594, 21593, 21592, 21591, 21590, 21589, 21588, 21587, 21586, 21585, 21584, 21583, 21582] 
2026-02-25 19:46:14,864 75393 INFO wsi_2026 odoo.modules.loading: Reloading registry once more after uninstalling modules 
2026-02-25 19:46:14,892 75393 INFO wsi_2026 odoo.modules.loading: loading 1 modules... 
2026-02-25 19:46:14,898 75393 INFO wsi_2026 odoo.modules.loading: 1 modules loaded in 0.01s, 0 queries (+0 extra) 
2026-02-25 19:46:14,935 75393 INFO wsi_2026 odoo.modules.loading: updating modules list 
2026-02-25 19:46:14,937 75393 INFO wsi_2026 odoo.addons.base.models.ir_module: ALLOW access to module.update_list on [] to user __system__ #1 via 127.0.0.1 
2026-02-25 19:46:16,328 75393 INFO wsi_2026 odoo.modules.loading: loading 37 modules... 
2026-02-25 19:46:16,354 75393 INFO wsi_2026 odoo.modules.loading: 37 modules loaded in 0.03s, 0 queries (+0 extra) 
2026-02-25 19:46:16,527 75393 INFO wsi_2026 odoo.registry: verifying fields for every extended model 
2026-02-25 19:46:17,053 75393 INFO wsi_2026 odoo.modules.loading: Modules loaded. 
2026-02-25 19:46:17,071 75393 INFO wsi_2026 odoo.registry: Registry changed, signaling through the database 
2026-02-25 19:46:17,073 75393 INFO wsi_2026 odoo.registry: Registry loaded in 2.209s 
2026-02-25 19:46:17,073 75393 INFO wsi_2026 odoo.registry: Registry changed, signaling through the database 
2026-02-25 19:46:17,076 75393 INFO wsi_2026 odoo.registry: Registry loaded in 10.911s 
2026-02-25 19:46:17,076 75393 INFO wsi_2026 odoo.addons.base.models.ir_module: getting next ir.actions.todo() 
2026-02-25 19:46:17,090 75393 INFO wsi_2026 werkzeug: 127.0.0.1 - - [25/Feb/2026 19:46:17] "POST /web/dataset/call_button/base.module.uninstall/action_uninstall#base.module.uninstall.action_uninstall HTTP/1.1" 200 - 8976 7.060 3.958
2026-02-25 19:46:17,108 75393 INFO wsi_2026 odoo.addons.base.models.ir_http: Generating routing map for key None 
2026-02-25 19:46:17,899 75393 INFO wsi_2026 werkzeug: 127.0.0.1 - - [25/Feb/2026 19:46:17] "GET /odoo HTTP/1.1" 200 - 82 0.087 0.708
2026-02-25 19:46:18,176 75393 INFO wsi_2026 werkzeug: 127.0.0.1 - - [25/Feb/2026 19:46:18] "GET /web/manifest.webmanifest HTTP/1.1" 200 - 12 0.064 0.135
2026-02-25 19:46:18,236 75393 INFO wsi_2026 werkzeug: 127.0.0.1 - - [25/Feb/2026 19:46:18] "GET /web/webclient/load_menus HTTP/1.1" 200 - 13 0.066 0.198
2026-02-25 19:46:20,671 75393 INFO wsi_2026 odoo.addons.base.models.assetsbundle: Generating a new asset bundle attachment /web/assets/8252f6e/web.assets_web.min.css (id:104) 
2026-02-25 19:46:20,673 75393 INFO wsi_2026 odoo.addons.base.models.assetsbundle: Deleting attachments [99] (matching /web/assets/_______/web.assets_web.min.css) because it was replaced with /web/assets/8252f6e/web.assets_web.min.css 
2026-02-25 19:46:20,706 75393 INFO wsi_2026 werkzeug: 127.0.0.1 - - [25/Feb/2026 19:46:20] "GET /web/assets/8252f6e/web.assets_web.min.css HTTP/1.1" 200 - 16 0.131 2.616
2026-02-25 19:46:22,871 75393 INFO wsi_2026 odoo.addons.base.models.assetsbundle: Generating a new asset bundle attachment /web/assets/5cdd6fe/web.assets_web_print.min.css (id:105) 
2026-02-25 19:46:22,889 75393 INFO wsi_2026 odoo.addons.base.models.assetsbundle: Deleting attachments [100] (matching /web/assets/_______/web.assets_web_print.min.css) because it was replaced with /web/assets/5cdd6fe/web.assets_web_print.min.css 
2026-02-25 19:46:22,929 75393 INFO wsi_2026 werkzeug: 127.0.0.1 - - [25/Feb/2026 19:46:22] "GET /web/assets/5cdd6fe/web.assets_web_print.min.css HTTP/1.1" 200 - 10 0.087 2.123
2026-02-25 19:46:27,126 75393 INFO wsi_2026 odoo.addons.base.models.assetsbundle: Generating a new asset bundle attachment /web/assets/23897d1/web.assets_web.min.js (id:106) 
2026-02-25 19:46:27,128 75393 INFO wsi_2026 odoo.addons.base.models.assetsbundle: Deleting attachments [101] (matching /web/assets/_______/web.assets_web.min.js) because it was replaced with /web/assets/23897d1/web.assets_web.min.js 
2026-02-25 19:46:27,155 75393 INFO wsi_2026 werkzeug: 127.0.0.1 - - [25/Feb/2026 19:46:27] "GET /web/assets/23897d1/web.assets_web.min.js HTTP/1.1" 200 - 13 0.075 9.135
2026-02-25 19:46:27,528 75393 INFO wsi_2026 werkzeug: 127.0.0.1 - - [25/Feb/2026 19:46:27] "GET /web/webclient/translations?hash=&lang=en_US HTTP/1.1" 200 - 2 0.005 0.009
2026-02-25 19:46:27,573 75393 INFO wsi_2026 werkzeug: 127.0.0.1 - - [25/Feb/2026 19:46:27] "GET /web/bundle/web_tour.interactive?lang=en_US&debug=1 HTTP/1.1" 200 - 3 0.008 0.020
2026-02-25 19:46:27,574 75393 INFO wsi_2026 werkzeug: 127.0.0.1 - - [25/Feb/2026 19:46:27] "GET /bus/websocket_worker_bundle?v=19.0-2 HTTP/1.1" 304 - 4 0.013 0.015
2026-02-25 19:46:27,732 75393 INFO wsi_2026 werkzeug: 127.0.0.1 - - [25/Feb/2026 19:46:27] "GET /websocket?version=19.0-2 HTTP/1.1" 101 - 1 0.002 0.022
2026-02-25 19:46:27,739 75393 INFO wsi_2026 werkzeug: 127.0.0.1 - - [25/Feb/2026 19:46:27] "POST /web/action/load HTTP/1.1" 200 - 6 0.019 0.030
2026-02-25 19:46:27,772 75393 INFO wsi_2026 werkzeug: 127.0.0.1 - - [25/Feb/2026 19:46:27] "GET /web/image/res.partner/3/avatar_128?unique=1772023566000 HTTP/1.1" 200 - 14 0.037 0.039
2026-02-25 19:46:27,776 75393 INFO wsi_2026 werkzeug: 127.0.0.1 - - [25/Feb/2026 19:46:27] "GET /web/image?model=res.users&field=avatar_128&id=2 HTTP/1.1" 304 - 15 0.042 0.027
2026-02-25 19:46:27,824 75393 INFO wsi_2026 werkzeug: 127.0.0.1 - - [25/Feb/2026 19:46:27] "POST /mail/data HTTP/1.1" 200 - 27 0.073 0.044
2026-02-25 19:46:27,923 75393 INFO wsi_2026 werkzeug: 127.0.0.1 - - [25/Feb/2026 19:46:27] "POST /mail/data HTTP/1.1" 200 - 39 0.080 0.055
2026-02-25 19:46:28,121 75393 INFO wsi_2026 werkzeug: 127.0.0.1 - - [25/Feb/2026 19:46:28] "GET /web/image/res.partner/2/avatar_128?unique=1772048766000 HTTP/1.1" 200 - 6 0.015 0.029
2026-02-25 19:46:28,122 75393 INFO wsi_2026 werkzeug: 127.0.0.1 - - [25/Feb/2026 19:46:28] "GET /web/image/res.partner/3/avatar_128?unique=1772048766000 HTTP/1.1" 200 - 7 0.017 0.022
2026-02-25 19:46:28,143 75393 INFO wsi_2026 werkzeug: 127.0.0.1 - - [25/Feb/2026 19:46:28] "POST /discuss/channel/messages HTTP/1.1" 200 - 21 0.043 0.034
2026-02-25 19:46:28,199 75393 INFO wsi_2026 werkzeug: 127.0.0.1 - - [25/Feb/2026 19:46:28] "GET /web/bundle/web.assets_emoji?lang=en_US&debug=1 HTTP/1.1" 200 - 2 0.003 0.006
2026-02-25 19:46:28,466 75393 INFO wsi_2026 odoo.addons.base.models.assetsbundle: Generating a new asset bundle attachment /web/assets/1e918b7/web.assets_emoji.min.js (id:107) 
2026-02-25 19:46:28,467 75393 INFO wsi_2026 odoo.addons.base.models.assetsbundle: Deleting attachments [65] (matching /web/assets/_______/web.assets_emoji.min.js) because it was replaced with /web/assets/1e918b7/web.assets_emoji.min.js 
2026-02-25 19:46:28,481 75393 INFO wsi_2026 werkzeug: 127.0.0.1 - - [25/Feb/2026 19:46:28] "GET /web/assets/1e918b7/web.assets_emoji.min.js HTTP/1.1" 200 - 10 0.011 0.250
2026-02-25 19:46:29,762 75393 INFO wsi_2026 werkzeug: 127.0.0.1 - - [25/Feb/2026 19:46:29] "GET /web/service-worker.js HTTP/1.1" 200 - 1 0.002 0.005
2026-02-25 19:46:46,272 75393 INFO wsi_2026 werkzeug: 127.0.0.1 - - [25/Feb/2026 19:46:46] "POST /web/action/load HTTP/1.1" 200 - 10 0.017 0.026
2026-02-25 19:46:46,484 75393 INFO wsi_2026 werkzeug: 127.0.0.1 - - [25/Feb/2026 19:46:46] "POST /web/dataset/call_kw/ir.module.module/get_views#ir.module.module.get_views HTTP/1.1" 200 - 44 0.063 0.067
2026-02-25 19:46:46,506 75393 INFO wsi_2026 werkzeug: 127.0.0.1 - - [25/Feb/2026 19:46:46] "POST /web/dataset/call_kw/ir.module.module/search_panel_select_range#ir.module.module.search_panel_select_range HTTP/1.1" 200 - 1 0.003 0.006
2026-02-25 19:46:46,581 75393 INFO wsi_2026 werkzeug: 127.0.0.1 - - [25/Feb/2026 19:46:46] "POST /web/dataset/call_kw/ir.module.module/check_module_update#ir.module.module.check_module_update HTTP/1.1" 200 - 2 0.007 0.015
2026-02-25 19:46:46,623 75393 INFO wsi_2026 werkzeug: 127.0.0.1 - - [25/Feb/2026 19:46:46] "POST /web/dataset/call_kw/ir.module.module/search_panel_select_range#ir.module.module.search_panel_select_range HTTP/1.1" 200 - 44 0.089 0.036
2026-02-25 19:46:46,636 75393 INFO wsi_2026 werkzeug: 127.0.0.1 - - [25/Feb/2026 19:46:46] "POST /web/dataset/call_kw/ir.module.module/web_search_read#ir.module.module.web_search_read HTTP/1.1" 200 - 4 0.012 0.117
2026-02-25 19:46:46,746 75393 INFO wsi_2026 werkzeug: 127.0.0.1 - - [25/Feb/2026 19:46:46] "POST /web/dataset/call_kw/ir.module.module/check_module_update#ir.module.module.check_module_update HTTP/1.1" 200 - 2 0.006 0.007
2026-02-25 19:46:48,043 75393 INFO wsi_2026 werkzeug: 127.0.0.1 - - [25/Feb/2026 19:46:48] "POST /web/action/load HTTP/1.1" 200 - 9 0.009 0.011
2026-02-25 19:46:48,122 75393 INFO wsi_2026 werkzeug: 127.0.0.1 - - [25/Feb/2026 19:46:48] "POST /web/dataset/call_kw/base.module.update/get_views#base.module.update.get_views HTTP/1.1" 200 - 11 0.039 0.025
2026-02-25 19:46:48,142 75393 INFO wsi_2026 werkzeug: 127.0.0.1 - - [25/Feb/2026 19:46:48] "POST /web/dataset/call_kw/base.module.update/onchange#base.module.update.onchange HTTP/1.1" 200 - 2 0.004 0.005
2026-02-25 19:46:49,529 75393 INFO wsi_2026 werkzeug: 127.0.0.1 - - [25/Feb/2026 19:46:49] "POST /web/dataset/call_kw/base.module.update/web_save#base.module.update.web_save HTTP/1.1" 200 - 5 0.008 0.010
2026-02-25 19:46:49,544 75393 INFO wsi_2026 odoo.addons.base.models.ir_module: ALLOW access to module.update_list on [] to user info@wsi.co.id #2 via 127.0.0.1 
2026-02-25 19:46:51,175 75393 INFO wsi_2026 werkzeug: 127.0.0.1 - - [25/Feb/2026 19:46:51] "POST /web/dataset/call_button/base.module.update/update_module#base.module.update.update_module HTTP/1.1" 200 - 1572 0.755 0.884
2026-02-25 19:50:28,924 75393 INFO ? odoo.service.server: Initiating shutdown 
2026-02-25 19:50:28,930 75393 INFO ? odoo.service.server: Hit CTRL-C again or send a second signal to force the shutdown. 
2026-02-25 19:50:29,054 75393 INFO ? odoo.sql_db: ConnectionPool(read/write;used=0/count=0/max=64): Closed 8 connections  
2026-02-26 04:58:14,823 30124 WARNING ? odoo.tools.config: option addons_path, invalid addons directory 'c:\\users\\wadhi\\onedrive\\documents\\kuliah\\magang\\wisi-wise-web-odoo\\custom_addons', skipped 
2026-02-26 04:58:14,823 30124 WARNING ? odoo.tools.config: option addons_path, invalid addons directory 'c:\\users\\wadhi\\onedrive\\documents\\kuliah\\magang\\wisi-wise-web-odoo\\custom_addons', skipped 
2026-02-26 04:58:14,823 30124 WARNING ? odoo.tools.config: missing --http-interface/http_interface, using 0.0.0.0 by default, will change to 127.0.0.1 in 20.0 
2026-02-26 04:58:14,824 30124 INFO ? odoo: Odoo version 19.0 
2026-02-26 04:58:14,824 30124 INFO ? odoo: Using configuration file at c:\users\wadhi\onedrive\documents\kuliah\magang\wisi-wise-web-odoo\odoo.conf 
2026-02-26 04:58:14,824 30124 INFO ? odoo: addons paths: _NamespacePath(['C:\\Users\\wadhi\\OneDrive\\Documents\\KULIAH\\MAGANG\\wisi-wise-web-odoo\\odoo\\addons', 'C:\\Users\\wadhi\\AppData\\Local\\OpenERP S.A.\\Odoo\\addons\\19.0', 'c:\\users\\wadhi\\onedrive\\documents\\kuliah\\magang\\wisi-wise-web-odoo\\odoo\\addons', 'c:\\users\\wadhi\\onedrive\\documents\\kuliah\\magang\\wisi-wise-web-odoo\\addons']) 
2026-02-26 04:58:14,824 30124 INFO ? odoo: database: odoo@localhost:5434 
2026-02-26 04:58:18,942 30124 WARNING ? odoo.service.server: 'watchdog' module not installed. Code autoreload feature is disabled 
2026-02-26 04:58:18,955 30124 INFO ? odoo.service.server: HTTP service (werkzeug) running on LAPTOP-B7F6P6QO:8069 
2026-02-26 05:02:45,286 30124 INFO ? odoo.service.server: Initiating shutdown 
2026-02-26 05:02:45,286 30124 INFO ? odoo.service.server: Hit CTRL-C again or send a second signal to force the shutdown. 
2026-02-26 05:02:45,338 30124 INFO ? odoo.service.server: cron0 max age (0s) reached, releasing connection. 
2026-02-26 05:02:45,338 30124 INFO ? odoo.sql_db: ConnectionPool(read/write;used=0/count=0/max=64): Closed 2 connections  
2026-02-26 05:02:45,352 30124 INFO ? odoo.service.server: cron1 max age (0s) reached, releasing connection. 
2026-02-26 05:03:58,017 15864 WARNING ? odoo.tools.config: option addons_path, invalid addons directory 'c:\\users\\wadhi\\onedrive\\documents\\kuliah\\magang\\wisi-wise-web-odoo\\custom_addons', skipped 
2026-02-26 05:03:58,017 15864 WARNING ? odoo.tools.config: option addons_path, invalid addons directory 'c:\\users\\wadhi\\onedrive\\documents\\kuliah\\magang\\wisi-wise-web-odoo\\custom_addons', skipped 
2026-02-26 05:03:58,017 15864 WARNING ? odoo.tools.config: missing --http-interface/http_interface, using 0.0.0.0 by default, will change to 127.0.0.1 in 20.0 
2026-02-26 05:03:58,018 15864 INFO ? odoo: Odoo version 19.0 
2026-02-26 05:03:58,018 15864 INFO ? odoo: Using configuration file at c:\users\wadhi\onedrive\documents\kuliah\magang\wisi-wise-web-odoo\odoo.conf 
2026-02-26 05:03:58,018 15864 INFO ? odoo: addons paths: _NamespacePath(['C:\\Users\\wadhi\\OneDrive\\Documents\\KULIAH\\MAGANG\\wisi-wise-web-odoo\\odoo\\addons', 'C:\\Users\\wadhi\\AppData\\Local\\OpenERP S.A.\\Odoo\\addons\\19.0', 'c:\\users\\wadhi\\onedrive\\documents\\kuliah\\magang\\wisi-wise-web-odoo\\odoo\\addons', 'c:\\users\\wadhi\\onedrive\\documents\\kuliah\\magang\\wisi-wise-web-odoo\\addons']) 
2026-02-26 05:03:58,018 15864 INFO ? odoo: database: odoo@localhost:5434 
2026-02-26 05:03:58,633 15864 WARNING ? odoo.service.server: 'watchdog' module not installed. Code autoreload feature is disabled 
2026-02-26 05:03:58,650 15864 INFO ? odoo.service.server: HTTP service (werkzeug) running on LAPTOP-B7F6P6QO:8069 
2026-02-26 05:03:58,929 15864 INFO ? odoo.sql_db: Connection to the database failed 
2026-02-26 05:03:58,930 15864 WARNING ? odoo.http: Database or registry unusable, trying without 
Traceback (most recent call last):
  File "C:\Users\wadhi\OneDrive\Documents\KULIAH\MAGANG\wisi-wise-web-odoo\odoo\orm\registry.py", line 118, in __new__
    return cls.registries[db_name]
           ~~~~~~~~~~~~~~^^^^^^^^^
  File "C:\Users\wadhi\OneDrive\Documents\KULIAH\MAGANG\wisi-wise-web-odoo\odoo\tools\lru.py", line 57, in __getitem__
    val = self._values[key]
          ~~~~~~~~~~~~^^^^^
KeyError: 'dgb_adhikara'

During handling of the above exception, another exception occurred:

Traceback (most recent call last):
  File "C:\Users\wadhi\OneDrive\Documents\KULIAH\MAGANG\wisi-wise-web-odoo\odoo\http.py", line 2219, in _serve_db
    registry = Registry(self.db)
               ^^^^^^^^^^^^^^^^^
  File "C:\Users\wadhi\OneDrive\Documents\KULIAH\MAGANG\wisi-wise-web-odoo\odoo\orm\registry.py", line 120, in __new__
    return cls.new(db_name)
           ^^^^^^^^^^^^^^^^
  File "C:\Users\wadhi\OneDrive\Documents\KULIAH\MAGANG\wisi-wise-web-odoo\odoo\tools\func.py", line 88, in locked
    return func(inst, *args, **kwargs)
           ^^^^^^^^^^^^^^^^^^^^^^^^^^^
  File "C:\Users\wadhi\OneDrive\Documents\KULIAH\MAGANG\wisi-wise-web-odoo\odoo\orm\registry.py", line 164, in new
    registry.init(db_name)
  File "C:\Users\wadhi\OneDrive\Documents\KULIAH\MAGANG\wisi-wise-web-odoo\odoo\orm\registry.py", line 301, in init
    with closing(self.cursor()) as cr:
                 ^^^^^^^^^^^^^
  File "C:\Users\wadhi\OneDrive\Documents\KULIAH\MAGANG\wisi-wise-web-odoo\odoo\orm\registry.py", line 1168, in cursor
    return self._db.cursor()
           ^^^^^^^^^^^^^^^^^
  File "C:\Users\wadhi\OneDrive\Documents\KULIAH\MAGANG\wisi-wise-web-odoo\odoo\sql_db.py", line 763, in cursor
    return Cursor(self.__pool, self.__dbname, self.__dsn)
           ^^^^^^^^^^^^^^^^^^^^^^^^^^^^^^^^^^^^^^^^^^^^^^
  File "C:\Users\wadhi\OneDrive\Documents\KULIAH\MAGANG\wisi-wise-web-odoo\odoo\sql_db.py", line 365, in __init__
    self._cnx: PsycoConnection = pool.borrow(dsn)
                                 ^^^^^^^^^^^^^^^^
  File "C:\Users\wadhi\OneDrive\Documents\KULIAH\MAGANG\wisi-wise-web-odoo\odoo\tools\func.py", line 88, in locked
    return func(inst, *args, **kwargs)
           ^^^^^^^^^^^^^^^^^^^^^^^^^^^
  File "C:\Users\wadhi\OneDrive\Documents\KULIAH\MAGANG\wisi-wise-web-odoo\odoo\sql_db.py", line 687, in borrow
    result = psycopg2.connect(
             ^^^^^^^^^^^^^^^^^
  File "C:\Users\wadhi\OneDrive\Documents\KULIAH\MAGANG\wisi-wise-web-odoo\.venv\Lib\site-packages\psycopg2\__init__.py", line 122, in connect
    conn = _connect(dsn, connection_factory=connection_factory, **kwasync)
           ^^^^^^^^^^^^^^^^^^^^^^^^^^^^^^^^^^^^^^^^^^^^^^^^^^^^^^^^^^^^^^^
psycopg2.OperationalError: connection to server at "localhost" (::1), port 5434 failed: FATAL:  database "dgb_adhikara" does not exist

2026-02-26 05:03:58,957 15864 INFO ? werkzeug: 127.0.0.1 - - [26/Feb/2026 05:03:58] "GET /web/service-worker.js HTTP/1.1" 404 - 0 0.000 0.078
2026-02-26 05:04:06,907 15864 INFO ? odoo.sql_db: Connection to the database failed 
2026-02-26 05:04:06,908 15864 WARNING ? odoo.http: Database or registry unusable, trying without 
Traceback (most recent call last):
  File "C:\Users\wadhi\OneDrive\Documents\KULIAH\MAGANG\wisi-wise-web-odoo\odoo\orm\registry.py", line 118, in __new__
    return cls.registries[db_name]
           ~~~~~~~~~~~~~~^^^^^^^^^
  File "C:\Users\wadhi\OneDrive\Documents\KULIAH\MAGANG\wisi-wise-web-odoo\odoo\tools\lru.py", line 57, in __getitem__
    val = self._values[key]
          ~~~~~~~~~~~~^^^^^
KeyError: 'dgb_adhikara'

During handling of the above exception, another exception occurred:

Traceback (most recent call last):
  File "C:\Users\wadhi\OneDrive\Documents\KULIAH\MAGANG\wisi-wise-web-odoo\odoo\http.py", line 2219, in _serve_db
    registry = Registry(self.db)
               ^^^^^^^^^^^^^^^^^
  File "C:\Users\wadhi\OneDrive\Documents\KULIAH\MAGANG\wisi-wise-web-odoo\odoo\orm\registry.py", line 120, in __new__
    return cls.new(db_name)
           ^^^^^^^^^^^^^^^^
  File "C:\Users\wadhi\OneDrive\Documents\KULIAH\MAGANG\wisi-wise-web-odoo\odoo\tools\func.py", line 88, in locked
    return func(inst, *args, **kwargs)
           ^^^^^^^^^^^^^^^^^^^^^^^^^^^
  File "C:\Users\wadhi\OneDrive\Documents\KULIAH\MAGANG\wisi-wise-web-odoo\odoo\orm\registry.py", line 164, in new
    registry.init(db_name)
  File "C:\Users\wadhi\OneDrive\Documents\KULIAH\MAGANG\wisi-wise-web-odoo\odoo\orm\registry.py", line 301, in init
    with closing(self.cursor()) as cr:
                 ^^^^^^^^^^^^^
  File "C:\Users\wadhi\OneDrive\Documents\KULIAH\MAGANG\wisi-wise-web-odoo\odoo\orm\registry.py", line 1168, in cursor
    return self._db.cursor()
           ^^^^^^^^^^^^^^^^^
  File "C:\Users\wadhi\OneDrive\Documents\KULIAH\MAGANG\wisi-wise-web-odoo\odoo\sql_db.py", line 763, in cursor
    return Cursor(self.__pool, self.__dbname, self.__dsn)
           ^^^^^^^^^^^^^^^^^^^^^^^^^^^^^^^^^^^^^^^^^^^^^^
  File "C:\Users\wadhi\OneDrive\Documents\KULIAH\MAGANG\wisi-wise-web-odoo\odoo\sql_db.py", line 365, in __init__
    self._cnx: PsycoConnection = pool.borrow(dsn)
                                 ^^^^^^^^^^^^^^^^
  File "C:\Users\wadhi\OneDrive\Documents\KULIAH\MAGANG\wisi-wise-web-odoo\odoo\tools\func.py", line 88, in locked
    return func(inst, *args, **kwargs)
           ^^^^^^^^^^^^^^^^^^^^^^^^^^^
  File "C:\Users\wadhi\OneDrive\Documents\KULIAH\MAGANG\wisi-wise-web-odoo\odoo\sql_db.py", line 687, in borrow
    result = psycopg2.connect(
             ^^^^^^^^^^^^^^^^^
  File "C:\Users\wadhi\OneDrive\Documents\KULIAH\MAGANG\wisi-wise-web-odoo\.venv\Lib\site-packages\psycopg2\__init__.py", line 122, in connect
    conn = _connect(dsn, connection_factory=connection_factory, **kwasync)
           ^^^^^^^^^^^^^^^^^^^^^^^^^^^^^^^^^^^^^^^^^^^^^^^^^^^^^^^^^^^^^^^
psycopg2.OperationalError: connection to server at "localhost" (::1), port 5434 failed: FATAL:  database "dgb_adhikara" does not exist

2026-02-26 05:04:07,929 15864 INFO ? werkzeug: 127.0.0.1 - - [26/Feb/2026 05:04:07] "GET /web/database/manager HTTP/1.1" 200 - 1 0.004 1.041
2026-02-26 05:04:08,156 15864 INFO ? werkzeug: 127.0.0.1 - - [26/Feb/2026 05:04:08] "GET /web/static/img/favicon.ico HTTP/1.1" 200 - 1 0.004 0.056
2026-02-26 05:04:09,928 15864 INFO ? werkzeug: 127.0.0.1 - - [26/Feb/2026 05:04:09] "GET /web/service-worker.js HTTP/1.1" 404 - 1 0.002 0.023
2026-02-26 05:04:39,119 15864 INFO ? werkzeug: 127.0.0.1 - - [26/Feb/2026 05:04:39] "GET /web/service-worker.js HTTP/1.1" 404 - 1 0.003 0.019
2026-02-26 05:04:50,916 15864 INFO ? werkzeug: 127.0.0.1 - - [26/Feb/2026 05:04:50] "GET / HTTP/1.1" 303 - 1 0.004 0.034
2026-02-26 05:04:50,996 15864 INFO ? werkzeug: 127.0.0.1 - - [26/Feb/2026 05:04:50] "GET /odoo HTTP/1.1" 303 - 2 0.007 0.062
2026-02-26 05:04:52,114 15864 INFO ? werkzeug: 127.0.0.1 - - [26/Feb/2026 05:04:52] "GET /web/database/selector HTTP/1.1" 200 - 2 0.006 0.978
2026-02-26 05:04:54,087 15864 INFO ? werkzeug: 127.0.0.1 - - [26/Feb/2026 05:04:54] "GET /web/service-worker.js HTTP/1.1" 404 - 1 0.004 0.041
2026-02-26 05:04:54,324 15864 INFO ? werkzeug: 127.0.0.1 - - [26/Feb/2026 05:04:54] "GET /web/service-worker.js HTTP/1.1" 404 - 1 0.003 0.024
2026-02-26 05:05:23,175 15864 INFO ? werkzeug: 127.0.0.1 - - [26/Feb/2026 05:05:23] "GET /web/service-worker.js HTTP/1.1" 404 - 1 0.005 0.037
2026-02-26 05:06:08,538 25056 WARNING ? odoo.tools.config: option addons_path, invalid addons directory 'c:\\users\\wadhi\\onedrive\\documents\\kuliah\\magang\\wisi-wise-web-odoo\\custom_addons', skipped 
2026-02-26 05:06:08,538 25056 WARNING ? odoo.tools.config: option addons_path, invalid addons directory 'c:\\users\\wadhi\\onedrive\\documents\\kuliah\\magang\\wisi-wise-web-odoo\\custom_addons', skipped 
2026-02-26 05:06:08,538 25056 WARNING ? odoo.tools.config: missing --http-interface/http_interface, using 0.0.0.0 by default, will change to 127.0.0.1 in 20.0 
2026-02-26 05:06:08,539 25056 INFO ? odoo: Odoo version 19.0 
2026-02-26 05:06:08,539 25056 INFO ? odoo: Using configuration file at c:\users\wadhi\onedrive\documents\kuliah\magang\wisi-wise-web-odoo\odoo.conf 
2026-02-26 05:06:08,539 25056 INFO ? odoo: addons paths: _NamespacePath(['C:\\Users\\wadhi\\OneDrive\\Documents\\KULIAH\\MAGANG\\wisi-wise-web-odoo\\odoo\\addons', 'C:\\Users\\wadhi\\AppData\\Local\\OpenERP S.A.\\Odoo\\addons\\19.0', 'c:\\users\\wadhi\\onedrive\\documents\\kuliah\\magang\\wisi-wise-web-odoo\\odoo\\addons', 'c:\\users\\wadhi\\onedrive\\documents\\kuliah\\magang\\wisi-wise-web-odoo\\addons']) 
2026-02-26 05:06:08,539 25056 INFO ? odoo: database: odoo@localhost:5434 
2026-02-26 05:06:09,253 25056 WARNING ? odoo.service.server: 'watchdog' module not installed. Code autoreload feature is disabled 
2026-02-26 05:06:09,272 25056 INFO ? odoo.service.server: HTTP service (werkzeug) running on LAPTOP-B7F6P6QO:8069 
2026-02-26 05:06:28,992 11740 WARNING ? odoo.tools.config: option addons_path, invalid addons directory 'c:\\users\\wadhi\\onedrive\\documents\\kuliah\\magang\\wisi-wise-web-odoo\\custom_addons', skipped 
2026-02-26 05:06:28,993 11740 WARNING ? odoo.tools.config: option addons_path, invalid addons directory 'c:\\users\\wadhi\\onedrive\\documents\\kuliah\\magang\\wisi-wise-web-odoo\\custom_addons', skipped 
2026-02-26 05:06:28,993 11740 WARNING ? odoo.tools.config: missing --http-interface/http_interface, using 0.0.0.0 by default, will change to 127.0.0.1 in 20.0 
2026-02-26 05:06:28,994 11740 INFO ? odoo: Odoo version 19.0 
2026-02-26 05:06:28,994 11740 INFO ? odoo: Using configuration file at c:\users\wadhi\onedrive\documents\kuliah\magang\wisi-wise-web-odoo\odoo.conf 
2026-02-26 05:06:28,994 11740 INFO ? odoo: addons paths: _NamespacePath(['C:\\Users\\wadhi\\OneDrive\\Documents\\KULIAH\\MAGANG\\wisi-wise-web-odoo\\odoo\\addons', 'C:\\Users\\wadhi\\AppData\\Local\\OpenERP S.A.\\Odoo\\addons\\19.0', 'c:\\users\\wadhi\\onedrive\\documents\\kuliah\\magang\\wisi-wise-web-odoo\\odoo\\addons', 'c:\\users\\wadhi\\onedrive\\documents\\kuliah\\magang\\wisi-wise-web-odoo\\addons']) 
2026-02-26 05:06:28,994 11740 INFO ? odoo: database: odoo@localhost:5434 
2026-02-26 05:06:29,506 11740 INFO ? odoo.service.server: Initiating shutdown 
2026-02-26 05:06:29,506 11740 INFO ? odoo.service.server: Hit CTRL-C again or send a second signal to force the shutdown. 
2026-02-26 05:06:42,462 15864 INFO ? werkzeug: 127.0.0.1 - - [26/Feb/2026 05:06:42] "GET /web/database/selector HTTP/1.1" 200 - 2 0.006 0.688
2026-02-26 05:06:44,093 15864 INFO ? werkzeug: 127.0.0.1 - - [26/Feb/2026 05:06:44] "GET /web/service-worker.js HTTP/1.1" 404 - 1 0.003 0.025
2026-02-26 05:07:13,582 15864 INFO ? werkzeug: 127.0.0.1 - - [26/Feb/2026 05:07:13] "GET /web/service-worker.js HTTP/1.1" 404 - 1 0.003 0.020
2026-02-26 05:07:38,652 15864 INFO None odoo.service.db: Create database `wsi_2026`. 
2026-02-26 05:07:39,141 15864 INFO None odoo.modules.loading: Initializing database wsi_2026 
2026-02-26 05:07:54,784 15864 INFO None odoo.modules.loading: loading 1 modules... 
2026-02-26 05:07:54,784 15864 INFO None odoo.modules.loading: Loading module base (1/1) 
2026-02-26 05:07:54,828 15864 INFO None odoo.registry: module base: creating or updating database tables 
2026-02-26 05:07:55,709 15864 INFO None odoo.models: Prepare computation of ir.module.module.menus_by_module 
2026-02-26 05:07:55,710 15864 INFO None odoo.models: Prepare computation of ir.module.module.reports_by_module 
2026-02-26 05:07:55,710 15864 INFO None odoo.models: Prepare computation of ir.module.module.views_by_module 
2026-02-26 05:07:56,023 15864 INFO None odoo.models: Prepare computation of res.partner.user_id 
2026-02-26 05:07:56,024 15864 INFO None odoo.models: Prepare computation of res.partner.commercial_partner_id 
2026-02-26 05:07:56,024 15864 INFO None odoo.models: Prepare computation of res.partner.complete_name 
2026-02-26 05:07:56,024 15864 INFO None odoo.models: Prepare computation of res.partner.lang 
2026-02-26 05:07:56,024 15864 INFO None odoo.models: Prepare computation of res.partner.company_registry 
2026-02-26 05:07:56,024 15864 INFO None odoo.models: Prepare computation of res.partner.commercial_company_name 
2026-02-26 05:07:56,024 15864 INFO None odoo.models: Prepare computation of res.partner.properties 
2026-02-26 05:07:56,024 15864 INFO None odoo.models: Prepare computation of res.partner.partner_share 
2026-02-26 05:07:56,101 15864 INFO None odoo.models: Prepare computation of res.currency.decimal_places 
2026-02-26 05:07:56,165 15864 INFO None odoo.models: Prepare computation of res.company.uses_default_logo 
2026-02-26 05:07:56,166 15864 INFO None odoo.models: Prepare computation of res.company.logo_web 
2026-02-26 05:07:56,172 15864 INFO None odoo.models: Computing parent_path for table res_company... 
2026-02-26 05:07:56,257 15864 INFO None odoo.models: Prepare computation of res.users.signature 
2026-02-26 05:07:56,258 15864 INFO None odoo.models: Prepare computation of res.users.share 
2026-02-26 05:07:58,866 15864 ERROR wsi_2026 odoo.sql_db: bad query: b"\n            SELECT latest_version\n            FROM ir_module_module\n             WHERE name='base'\n        "
ERROR: relation "ir_module_module" does not exist
LINE 3:             FROM ir_module_module
                         ^
 
2026-02-26 05:07:58,866 15864 WARNING wsi_2026 odoo.addons.base.models.ir_cron: Tried to poll an undefined table on database wsi_2026. 
2026-02-26 05:08:00,156 15864 INFO None odoo.modules.loading: loading base/data/res_bank.xml 
2026-02-26 05:08:00,203 15864 INFO None odoo.modules.loading: loading base/data/res.lang.csv 
2026-02-26 05:08:00,322 15864 INFO None odoo.modules.loading: loading base/data/res_lang_data.xml 
2026-02-26 05:08:00,442 15864 INFO None odoo.modules.loading: loading base/data/res_partner_data.xml 
2026-02-26 05:08:00,610 15864 INFO None odoo.modules.loading: loading base/data/res_currency_data.xml 
2026-02-26 05:08:02,121 15864 INFO None odoo.modules.loading: loading base/data/res_company_data.xml 
2026-02-26 05:08:02,147 15864 INFO None odoo.modules.loading: loading base/data/res_users_data.xml 
2026-02-26 05:08:02,919 15864 ERROR wsi_2026 odoo.sql_db: bad query: b"\n            SELECT latest_version\n            FROM ir_module_module\n             WHERE name='base'\n        "
ERROR: relation "ir_module_module" does not exist
LINE 3:             FROM ir_module_module
                         ^
 
2026-02-26 05:08:02,919 15864 WARNING wsi_2026 odoo.addons.base.models.ir_cron: Tried to poll an undefined table on database wsi_2026. 
2026-02-26 05:08:03,756 15864 INFO None odoo.modules.loading: loading base/data/report_paperformat_data.xml 
2026-02-26 05:08:03,785 15864 INFO None odoo.modules.loading: loading base/data/res_country_data.xml 
2026-02-26 05:08:05,150 15864 INFO None odoo.modules.loading: loading base/data/ir_demo_data.xml 
2026-02-26 05:08:05,188 15864 INFO None odoo.modules.loading: loading base/security/base_groups.xml 
2026-02-26 05:08:05,629 15864 INFO None odoo.modules.loading: loading base/security/base_security.xml 
2026-02-26 05:08:06,037 15864 INFO None odoo.modules.loading: loading base/wizard/wizard_ir_model_menu_create_views.xml 
2026-02-26 05:08:06,080 15864 INFO None odoo.modules.loading: loading base/views/base_menus.xml 
2026-02-26 05:08:06,304 15864 INFO None odoo.modules.loading: loading base/views/decimal_precision_views.xml 
2026-02-26 05:08:06,389 15864 INFO None odoo.modules.loading: loading base/views/res_config_views.xml 
2026-02-26 05:08:06,417 15864 INFO None odoo.modules.loading: loading base/data/res.country.state.csv 
2026-02-26 05:08:08,082 15864 INFO None odoo.modules.loading: loading base/views/ir_actions_views.xml 
2026-02-26 05:08:08,515 15864 INFO None odoo.modules.loading: loading base/views/ir_asset_views.xml 
2026-02-26 05:08:08,568 15864 INFO None odoo.modules.loading: loading base/views/ir_config_parameter_views.xml 
2026-02-26 05:08:08,627 15864 INFO None odoo.modules.loading: loading base/views/ir_cron_views.xml 
2026-02-26 05:08:08,725 15864 INFO None odoo.modules.loading: loading base/views/ir_cron_trigger_views.xml 
2026-02-26 05:08:08,783 15864 INFO None odoo.modules.loading: loading base/views/ir_filters_views.xml 
2026-02-26 05:08:08,850 15864 INFO None odoo.modules.loading: loading base/views/ir_mail_server_views.xml 
2026-02-26 05:08:08,975 15864 INFO None odoo.modules.loading: loading base/views/ir_model_views.xml 
2026-02-26 05:08:09,404 25056 ERROR wsi_2026 odoo.sql_db: bad query: b"\n            SELECT latest_version\n            FROM ir_module_module\n             WHERE name='base'\n        "
ERROR: relation "ir_module_module" does not exist
LINE 3:             FROM ir_module_module
                         ^
 
2026-02-26 05:08:09,404 25056 WARNING wsi_2026 odoo.addons.base.models.ir_cron: Tried to poll an undefined table on database wsi_2026. 
2026-02-26 05:08:09,577 15864 INFO None odoo.modules.loading: loading base/views/ir_attachment_views.xml 
2026-02-26 05:08:09,658 15864 INFO None odoo.modules.loading: loading base/views/ir_rule_views.xml 
2026-02-26 05:08:09,730 15864 INFO None odoo.modules.loading: loading base/views/ir_sequence_views.xml 
2026-02-26 05:08:09,800 15864 INFO None odoo.modules.loading: loading base/views/ir_ui_menu_views.xml 
2026-02-26 05:08:09,869 15864 INFO None odoo.modules.loading: loading base/views/ir_ui_view_views.xml 
2026-02-26 05:08:10,017 15864 INFO None odoo.modules.loading: loading base/views/ir_default_views.xml 
2026-02-26 05:08:10,093 15864 INFO None odoo.modules.loading: loading base/data/ir_config_parameter_data.xml 
2026-02-26 05:08:10,116 15864 INFO None odoo.modules.loading: loading base/data/ir_cron_data.xml 
2026-02-26 05:08:10,165 15864 INFO None odoo.modules.loading: loading base/report/ir_model_report.xml 
2026-02-26 05:08:10,195 15864 INFO None odoo.modules.loading: loading base/report/ir_model_templates.xml 
2026-02-26 05:08:10,276 15864 INFO None odoo.modules.loading: loading base/views/ir_logging_views.xml 
2026-02-26 05:08:10,325 15864 INFO None odoo.modules.loading: loading base/views/ir_qweb_widget_templates.xml 
2026-02-26 05:08:10,412 15864 INFO None odoo.modules.loading: loading base/views/ir_module_views.xml 
2026-02-26 05:08:10,616 15864 INFO None odoo.modules.loading: loading base/data/ir_module_category_data.xml 
2026-02-26 05:08:10,779 15864 INFO None odoo.modules.loading: loading base/data/ir_module_module.xml 
2026-02-26 05:08:10,996 15864 INFO None odoo.modules.loading: loading base/report/ir_module_reports.xml 
2026-02-26 05:08:11,018 15864 INFO None odoo.modules.loading: loading base/report/ir_module_report_templates.xml 
2026-02-26 05:08:11,050 15864 INFO None odoo.modules.loading: loading base/wizard/base_module_update_views.xml 
2026-02-26 05:08:11,098 15864 INFO None odoo.modules.loading: loading base/wizard/base_language_install_views.xml 
2026-02-26 05:08:11,149 15864 INFO None odoo.modules.loading: loading base/wizard/base_import_language_views.xml 
2026-02-26 05:08:11,199 15864 INFO None odoo.modules.loading: loading base/wizard/base_module_upgrade_views.xml 
2026-02-26 05:08:11,264 15864 INFO None odoo.modules.loading: loading base/wizard/base_module_uninstall_views.xml 
2026-02-26 05:08:11,304 15864 INFO None odoo.modules.loading: loading base/wizard/base_export_language_views.xml 
2026-02-26 05:08:11,403 15864 INFO None odoo.modules.loading: loading base/wizard/base_partner_merge_views.xml 
2026-02-26 05:08:11,435 25056 ERROR wsi_2026 odoo.sql_db: bad query: b"\n            SELECT latest_version\n            FROM ir_module_module\n             WHERE name='base'\n        "
ERROR: relation "ir_module_module" does not exist
LINE 3:             FROM ir_module_module
                         ^
 
2026-02-26 05:08:11,435 25056 WARNING wsi_2026 odoo.addons.base.models.ir_cron: Tried to poll an undefined table on database wsi_2026. 
2026-02-26 05:08:11,502 15864 INFO None odoo.modules.loading: loading base/data/ir_demo_failure_data.xml 
2026-02-26 05:08:11,563 15864 INFO None odoo.modules.loading: loading base/views/ir_profile_views.xml 
2026-02-26 05:08:11,637 15864 INFO None odoo.modules.loading: loading base/views/res_company_views.xml 
2026-02-26 05:08:11,710 15864 INFO None odoo.modules.loading: loading base/views/res_lang_views.xml 
2026-02-26 05:08:11,782 15864 INFO None odoo.modules.loading: loading base/views/res_partner_views.xml 
2026-02-26 05:08:12,124 15864 INFO None odoo.modules.loading: loading base/views/res_bank_views.xml 
2026-02-26 05:08:12,238 15864 INFO None odoo.modules.loading: loading base/views/res_country_views.xml 
2026-02-26 05:08:12,378 15864 INFO None odoo.modules.loading: loading base/views/res_currency_views.xml 
2026-02-26 05:08:12,501 15864 INFO None odoo.modules.loading: loading base/views/res_groups_views.xml 
2026-02-26 05:08:12,660 15864 INFO None odoo.modules.loading: loading base/views/res_users_views.xml 
2026-02-26 05:08:13,017 15864 INFO None odoo.modules.loading: loading base/views/res_users_apikeys_views.xml 
2026-02-26 05:08:13,049 15864 INFO None odoo.modules.loading: loading base/views/res_device_views.xml 
2026-02-26 05:08:13,129 15864 INFO None odoo.modules.loading: loading base/views/res_users_identitycheck_views.xml 
2026-02-26 05:08:13,163 15864 INFO None odoo.modules.loading: loading base/views/res_config_settings_views.xml 
2026-02-26 05:08:13,196 15864 INFO None odoo.modules.loading: loading base/views/report_paperformat_views.xml 
2026-02-26 05:08:13,283 15864 INFO None odoo.modules.loading: loading base/security/ir.model.access.csv 
2026-02-26 05:08:13,915 15864 INFO None odoo.modules.loading: Module base loaded in 19.13s, 8397 queries (+8399 other) 
2026-02-26 05:08:13,915 15864 INFO None odoo.modules.loading: 1 modules loaded in 19.13s, 8397 queries (+8399 extra) 
2026-02-26 05:08:13,922 15864 INFO None odoo.modules.loading: updating modules list 
2026-02-26 05:08:13,926 15864 INFO None odoo.addons.base.models.ir_module: ALLOW access to module.update_list on [] to user __system__ #1 via n/a 
2026-02-26 05:08:17,064 15864 INFO None odoo.modules.loading: loading 14 modules... 
2026-02-26 05:08:17,064 15864 INFO None odoo.modules.loading: Loading module rpc (2/14) 
2026-02-26 05:08:17,106 15864 INFO None odoo.modules.loading: Module rpc loaded in 0.04s, 9 queries (+9 other) 
2026-02-26 05:08:17,106 15864 INFO None odoo.modules.loading: Loading module web (3/14) 
2026-02-26 05:08:17,160 15864 INFO None odoo.registry: module web: creating or updating database tables 
2026-02-26 05:08:18,680 15864 INFO None odoo.modules.loading: loading web/security/ir.model.access.csv 
2026-02-26 05:08:18,721 15864 INFO None odoo.modules.loading: loading web/security/web_security.xml 
2026-02-26 05:08:18,765 15864 INFO None odoo.modules.loading: loading web/views/webclient_templates.xml 
2026-02-26 05:08:19,042 15864 INFO None odoo.modules.loading: loading web/views/report_templates.xml 
2026-02-26 05:08:19,834 15864 INFO None odoo.modules.loading: loading web/views/base_document_layout_views.xml 
2026-02-26 05:08:19,904 15864 INFO None odoo.modules.loading: loading web/views/partner_view.xml 
2026-02-26 05:08:19,946 15864 INFO None odoo.modules.loading: loading web/views/speedscope_template.xml 
2026-02-26 05:08:20,028 15864 INFO None odoo.modules.loading: loading web/views/memory_template.xml 
2026-02-26 05:08:20,147 15864 INFO None odoo.modules.loading: loading web/views/speedscope_config_wizard.xml 
2026-02-26 05:08:20,254 15864 INFO None odoo.modules.loading: loading web/views/neutralize_views.xml 
2026-02-26 05:08:20,296 15864 INFO None odoo.modules.loading: loading web/views/ir_ui_view_views.xml 
2026-02-26 05:08:20,348 15864 INFO None odoo.modules.loading: loading web/data/ir_attachment.xml 
2026-02-26 05:08:20,375 15864 INFO None odoo.modules.loading: loading web/data/report_layout.xml 
2026-02-26 05:08:20,524 15864 INFO None odoo.modules.loading: Module web loaded in 3.42s, 1232 queries (+1232 other) 
2026-02-26 05:08:20,526 15864 INFO None odoo.modules.loading: Loading module api_doc (4/14) 
2026-02-26 05:08:20,657 15864 INFO None odoo.registry: module api_doc: creating or updating database tables 
2026-02-26 05:08:20,700 15864 INFO None odoo.modules.loading: loading api_doc/security/res_groups.xml 
2026-02-26 05:08:20,775 15864 INFO None odoo.modules.loading: loading api_doc/views/docclient.xml 
2026-02-26 05:08:20,840 15864 INFO None odoo.modules.loading: Module api_doc loaded in 0.31s, 63 queries (+63 other) 
2026-02-26 05:08:20,840 15864 INFO None odoo.modules.loading: Loading module auth_totp (5/14) 
2026-02-26 05:08:21,099 15864 INFO None odoo.registry: module auth_totp: creating or updating database tables 
2026-02-26 05:08:21,343 15864 INFO None odoo.modules.loading: loading auth_totp/security/security.xml 
2026-02-26 05:08:21,431 15864 INFO None odoo.modules.loading: loading auth_totp/security/ir.model.access.csv 
2026-02-26 05:08:21,467 15864 INFO None odoo.modules.loading: loading auth_totp/data/ir_action_data.xml 
2026-02-26 05:08:21,500 15864 INFO None odoo.modules.loading: loading auth_totp/views/res_users_views.xml 
2026-02-26 05:08:21,602 15864 INFO None odoo.modules.loading: loading auth_totp/views/templates.xml 
2026-02-26 05:08:21,634 15864 INFO None odoo.modules.loading: loading auth_totp/wizard/auth_totp_wizard_views.xml 
2026-02-26 05:08:21,693 15864 INFO None odoo.modules.loading: Module auth_totp loaded in 0.85s, 218 queries (+218 other) 
2026-02-26 05:08:21,693 15864 INFO None odoo.modules.loading: Loading module base_import (6/14) 
2026-02-26 05:08:21,842 15864 INFO None odoo.registry: module base_import: creating or updating database tables 
2026-02-26 05:08:23,239 15864 INFO None odoo.modules.loading: loading base_import/security/ir.model.access.csv 
2026-02-26 05:08:23,296 15864 INFO None odoo.modules.loading: Module base_import loaded in 1.60s, 956 queries (+956 other) 
2026-02-26 05:08:23,296 15864 INFO None odoo.modules.loading: Loading module base_import_module (7/14) 
2026-02-26 05:08:23,526 15864 INFO None odoo.registry: module base_import_module: creating or updating database tables 
2026-02-26 05:08:23,713 15864 INFO None odoo.modules.loading: loading base_import_module/security/ir.model.access.csv 
2026-02-26 05:08:23,744 15864 INFO None odoo.modules.loading: loading base_import_module/views/base_import_module_view.xml 
2026-02-26 05:08:23,805 15864 INFO None odoo.modules.loading: loading base_import_module/views/ir_module_views.xml 
2026-02-26 05:08:23,930 15864 INFO None odoo.modules.loading: Module base_import_module loaded in 0.63s, 172 queries (+172 other) 
2026-02-26 05:08:23,930 15864 INFO None odoo.modules.loading: Loading module base_setup (8/14) 
2026-02-26 05:08:24,090 15864 INFO None odoo.registry: module base_setup: creating or updating database tables 
2026-02-26 05:08:24,267 15864 INFO None odoo.modules.loading: loading base_setup/data/base_setup_data.xml 
2026-02-26 05:08:24,301 15864 INFO None odoo.modules.loading: loading base_setup/views/res_config_settings_views.xml 
2026-02-26 05:08:24,458 15864 INFO None odoo.modules.loading: loading base_setup/views/res_partner_views.xml 
2026-02-26 05:08:24,520 15864 INFO None odoo.modules.loading: Module base_setup loaded in 0.59s, 152 queries (+152 other) 
2026-02-26 05:08:24,520 15864 INFO None odoo.modules.loading: Loading module bus (9/14) 
2026-02-26 05:08:24,930 15864 INFO None odoo.registry: module bus: creating or updating database tables 
2026-02-26 05:08:25,195 15864 INFO None odoo.modules.loading: loading bus/security/ir.model.access.csv 
2026-02-26 05:08:25,233 15864 INFO None odoo.modules.loading: Module bus loaded in 0.71s, 152 queries (+152 other) 
2026-02-26 05:08:25,233 15864 INFO None odoo.modules.loading: Loading module web_tour (10/14) 
2026-02-26 05:08:25,321 15864 INFO None odoo.registry: module web_tour: creating or updating database tables 
2026-02-26 05:08:25,333 15864 INFO None odoo.models: Prepare computation of res.users.tour_enabled 
2026-02-26 05:08:25,559 15864 INFO None odoo.modules.loading: loading web_tour/security/ir.model.access.csv 
2026-02-26 05:08:25,593 15864 INFO None odoo.modules.loading: loading web_tour/views/tour_views.xml 
2026-02-26 05:08:25,730 15864 INFO None odoo.modules.loading: Module web_tour loaded in 0.50s, 180 queries (+180 other) 
2026-02-26 05:08:25,730 15864 INFO None odoo.modules.loading: Loading module auth_passkey (11/14) 
2026-02-26 05:08:26,981 15864 INFO None odoo.registry: module auth_passkey: creating or updating database tables 
2026-02-26 05:08:27,164 15864 INFO None odoo.modules.loading: loading auth_passkey/views/auth_passkey_key_views.xml 
2026-02-26 05:08:27,249 15864 INFO None odoo.modules.loading: loading auth_passkey/views/auth_passkey_login_templates.xml 
2026-02-26 05:08:27,290 15864 INFO None odoo.modules.loading: loading auth_passkey/views/res_users_identitycheck_views.xml 
2026-02-26 05:08:27,326 15864 INFO None odoo.modules.loading: loading auth_passkey/views/res_users_views.xml 
2026-02-26 05:08:27,388 15864 INFO None odoo.modules.loading: loading auth_passkey/security/ir.model.access.csv 
2026-02-26 05:08:27,422 15864 INFO None odoo.modules.loading: loading auth_passkey/security/security.xml 
2026-02-26 05:08:27,511 15864 INFO None odoo.modules.loading: Module auth_passkey loaded in 1.78s, 218 queries (+218 other) 
2026-02-26 05:08:27,511 15864 INFO None odoo.modules.loading: Loading module html_editor (12/14) 
2026-02-26 05:08:31,618 15864 INFO None odoo.registry: module html_editor: creating or updating database tables 
2026-02-26 05:08:33,423 15864 INFO None odoo.modules.loading: loading html_editor/security/ir.model.access.csv 
2026-02-26 05:08:33,485 15864 INFO None odoo.modules.loading: Module html_editor loaded in 5.97s, 1034 queries (+1034 other) 
2026-02-26 05:08:33,485 15864 INFO None odoo.modules.loading: Loading module iap (13/14) 
2026-02-26 05:08:33,495 15864 INFO None odoo.registry: module iap: creating or updating database tables 
2026-02-26 05:08:33,737 15864 INFO None odoo.modules.loading: loading iap/data/services.xml 
2026-02-26 05:08:33,765 15864 INFO None odoo.modules.loading: loading iap/security/ir.model.access.csv 
2026-02-26 05:08:33,797 15864 INFO None odoo.modules.loading: loading iap/security/ir_rule.xml 
2026-02-26 05:08:33,827 15864 INFO None odoo.modules.loading: loading iap/views/iap_views.xml 
2026-02-26 05:08:33,907 15864 INFO None odoo.modules.loading: loading iap/views/res_config_settings.xml 
2026-02-26 05:08:33,984 15864 INFO None odoo.modules.loading: Module iap loaded in 0.50s, 182 queries (+182 other) 
2026-02-26 05:08:33,985 15864 INFO None odoo.modules.loading: Loading module web_unsplash (14/14) 
2026-02-26 05:08:34,126 15864 INFO None odoo.registry: module web_unsplash: creating or updating database tables 
2026-02-26 05:08:34,258 15864 INFO None odoo.modules.loading: loading web_unsplash/views/res_config_settings_view.xml 
2026-02-26 05:08:34,351 15864 INFO None odoo.modules.loading: Module web_unsplash loaded in 0.37s, 102 queries (+102 other) 
2026-02-26 05:08:34,351 15864 INFO None odoo.modules.loading: 14 modules loaded in 17.29s, 4670 queries (+4670 extra) 
2026-02-26 05:08:34,990 15864 INFO None odoo.modules.loading: Modules loaded. 
2026-02-26 05:08:35,006 15864 INFO None odoo.registry: Registry changed, signaling through the database 
2026-02-26 05:08:35,013 15864 INFO None odoo.registry: Registry loaded in 56.069s 
2026-02-26 05:08:37,228 15864 INFO None odoo.addons.base.models.res_users: Login successful for login:info@wsi.co.id from 127.0.0.1 
2026-02-26 05:08:37,256 15864 INFO None werkzeug: 127.0.0.1 - - [26/Feb/2026 05:08:37] "POST /web/database/create HTTP/1.1" 303 - 19508 26.441 35.071
2026-02-26 05:08:37,602 15864 INFO wsi_2026 odoo.addons.base.models.ir_http: Generating routing map for key None 
2026-02-26 05:08:37,622 15864 INFO wsi_2026 odoo.addons.base.models.res_device: User 2 inserts device log (w-t6-bYyANwtJ7wYctt_04Hj9nFx3FmHHsJLBl7XA1) 
2026-02-26 05:08:39,075 15864 INFO wsi_2026 werkzeug: 127.0.0.1 - - [26/Feb/2026 05:08:39] "GET /odoo HTTP/1.1" 200 - 55 0.079 1.415
2026-02-26 05:08:39,534 15864 INFO wsi_2026 werkzeug: 127.0.0.1 - - [26/Feb/2026 05:08:39] "GET /web/webclient/load_menus HTTP/1.1" 200 - 12 0.032 0.045
2026-02-26 05:08:39,561 15864 INFO wsi_2026 werkzeug: 127.0.0.1 - - [26/Feb/2026 05:08:39] "GET /web/manifest.webmanifest HTTP/1.1" 200 - 6 0.023 0.076
2026-02-26 05:08:53,317 15864 INFO wsi_2026 odoo.addons.base.models.assetsbundle: Generating a new asset bundle attachment /web/assets/23d9238/web.assets_web.min.css (id:14) 
2026-02-26 05:08:53,383 15864 INFO wsi_2026 werkzeug: 127.0.0.1 - - [26/Feb/2026 05:08:53] "GET /web/assets/23d9238/web.assets_web.min.css HTTP/1.1" 200 - 15 0.131 13.794
2026-02-26 05:09:01,521 15864 INFO wsi_2026 odoo.addons.base.models.ir_cron: Job 'Base: Auto-vacuum internal data' (1) starting 
2026-02-26 05:09:01,640 15864 INFO wsi_2026 odoo.addons.base.models.assetsbundle: Generating a new asset bundle attachment /web/assets/f323ae1/web.assets_web_print.min.css (id:15) 
2026-02-26 05:09:01,660 15864 INFO wsi_2026 werkzeug: 127.0.0.1 - - [26/Feb/2026 05:09:01] "GET /web/assets/f323ae1/web.assets_web_print.min.css HTTP/1.1" 200 - 8 0.102 7.860
2026-02-26 05:09:01,780 15864 INFO wsi_2026 odoo.addons.base.models.res_device: GC device logs delete 0 entries 
2026-02-26 05:09:01,794 15864 INFO wsi_2026 odoo.addons.base.models.res_users: GC 'auth_totp.device' delete 0 entries 
2026-02-26 05:09:01,852 15864 INFO wsi_2026 odoo.addons.base.models.ir_attachment: filestore gc 12 checked, 0 removed 
2026-02-26 05:09:02,099 15864 INFO wsi_2026 odoo.addons.base.models.res_users: GC'd 0 user log entries 
2026-02-26 05:09:02,115 15864 INFO wsi_2026 odoo.addons.base.models.res_users: GC 'res.users.apikeys' delete 0 entries 
2026-02-26 05:09:02,231 15864 INFO wsi_2026 odoo.addons.base.models.res_device: GC device logs delete 0 entries 
2026-02-26 05:09:02,289 15864 INFO wsi_2026 odoo.addons.api_doc.models.ir_attachment: GC'd 0 /doc cached index 
2026-02-26 05:09:02,355 15864 INFO wsi_2026 odoo.addons.base.models.ir_cron: Job 'Base: Auto-vacuum internal data' (1) fully done (#loop 1; done 44; remaining 0; duration 0.83s) 
2026-02-26 05:09:02,376 15864 INFO wsi_2026 odoo.addons.base.models.ir_cron: Job 'Base: Portal Users Deletion' (2) starting 
2026-02-26 05:09:02,412 15864 INFO wsi_2026 odoo.addons.base.models.ir_cron: Job 'Base: Portal Users Deletion' (2) fully done (#loop 1; done 0; remaining 0; duration 0.05s) 
2026-02-26 05:09:08,636 15864 INFO wsi_2026 werkzeug: 127.0.0.1 - - [26/Feb/2026 05:09:08] "GET /web/service-worker.js HTTP/1.1" 200 - 1 0.002 0.047
2026-02-26 05:09:23,704 15864 INFO wsi_2026 odoo.addons.base.models.assetsbundle: Generating a new asset bundle attachment /web/assets/0c1c09c/web.assets_web.min.js (id:16) 
2026-02-26 05:09:24,509 15864 INFO wsi_2026 werkzeug: 127.0.0.1 - - [26/Feb/2026 05:09:24] "GET /web/assets/0c1c09c/web.assets_web.min.js HTTP/1.1" 200 - 11 0.035 45.321
2026-02-26 05:09:25,181 15864 INFO wsi_2026 werkzeug: 127.0.0.1 - - [26/Feb/2026 05:09:25] "GET /web/webclient/translations?hash=&lang=en_US HTTP/1.1" 200 - 2 0.003 0.010
2026-02-26 05:09:25,436 15864 INFO wsi_2026 werkzeug: 127.0.0.1 - - [26/Feb/2026 05:09:25] "POST /web/action/load HTTP/1.1" 200 - 10 0.011 0.010
2026-02-26 05:09:25,583 15864 INFO wsi_2026 werkzeug: 127.0.0.1 - - [26/Feb/2026 05:09:25] "GET /web/image/res.partner/3/avatar_128?unique=1772057316000 HTTP/1.1" 200 - 14 0.027 0.019
2026-02-26 05:09:25,586 15864 INFO wsi_2026 werkzeug: 127.0.0.1 - - [26/Feb/2026 05:09:25] "GET /web/image?model=res.users&field=avatar_128&id=2 HTTP/1.1" 200 - 15 0.032 0.014
2026-02-26 05:09:25,601 15864 INFO wsi_2026 werkzeug: 127.0.0.1 - - [26/Feb/2026 05:09:25] "POST /web/dataset/call_kw/ir.module.module/get_views#ir.module.module.get_views HTTP/1.1" 200 - 45 0.064 0.043
2026-02-26 05:09:25,629 15864 INFO wsi_2026 odoo.addons.base.models.assetsbundle: Generating a new asset bundle attachment /web/assets/bdfc9fb/bus.websocket_worker_assets.min.js (id:17) 
2026-02-26 05:09:25,659 15864 INFO wsi_2026 werkzeug: 127.0.0.1 - - [26/Feb/2026 05:09:25] "GET /bus/websocket_worker_bundle?v=19.0-2 HTTP/1.1" 200 - 8 0.015 0.103
2026-02-26 05:09:25,763 15864 INFO wsi_2026 werkzeug: 127.0.0.1 - - [26/Feb/2026 05:09:25] "POST /web/dataset/call_kw/ir.module.module/search_panel_select_range#ir.module.module.search_panel_select_range HTTP/1.1" 200 - 1 0.002 0.004
2026-02-26 05:09:25,940 15864 INFO wsi_2026 werkzeug: 127.0.0.1 - - [26/Feb/2026 05:09:25] "POST /web/dataset/call_kw/ir.module.module/check_module_update#ir.module.module.check_module_update HTTP/1.1" 200 - 2 0.004 0.007
2026-02-26 05:09:25,980 15864 INFO wsi_2026 werkzeug: 127.0.0.1 - - [26/Feb/2026 05:09:25] "POST /web/dataset/call_kw/ir.module.module/search_panel_select_range#ir.module.module.search_panel_select_range HTTP/1.1" 200 - 42 0.043 0.022
2026-02-26 05:09:25,985 15864 INFO wsi_2026 werkzeug: 127.0.0.1 - - [26/Feb/2026 05:09:25] "GET /websocket?version=19.0-2 HTTP/1.1" 101 - 1 0.001 0.006
2026-02-26 05:09:26,304 15864 INFO ? odoo.addons.bus.models.bus: Bus.loop listen imbus on db postgres 
2026-02-26 05:09:26,605 15864 INFO wsi_2026 werkzeug: 127.0.0.1 - - [26/Feb/2026 05:09:26] "POST /web/dataset/call_kw/ir.module.module/web_search_read#ir.module.module.web_search_read HTTP/1.1" 200 - 4 0.007 0.681
2026-02-26 05:09:26,655 15864 INFO wsi_2026 werkzeug: 127.0.0.1 - - [26/Feb/2026 05:09:26] "POST /web/dataset/call_kw/ir.module.module/check_module_update#ir.module.module.check_module_update HTTP/1.1" 200 - 2 0.005 0.004
2026-02-26 05:09:27,035 15864 INFO ? werkzeug: 127.0.0.1 - - [26/Feb/2026 05:09:27] "GET /base/static/img/icons/knowledge.png HTTP/1.1" 200 - 0 0.000 0.002
2026-02-26 05:09:27,042 15864 INFO ? werkzeug: 127.0.0.1 - - [26/Feb/2026 05:09:27] "GET /mrp/static/description/icon.png HTTP/1.1" 200 - 0 0.000 0.003
2026-02-26 05:09:27,049 15864 INFO ? werkzeug: 127.0.0.1 - - [26/Feb/2026 05:09:27] "GET /stock/static/description/icon.png HTTP/1.1" 200 - 0 0.000 0.005
2026-02-26 05:09:27,051 15864 INFO ? werkzeug: 127.0.0.1 - - [26/Feb/2026 05:09:27] "GET /website_sale/static/description/icon.png HTTP/1.1" 200 - 0 0.000 0.006
2026-02-26 05:09:27,051 15864 INFO ? werkzeug: 127.0.0.1 - - [26/Feb/2026 05:09:27] "GET /point_of_sale/static/description/icon.png HTTP/1.1" 200 - 0 0.000 0.006
2026-02-26 05:09:27,052 15864 INFO ? werkzeug: 127.0.0.1 - - [26/Feb/2026 05:09:27] "GET /project/static/description/icon.png HTTP/1.1" 200 - 0 0.000 0.007
2026-02-26 05:09:27,343 15864 INFO ? werkzeug: 127.0.0.1 - - [26/Feb/2026 05:09:27] "GET /purchase/static/description/icon.png HTTP/1.1" 200 - 0 0.000 0.001
2026-02-26 05:09:27,351 15864 INFO ? werkzeug: 127.0.0.1 - - [26/Feb/2026 05:09:27] "GET /base/static/img/icons/account_accountant.png HTTP/1.1" 200 - 0 0.000 0.003
2026-02-26 05:09:27,357 15864 INFO ? werkzeug: 127.0.0.1 - - [26/Feb/2026 05:09:27] "GET /sale_management/static/description/icon.png HTTP/1.1" 200 - 0 0.000 0.002
2026-02-26 05:09:27,363 15864 INFO ? werkzeug: 127.0.0.1 - - [26/Feb/2026 05:09:27] "GET /pos_restaurant/static/description/icon.png HTTP/1.1" 200 - 0 0.000 0.004
2026-02-26 05:09:27,373 15864 INFO ? werkzeug: 127.0.0.1 - - [26/Feb/2026 05:09:27] "GET /account/static/description/icon.png HTTP/1.1" 200 - 0 0.000 0.008
2026-02-26 05:09:27,375 15864 INFO ? werkzeug: 127.0.0.1 - - [26/Feb/2026 05:09:27] "GET /crm/static/description/icon.png HTTP/1.1" 200 - 0 0.000 0.007
2026-02-26 05:09:27,656 15864 INFO ? werkzeug: 127.0.0.1 - - [26/Feb/2026 05:09:27] "GET /base/static/img/icons/mrp_workorder.png HTTP/1.1" 200 - 0 0.000 0.003
2026-02-26 05:09:27,660 15864 INFO ? werkzeug: 127.0.0.1 - - [26/Feb/2026 05:09:27] "GET /website/static/description/icon.png HTTP/1.1" 200 - 0 0.000 0.004
2026-02-26 05:09:27,668 15864 INFO ? werkzeug: 127.0.0.1 - - [26/Feb/2026 05:09:27] "GET /mass_mailing/static/description/icon.png HTTP/1.1" 200 - 0 0.000 0.002
2026-02-26 05:09:27,675 15864 INFO ? werkzeug: 127.0.0.1 - - [26/Feb/2026 05:09:27] "GET /base/static/img/icons/timesheet_grid.png HTTP/1.1" 200 - 0 0.000 0.001
2026-02-26 05:09:27,688 15864 INFO ? werkzeug: 127.0.0.1 - - [26/Feb/2026 05:09:27] "GET /hr_expense/static/description/icon.png HTTP/1.1" 200 - 0 0.000 0.002
2026-02-26 05:09:27,689 15864 INFO ? werkzeug: 127.0.0.1 - - [26/Feb/2026 05:09:27] "GET /base/static/img/icons/web_studio.png HTTP/1.1" 200 - 0 0.000 0.002
2026-02-26 05:09:27,976 15864 INFO ? werkzeug: 127.0.0.1 - - [26/Feb/2026 05:09:27] "GET /hr_holidays/static/description/icon.png HTTP/1.1" 200 - 0 0.000 0.003
2026-02-26 05:09:27,994 15864 INFO ? werkzeug: 127.0.0.1 - - [26/Feb/2026 05:09:27] "GET /hr_recruitment/static/description/icon.png HTTP/1.1" 200 - 0 0.000 0.007
2026-02-26 05:09:28,005 15864 INFO ? werkzeug: 127.0.0.1 - - [26/Feb/2026 05:09:28] "GET /base/static/img/icons/industry_fsm.png HTTP/1.1" 200 - 0 0.000 0.005
2026-02-26 05:09:28,012 15864 INFO ? werkzeug: 127.0.0.1 - - [26/Feb/2026 05:09:28] "GET /hr/static/description/icon.png HTTP/1.1" 200 - 0 0.000 0.007
2026-02-26 05:09:28,014 15864 INFO ? werkzeug: 127.0.0.1 - - [26/Feb/2026 05:09:28] "GET /data_recycle/static/description/icon.png HTTP/1.1" 200 - 0 0.000 0.007
2026-02-26 05:09:28,016 15864 INFO ? werkzeug: 127.0.0.1 - - [26/Feb/2026 05:09:28] "GET /maintenance/static/description/icon.png HTTP/1.1" 200 - 0 0.000 0.005
2026-02-26 05:09:28,290 15864 INFO ? werkzeug: 127.0.0.1 - - [26/Feb/2026 05:09:28] "GET /marketing_card/static/description/icon.png HTTP/1.1" 200 - 0 0.000 0.002
2026-02-26 05:09:28,302 15864 INFO ? werkzeug: 127.0.0.1 - - [26/Feb/2026 05:09:28] "GET /base/static/img/icons/sign.png HTTP/1.1" 200 - 0 0.000 0.001
2026-02-26 05:09:28,314 15864 INFO ? werkzeug: 127.0.0.1 - - [26/Feb/2026 05:09:28] "GET /base/static/img/icons/helpdesk.png HTTP/1.1" 200 - 0 0.000 0.003
2026-02-26 05:09:28,319 15864 INFO ? werkzeug: 127.0.0.1 - - [26/Feb/2026 05:09:28] "GET /base/static/img/icons/sale_subscription.png HTTP/1.1" 200 - 0 0.000 0.002
2026-02-26 05:09:28,336 15864 INFO ? werkzeug: 127.0.0.1 - - [26/Feb/2026 05:09:28] "GET /base/static/img/icons/quality_control.png HTTP/1.1" 200 - 0 0.000 0.002
2026-02-26 05:09:28,337 15864 INFO ? werkzeug: 127.0.0.1 - - [26/Feb/2026 05:09:28] "GET /website_slides/static/description/icon.png HTTP/1.1" 200 - 0 0.000 0.002
2026-02-26 05:09:28,599 15864 INFO ? werkzeug: 127.0.0.1 - - [26/Feb/2026 05:09:28] "GET /base/static/img/icons/planning.png HTTP/1.1" 200 - 0 0.000 0.003
2026-02-26 05:09:28,618 15864 INFO ? werkzeug: 127.0.0.1 - - [26/Feb/2026 05:09:28] "GET /website_event/static/description/icon.png HTTP/1.1" 200 - 0 0.000 0.002
2026-02-26 05:09:28,624 15864 INFO ? werkzeug: 127.0.0.1 - - [26/Feb/2026 05:09:28] "GET /mail/static/description/icon.png HTTP/1.1" 200 - 0 0.000 0.004
2026-02-26 05:09:28,627 15864 INFO ? werkzeug: 127.0.0.1 - - [26/Feb/2026 05:09:28] "GET /contacts/static/description/icon.png HTTP/1.1" 200 - 0 0.000 0.003
2026-02-26 05:09:28,648 15864 INFO ? werkzeug: 127.0.0.1 - - [26/Feb/2026 05:09:28] "GET /base/static/img/icons/mrp_plm.png HTTP/1.1" 200 - 0 0.000 0.003
2026-02-26 05:09:28,649 15864 INFO ? werkzeug: 127.0.0.1 - - [26/Feb/2026 05:09:28] "GET /calendar/static/description/icon.png HTTP/1.1" 200 - 0 0.000 0.004
2026-02-26 05:09:28,910 15864 INFO ? werkzeug: 127.0.0.1 - - [26/Feb/2026 05:09:28] "GET /base/static/img/icons/social.png HTTP/1.1" 200 - 0 0.000 0.002
2026-02-26 05:09:28,925 15864 INFO ? werkzeug: 127.0.0.1 - - [26/Feb/2026 05:09:28] "GET /base/static/img/icons/hr_appraisal.png HTTP/1.1" 200 - 0 0.000 0.002
2026-02-26 05:09:28,933 15864 INFO ? werkzeug: 127.0.0.1 - - [26/Feb/2026 05:09:28] "GET /fleet/static/description/icon.png HTTP/1.1" 200 - 0 0.000 0.003
2026-02-26 05:09:28,934 15864 INFO ? werkzeug: 127.0.0.1 - - [26/Feb/2026 05:09:28] "GET /base/static/img/icons/marketing_automation.png HTTP/1.1" 200 - 0 0.000 0.002
2026-02-26 05:09:28,956 15864 INFO ? werkzeug: 127.0.0.1 - - [26/Feb/2026 05:09:28] "GET /im_livechat/static/description/icon.png HTTP/1.1" 200 - 0 0.000 0.002
2026-02-26 05:09:28,959 15864 INFO ? werkzeug: 127.0.0.1 - - [26/Feb/2026 05:09:28] "GET /base/static/img/icons/appointment.png HTTP/1.1" 200 - 0 0.000 0.001
2026-02-26 05:09:29,219 15864 INFO ? werkzeug: 127.0.0.1 - - [26/Feb/2026 05:09:29] "GET /survey/static/description/icon.png HTTP/1.1" 200 - 0 0.000 0.002
2026-02-26 05:09:29,234 15864 INFO ? werkzeug: 127.0.0.1 - - [26/Feb/2026 05:09:29] "GET /base/static/img/icons/web_mobile.png HTTP/1.1" 200 - 0 0.000 0.003
2026-02-26 05:09:29,240 15864 INFO ? werkzeug: 127.0.0.1 - - [26/Feb/2026 05:09:29] "GET /repair/static/description/icon.png HTTP/1.1" 200 - 0 0.000 0.003
2026-02-26 05:09:29,244 15864 INFO ? werkzeug: 127.0.0.1 - - [26/Feb/2026 05:09:29] "GET /hr_attendance/static/description/icon.png HTTP/1.1" 200 - 0 0.000 0.003
2026-02-26 05:09:29,264 15864 INFO ? werkzeug: 127.0.0.1 - - [26/Feb/2026 05:09:29] "GET /mass_mailing_sms/static/description/icon.png HTTP/1.1" 200 - 0 0.000 0.004
2026-02-26 05:09:29,266 15864 INFO ? werkzeug: 127.0.0.1 - - [26/Feb/2026 05:09:29] "GET /base/static/img/icons/stock_barcode.png HTTP/1.1" 200 - 0 0.000 0.003
2026-02-26 05:09:29,532 15864 INFO ? werkzeug: 127.0.0.1 - - [26/Feb/2026 05:09:29] "GET /project_todo/static/description/icon.png HTTP/1.1" 200 - 0 0.000 0.002
2026-02-26 05:09:29,540 15864 INFO ? werkzeug: 127.0.0.1 - - [26/Feb/2026 05:09:29] "GET /hr_skills/static/description/icon.png HTTP/1.1" 200 - 0 0.000 0.001
2026-02-26 05:09:29,545 15864 INFO ? werkzeug: 127.0.0.1 - - [26/Feb/2026 05:09:29] "GET /base/static/img/icons/voip.png HTTP/1.1" 200 - 0 0.000 0.002
2026-02-26 05:09:29,551 15864 INFO ? werkzeug: 127.0.0.1 - - [26/Feb/2026 05:09:29] "GET /lunch/static/description/icon.png HTTP/1.1" 200 - 0 0.000 0.004
2026-02-26 05:09:29,578 15864 INFO ? werkzeug: 127.0.0.1 - - [26/Feb/2026 05:09:29] "GET /website_hr_recruitment/static/description/icon.png HTTP/1.1" 200 - 0 0.000 0.003
2026-02-26 05:09:29,578 15864 INFO ? werkzeug: 127.0.0.1 - - [26/Feb/2026 05:09:29] "GET /base/static/img/icons/sale_amazon.png HTTP/1.1" 200 - 0 0.000 0.002
2026-02-26 05:09:29,844 15864 INFO wsi_2026 werkzeug: 127.0.0.1 - - [26/Feb/2026 05:09:29] "GET /web/service-worker.js HTTP/1.1" 200 - 1 0.003 0.004
2026-02-26 05:09:29,856 15864 INFO wsi_2026 werkzeug: 127.0.0.1 - - [26/Feb/2026 05:09:29] "GET /web/service-worker.js HTTP/1.1" 200 - 1 0.003 0.005
2026-02-26 05:09:33,449 15864 INFO wsi_2026 werkzeug: 127.0.0.1 - - [26/Feb/2026 05:09:33] "POST /web/dataset/call_kw/ir.module.module/web_search_read#ir.module.module.web_search_read HTTP/1.1" 200 - 5 0.012 0.015
2026-02-26 05:09:33,480 15864 INFO wsi_2026 werkzeug: 127.0.0.1 - - [26/Feb/2026 05:09:33] "POST /web/dataset/call_kw/ir.module.module/search_panel_select_range#ir.module.module.search_panel_select_range HTTP/1.1" 200 - 39 0.038 0.020
2026-02-26 05:09:33,685 15864 INFO wsi_2026 werkzeug: 127.0.0.1 - - [26/Feb/2026 05:09:33] "POST /web/dataset/call_kw/ir.module.module/check_module_update#ir.module.module.check_module_update HTTP/1.1" 200 - 2 0.003 0.005
2026-02-26 05:10:02,486 15864 INFO wsi_2026 odoo.addons.base.models.ir_cron: Job 'Base: Auto-vacuum internal data' (1) starting 
2026-02-26 05:10:02,584 15864 INFO wsi_2026 odoo.addons.base.models.res_device: GC device logs delete 0 entries 
2026-02-26 05:10:02,715 15864 INFO wsi_2026 odoo.addons.base.models.res_device: GC device logs delete 0 entries 
2026-02-26 05:10:02,752 15864 INFO wsi_2026 odoo.addons.base.models.res_users: GC'd 0 user log entries 
2026-02-26 05:10:02,764 15864 INFO wsi_2026 odoo.addons.base.models.res_users: GC 'auth_totp.device' delete 0 entries 
2026-02-26 05:10:02,789 15864 INFO wsi_2026 odoo.addons.base.models.ir_attachment: filestore gc 2 checked, 0 removed 
2026-02-26 05:10:02,825 15864 INFO wsi_2026 odoo.addons.api_doc.models.ir_attachment: GC'd 0 /doc cached index 
2026-02-26 05:10:03,049 15864 INFO wsi_2026 odoo.addons.base.models.res_users: GC 'res.users.apikeys' delete 0 entries 
2026-02-26 05:10:03,100 15864 INFO wsi_2026 odoo.addons.base.models.ir_cron: Job 'Base: Auto-vacuum internal data' (1) fully done (#loop 1; done 44; remaining 0; duration 0.62s) 
2026-02-26 06:04:01,789 15864 INFO wsi_2026 werkzeug: 127.0.0.1 - - [26/Feb/2026 06:04:01] "GET /web/login?redirect=/odoo?db%3Ddgb_adhikara HTTP/1.1" 303 - 1 0.021 0.055
2026-02-26 06:04:03,011 15864 INFO wsi_2026 werkzeug: 127.0.0.1 - - [26/Feb/2026 06:04:03] "GET /odoo?db=dgb_adhikara HTTP/1.1" 302 - 1 0.001 0.038
2026-02-26 06:04:03,032 15864 INFO wsi_2026 werkzeug: 127.0.0.1 - - [26/Feb/2026 06:04:03] "GET /web/service-worker.js HTTP/1.1" 200 - 1 0.016 0.043
2026-02-26 06:04:03,368 15864 INFO ? odoo.sql_db: Connection to the database failed 
2026-02-26 06:04:03,368 15864 WARNING ? odoo.http: Database or registry unusable, trying without 
Traceback (most recent call last):
  File "C:\Users\wadhi\OneDrive\Documents\KULIAH\MAGANG\wisi-wise-web-odoo\odoo\orm\registry.py", line 118, in __new__
    return cls.registries[db_name]
           ~~~~~~~~~~~~~~^^^^^^^^^
  File "C:\Users\wadhi\OneDrive\Documents\KULIAH\MAGANG\wisi-wise-web-odoo\odoo\tools\lru.py", line 57, in __getitem__
    val = self._values[key]
          ~~~~~~~~~~~~^^^^^
KeyError: 'dgb_adhikara'

During handling of the above exception, another exception occurred:

Traceback (most recent call last):
  File "C:\Users\wadhi\OneDrive\Documents\KULIAH\MAGANG\wisi-wise-web-odoo\odoo\http.py", line 2219, in _serve_db
    registry = Registry(self.db)
               ^^^^^^^^^^^^^^^^^
  File "C:\Users\wadhi\OneDrive\Documents\KULIAH\MAGANG\wisi-wise-web-odoo\odoo\orm\registry.py", line 120, in __new__
    return cls.new(db_name)
           ^^^^^^^^^^^^^^^^
  File "C:\Users\wadhi\OneDrive\Documents\KULIAH\MAGANG\wisi-wise-web-odoo\odoo\tools\func.py", line 88, in locked
    return func(inst, *args, **kwargs)
           ^^^^^^^^^^^^^^^^^^^^^^^^^^^
  File "C:\Users\wadhi\OneDrive\Documents\KULIAH\MAGANG\wisi-wise-web-odoo\odoo\orm\registry.py", line 164, in new
    registry.init(db_name)
  File "C:\Users\wadhi\OneDrive\Documents\KULIAH\MAGANG\wisi-wise-web-odoo\odoo\orm\registry.py", line 301, in init
    with closing(self.cursor()) as cr:
                 ^^^^^^^^^^^^^
  File "C:\Users\wadhi\OneDrive\Documents\KULIAH\MAGANG\wisi-wise-web-odoo\odoo\orm\registry.py", line 1168, in cursor
    return self._db.cursor()
           ^^^^^^^^^^^^^^^^^
  File "C:\Users\wadhi\OneDrive\Documents\KULIAH\MAGANG\wisi-wise-web-odoo\odoo\sql_db.py", line 763, in cursor
    return Cursor(self.__pool, self.__dbname, self.__dsn)
           ^^^^^^^^^^^^^^^^^^^^^^^^^^^^^^^^^^^^^^^^^^^^^^
  File "C:\Users\wadhi\OneDrive\Documents\KULIAH\MAGANG\wisi-wise-web-odoo\odoo\sql_db.py", line 365, in __init__
    self._cnx: PsycoConnection = pool.borrow(dsn)
                                 ^^^^^^^^^^^^^^^^
  File "C:\Users\wadhi\OneDrive\Documents\KULIAH\MAGANG\wisi-wise-web-odoo\odoo\tools\func.py", line 88, in locked
    return func(inst, *args, **kwargs)
           ^^^^^^^^^^^^^^^^^^^^^^^^^^^
  File "C:\Users\wadhi\OneDrive\Documents\KULIAH\MAGANG\wisi-wise-web-odoo\odoo\sql_db.py", line 687, in borrow
    result = psycopg2.connect(
             ^^^^^^^^^^^^^^^^^
  File "C:\Users\wadhi\OneDrive\Documents\KULIAH\MAGANG\wisi-wise-web-odoo\.venv\Lib\site-packages\psycopg2\__init__.py", line 122, in connect
    conn = _connect(dsn, connection_factory=connection_factory, **kwasync)
           ^^^^^^^^^^^^^^^^^^^^^^^^^^^^^^^^^^^^^^^^^^^^^^^^^^^^^^^^^^^^^^^
psycopg2.OperationalError: connection to server at "localhost" (::1), port 5434 failed: FATAL:  database "dgb_adhikara" does not exist

2026-02-26 06:04:03,413 15864 INFO wsi_2026 werkzeug: 127.0.0.1 - - [26/Feb/2026 06:04:03] "GET /web/service-worker.js HTTP/1.1" 200 - 1 0.007 0.066
2026-02-26 06:04:03,423 15864 INFO ? werkzeug: 127.0.0.1 - - [26/Feb/2026 06:04:03] "GET /odoo?db=dgb_adhikara HTTP/1.1" 302 - 1 0.005 0.093
2026-02-26 06:04:03,786 15864 INFO wsi_2026 werkzeug: 127.0.0.1 - - [26/Feb/2026 06:04:03] "GET /odoo HTTP/1.1" 303 - 4 0.018 0.028
2026-02-26 06:04:04,657 15864 INFO wsi_2026 werkzeug: 127.0.0.1 - - [26/Feb/2026 06:04:04] "GET /web/login?redirect=/odoo? HTTP/1.1" 200 - 41 0.072 0.579
2026-02-26 06:04:05,048 15864 INFO wsi_2026 werkzeug: 127.0.0.1 - - [26/Feb/2026 06:04:05] "GET /web/binary/company_logo HTTP/1.1" 200 - 5 0.027 0.010
2026-02-26 06:04:05,593 15864 INFO wsi_2026 odoo.addons.base.models.assetsbundle: Generating a new asset bundle attachment /web/assets/a4accf1/web.assets_frontend_minimal.min.js (id:18) 
2026-02-26 06:04:05,630 15864 INFO wsi_2026 werkzeug: 127.0.0.1 - - [26/Feb/2026 06:04:05] "GET /web/assets/a4accf1/web.assets_frontend_minimal.min.js HTTP/1.1" 200 - 12 0.027 0.248
2026-02-26 06:04:11,157 15864 INFO wsi_2026 odoo.addons.base.models.assetsbundle: Generating a new asset bundle attachment /web/assets/65bbe9a/web.assets_frontend.min.css (id:19) 
2026-02-26 06:04:11,177 15864 INFO wsi_2026 werkzeug: 127.0.0.1 - - [26/Feb/2026 06:04:11] "GET /web/assets/65bbe9a/web.assets_frontend.min.css HTTP/1.1" 200 - 12 0.066 6.408
2026-02-26 06:04:12,857 15864 INFO wsi_2026 werkzeug: 127.0.0.1 - - [26/Feb/2026 06:04:12] "GET /web/service-worker.js HTTP/1.1" 200 - 5 0.004 0.008
2026-02-26 06:04:13,179 15864 INFO wsi_2026 werkzeug: 127.0.0.1 - - [26/Feb/2026 06:04:13] "GET /web/service-worker.js HTTP/1.1" 200 - 5 0.008 0.005
2026-02-26 06:04:17,903 15864 INFO wsi_2026 odoo.addons.base.models.assetsbundle: Generating a new asset bundle attachment /web/assets/7f99620/web.assets_frontend_lazy.min.js (id:20) 
2026-02-26 06:04:18,336 15864 INFO wsi_2026 werkzeug: 127.0.0.1 - - [26/Feb/2026 06:04:18] "GET /web/assets/7f99620/web.assets_frontend_lazy.min.js HTTP/1.1" 200 - 12 0.011 6.792
2026-02-26 06:04:18,819 15864 INFO wsi_2026 werkzeug: 127.0.0.1 - - [26/Feb/2026 06:04:18] "GET /web/webclient/translations?hash=&lang= HTTP/1.1" 200 - 5 0.004 0.008
2026-02-26 06:04:49,533 15864 INFO wsi_2026 werkzeug: 127.0.0.1 - - [26/Feb/2026 06:04:49] "GET /web/service-worker.js HTTP/1.1" 200 - 5 0.009 0.007
2026-02-26 06:37:27,453 15864 INFO wsi_2026 werkzeug: 127.0.0.1 - - [26/Feb/2026 06:37:27] "GET /websocket?version=19.0-2 HTTP/1.1" 101 - 5 0.004 0.025
2026-02-26 06:37:27,828 15864 INFO wsi_2026 werkzeug: 127.0.0.1 - - [26/Feb/2026 06:37:27] "POST /bus/has_missed_notifications HTTP/1.1" 200 - 6 0.014 0.029
2026-02-26 06:56:13,709 15864 INFO wsi_2026 odoo.http: Session expired 
2026-02-26 06:56:13,710 15864 INFO wsi_2026 werkzeug: 127.0.0.1 - - [26/Feb/2026 06:56:13] "POST /web/action/load HTTP/1.1" 200 - 1 0.004 0.134
2026-02-26 06:56:15,920 15864 INFO wsi_2026 werkzeug: 127.0.0.1 - - [26/Feb/2026 06:56:15] "GET /odoo/apps HTTP/1.1" 303 - 4 0.012 0.035
2026-02-26 06:56:16,267 15864 INFO wsi_2026 werkzeug: 127.0.0.1 - - [26/Feb/2026 06:56:16] "GET /web/login?redirect=/odoo/apps? HTTP/1.1" 200 - 7 0.014 0.070
2026-02-26 06:56:16,746 15864 INFO wsi_2026 werkzeug: 127.0.0.1 - - [26/Feb/2026 06:56:16] "GET /web/binary/company_logo HTTP/1.1" 304 - 5 0.025 0.019
2026-02-26 06:56:16,992 15864 INFO wsi_2026 werkzeug: 127.0.0.1 - - [26/Feb/2026 06:56:16] "GET /web/webclient/translations?hash=f6edbf8f3d4b4718c81674d8056d895de3641cc4&lang= HTTP/1.1" 200 - 5 0.010 0.020
2026-02-26 06:56:18,168 15864 INFO wsi_2026 werkzeug: 127.0.0.1 - - [26/Feb/2026 06:56:18] "GET /web/service-worker.js HTTP/1.1" 200 - 5 0.009 0.013
2026-02-26 06:56:18,497 15864 INFO wsi_2026 werkzeug: 127.0.0.1 - - [26/Feb/2026 06:56:18] "GET /web/service-worker.js HTTP/1.1" 200 - 5 0.015 0.010
2026-02-26 06:56:32,350 15864 INFO wsi_2026 odoo.addons.base.models.res_users: Login successful for login:info@wsi.co.id from 127.0.0.1 
2026-02-26 06:56:32,400 15864 INFO wsi_2026 werkzeug: 127.0.0.1 - - [26/Feb/2026 06:56:32] "POST /web/login HTTP/1.1" 303 - 19 0.066 1.049
2026-02-26 06:56:32,454 15864 INFO wsi_2026 odoo.addons.base.models.res_device: User 2 inserts device log (AuRc5JHiqdrBnaeWzaWgx3F7w9V5fbNGWnzlA_6wmP) 
2026-02-26 06:56:32,532 15864 INFO wsi_2026 werkzeug: 127.0.0.1 - - [26/Feb/2026 06:56:32] "GET /odoo/apps HTTP/1.1" 200 - 10 0.044 0.080
2026-02-26 06:56:33,031 15864 INFO wsi_2026 werkzeug: 127.0.0.1 - - [26/Feb/2026 06:56:33] "GET /web/webclient/load_menus HTTP/1.1" 200 - 1 0.009 0.102
2026-02-26 06:56:33,033 15864 INFO wsi_2026 werkzeug: 127.0.0.1 - - [26/Feb/2026 06:56:33] "GET /web/assets/23d9238/web.assets_web.min.css HTTP/1.1" 200 - 3 0.031 0.083
2026-02-26 06:56:33,127 15864 INFO wsi_2026 werkzeug: 127.0.0.1 - - [26/Feb/2026 06:56:33] "GET /web/manifest.webmanifest HTTP/1.1" 200 - 4 0.079 0.125
2026-02-26 06:56:33,509 15864 INFO wsi_2026 werkzeug: 127.0.0.1 - - [26/Feb/2026 06:56:33] "GET /web/assets/f323ae1/web.assets_web_print.min.css HTTP/1.1" 200 - 3 0.029 0.036
2026-02-26 06:56:34,242 15864 INFO wsi_2026 werkzeug: 127.0.0.1 - - [26/Feb/2026 06:56:34] "GET /web/assets/0c1c09c/web.assets_web.min.js HTTP/1.1" 200 - 3 0.013 1.630
2026-02-26 06:56:35,167 15864 INFO wsi_2026 werkzeug: 127.0.0.1 - - [26/Feb/2026 06:56:35] "GET /web/webclient/translations?hash=ae90ab5f4c0da288bd95c52216c35e6c1d2849e7&lang=en_US HTTP/1.1" 200 - 1 0.003 0.010
2026-02-26 06:56:35,291 15864 INFO wsi_2026 werkzeug: 127.0.0.1 - - [26/Feb/2026 06:56:35] "POST /web/dataset/call_kw/ir.module.module/search_panel_select_range#ir.module.module.search_panel_select_range HTTP/1.1" 200 - 1 0.004 0.048
2026-02-26 06:56:35,348 15864 INFO wsi_2026 werkzeug: 127.0.0.1 - - [26/Feb/2026 06:56:35] "POST /web/dataset/call_kw/ir.module.module/get_views#ir.module.module.get_views HTTP/1.1" 200 - 2 0.016 0.140
2026-02-26 06:56:35,350 15864 INFO wsi_2026 werkzeug: 127.0.0.1 - - [26/Feb/2026 06:56:35] "GET /web/image/res.partner/3/avatar_128?unique=1772057316000 HTTP/1.1" 200 - 7 0.069 0.083
2026-02-26 06:56:35,458 15864 INFO wsi_2026 werkzeug: 127.0.0.1 - - [26/Feb/2026 06:56:35] "POST /web/dataset/call_kw/ir.module.module/search_panel_select_range#ir.module.module.search_panel_select_range HTTP/1.1" 200 - 39 0.147 0.057
2026-02-26 06:56:35,489 15864 INFO wsi_2026 werkzeug: 127.0.0.1 - - [26/Feb/2026 06:56:35] "POST /web/dataset/call_kw/ir.module.module/check_module_update#ir.module.module.check_module_update HTTP/1.1" 200 - 2 0.006 0.007
2026-02-26 06:56:35,517 15864 INFO wsi_2026 werkzeug: 127.0.0.1 - - [26/Feb/2026 06:56:35] "POST /web/dataset/call_kw/ir.module.module/web_search_read#ir.module.module.web_search_read HTTP/1.1" 200 - 3 0.026 0.164
2026-02-26 06:56:35,612 15864 INFO wsi_2026 werkzeug: 127.0.0.1 - - [26/Feb/2026 06:56:35] "POST /web/dataset/call_kw/ir.module.module/check_module_update#ir.module.module.check_module_update HTTP/1.1" 200 - 2 0.005 0.008
2026-02-26 06:56:35,713 15864 INFO wsi_2026 werkzeug: 127.0.0.1 - - [26/Feb/2026 06:56:35] "GET /web/image?model=res.users&field=avatar_128&id=2 HTTP/1.1" 304 - 8 0.024 0.029
2026-02-26 06:56:35,746 15864 INFO wsi_2026 werkzeug: 127.0.0.1 - - [26/Feb/2026 06:56:35] "GET /bus/websocket_worker_bundle?v=19.0-2 HTTP/1.1" 304 - 3 0.009 0.073
2026-02-26 06:56:36,160 15864 INFO wsi_2026 werkzeug: 127.0.0.1 - - [26/Feb/2026 06:56:36] "GET /websocket?version=19.0-2 HTTP/1.1" 101 - 1 0.003 0.006
2026-02-26 06:56:37,427 15864 INFO wsi_2026 werkzeug: 127.0.0.1 - - [26/Feb/2026 06:56:37] "GET /web/service-worker.js HTTP/1.1" 200 - 1 0.003 0.007
2026-02-26 06:56:37,739 15864 INFO wsi_2026 werkzeug: 127.0.0.1 - - [26/Feb/2026 06:56:37] "GET /web/service-worker.js HTTP/1.1" 200 - 1 0.002 0.006
2026-02-26 06:57:03,738 15864 INFO wsi_2026 werkzeug: 127.0.0.1 - - [26/Feb/2026 06:57:03] "GET /web/service-worker.js HTTP/1.1" 200 - 1 0.003 0.005
2026-02-26 07:30:24,029 15864 INFO wsi_2026 werkzeug: 127.0.0.1 - - [26/Feb/2026 07:30:24] "POST /web/dataset/call_kw/ir.module.module/web_search_read#ir.module.module.web_search_read HTTP/1.1" 200 - 5 0.042 0.047
2026-02-26 07:30:24,142 15864 INFO wsi_2026 werkzeug: 127.0.0.1 - - [26/Feb/2026 07:30:24] "POST /web/dataset/call_kw/ir.module.module/search_panel_select_range#ir.module.module.search_panel_select_range HTTP/1.1" 200 - 39 0.118 0.089
2026-02-26 07:30:24,201 15864 INFO wsi_2026 werkzeug: 127.0.0.1 - - [26/Feb/2026 07:30:24] "POST /web/dataset/call_kw/ir.module.module/check_module_update#ir.module.module.check_module_update HTTP/1.1" 200 - 2 0.007 0.009
2026-02-26 07:30:42,429 15864 INFO wsi_2026 werkzeug: 127.0.0.1 - - [26/Feb/2026 07:30:42] "POST /web/dataset/call_kw/ir.module.module/search_panel_select_range#ir.module.module.search_panel_select_range HTTP/1.1" 200 - 39 0.038 0.011
2026-02-26 07:30:42,773 15864 INFO wsi_2026 werkzeug: 127.0.0.1 - - [26/Feb/2026 07:30:42] "POST /web/dataset/call_kw/ir.module.module/web_search_read#ir.module.module.web_search_read HTTP/1.1" 200 - 5 0.007 0.084
2026-02-26 07:30:43,102 15864 INFO wsi_2026 werkzeug: 127.0.0.1 - - [26/Feb/2026 07:30:43] "POST /web/dataset/call_kw/ir.module.module/check_module_update#ir.module.module.check_module_update HTTP/1.1" 200 - 2 0.002 0.006
2026-02-26 07:30:43,357 15864 INFO ? werkzeug: 127.0.0.1 - - [26/Feb/2026 07:30:43] "GET /hr_work_entry/static/description/icon.png HTTP/1.1" 200 - 0 0.000 0.008
2026-02-26 07:30:43,433 15864 INFO ? werkzeug: 127.0.0.1 - - [26/Feb/2026 07:30:43] "GET /gamification/static/description/icon.png HTTP/1.1" 200 - 0 0.000 0.005
2026-02-26 07:31:52,469 15864 INFO wsi_2026 werkzeug: 127.0.0.1 - - [26/Feb/2026 07:31:52] "POST /web/dataset/call_button/ir.module.module/more_info#ir.module.module.more_info HTTP/1.1" 200 - 1 0.006 0.021
2026-02-26 07:31:52,713 15864 INFO wsi_2026 werkzeug: 127.0.0.1 - - [26/Feb/2026 07:31:52] "POST /web/dataset/call_kw/ir.module.module/get_views#ir.module.module.get_views HTTP/1.1" 200 - 1 0.003 0.016
2026-02-26 07:31:53,059 15864 INFO wsi_2026 werkzeug: 127.0.0.1 - - [26/Feb/2026 07:31:53] "POST /web/dataset/call_kw/ir.module.module/web_read#ir.module.module.web_read HTTP/1.1" 200 - 17 0.092 0.158
2026-02-26 07:31:53,167 15864 INFO ? werkzeug: 127.0.0.1 - - [26/Feb/2026 07:31:53] "GET /base/static/src/css/description.css HTTP/1.1" 200 - 0 0.000 0.057
2026-02-26 07:31:53,529 15864 INFO wsi_2026 werkzeug: 127.0.0.1 - - [26/Feb/2026 07:31:53] "GET /web/image/ir.module.module/89/icon_image?unique=1772082493000 HTTP/1.1" 200 - 3 0.007 0.008
2026-02-26 07:31:57,574 15864 INFO wsi_2026 werkzeug: 127.0.0.1 - - [26/Feb/2026 07:31:57] "POST /web/action/load HTTP/1.1" 200 - 11 0.064 0.029
2026-02-26 07:31:57,909 15864 INFO wsi_2026 werkzeug: 127.0.0.1 - - [26/Feb/2026 07:31:57] "POST /web/dataset/call_kw/ir.module.module/check_module_update#ir.module.module.check_module_update HTTP/1.1" 200 - 2 0.006 0.006
2026-02-26 07:31:57,929 15864 INFO wsi_2026 werkzeug: 127.0.0.1 - - [26/Feb/2026 07:31:57] "POST /web/dataset/call_kw/ir.module.module/web_search_read#ir.module.module.web_search_read HTTP/1.1" 200 - 5 0.008 0.028
2026-02-26 07:31:58,155 15864 INFO wsi_2026 werkzeug: 127.0.0.1 - - [26/Feb/2026 07:31:58] "POST /web/dataset/call_kw/ir.module.module/check_module_update#ir.module.module.check_module_update HTTP/1.1" 200 - 2 0.005 0.007
2026-02-26 07:32:06,739 15864 INFO wsi_2026 werkzeug: 127.0.0.1 - - [26/Feb/2026 07:32:06] "POST /web/action/load HTTP/1.1" 200 - 9 0.022 0.020
2026-02-26 07:32:07,197 15864 INFO wsi_2026 werkzeug: 127.0.0.1 - - [26/Feb/2026 07:32:07] "POST /web/dataset/call_kw/res.config.settings/get_views#res.config.settings.get_views HTTP/1.1" 200 - 9 0.050 0.063
2026-02-26 07:32:07,465 15864 INFO wsi_2026 werkzeug: 127.0.0.1 - - [26/Feb/2026 07:32:07] "POST /web/dataset/call_kw/res.config.settings/onchange#res.config.settings.onchange HTTP/1.1" 200 - 29 0.082 0.041
2026-02-26 07:32:07,569 15864 INFO wsi_2026 werkzeug: 127.0.0.1 - - [26/Feb/2026 07:32:07] "POST /base_setup/demo_active HTTP/1.1" 200 - 2 0.010 0.012
2026-02-26 07:32:07,914 15864 INFO wsi_2026 werkzeug: 127.0.0.1 - - [26/Feb/2026 07:32:07] "POST /base_setup/data HTTP/1.1" 200 - 6 0.022 0.010
2026-02-26 07:32:08,142 15864 INFO ? werkzeug: 127.0.0.1 - - [26/Feb/2026 07:32:08] "GET /base/static/description/settings.png HTTP/1.1" 200 - 0 0.000 0.005
2026-02-26 07:32:16,448 15864 INFO wsi_2026 werkzeug: 127.0.0.1 - - [26/Feb/2026 07:32:16] "POST /web/dataset/call_kw/res.config.settings/onchange#res.config.settings.onchange HTTP/1.1" 200 - 9 0.014 0.022
2026-02-26 07:32:29,591 15864 INFO wsi_2026 werkzeug: 127.0.0.1 - - [26/Feb/2026 07:32:29] "GET /odoo/settings?debug=1 HTTP/1.1" 200 - 9 0.015 0.017
2026-02-26 07:32:29,781 15864 INFO wsi_2026 werkzeug: 127.0.0.1 - - [26/Feb/2026 07:32:29] "GET /web/webclient/load_menus HTTP/1.1" 200 - 9 0.029 0.090
2026-02-26 07:32:29,832 15864 INFO wsi_2026 werkzeug: 127.0.0.1 - - [26/Feb/2026 07:32:29] "GET /web/manifest.webmanifest HTTP/1.1" 200 - 4 0.010 0.011
2026-02-26 07:32:30,345 15864 INFO wsi_2026 werkzeug: 127.0.0.1 - - [26/Feb/2026 07:32:30] "GET /web/webclient/translations?hash=ae90ab5f4c0da288bd95c52216c35e6c1d2849e7&lang=en_US HTTP/1.1" 200 - 1 0.002 0.006
2026-02-26 07:32:30,365 15864 INFO wsi_2026 werkzeug: 127.0.0.1 - - [26/Feb/2026 07:32:30] "POST /web/dataset/call_kw/res.config.settings/get_views#res.config.settings.get_views HTTP/1.1" 200 - 1 0.003 0.015
2026-02-26 07:32:30,531 15864 INFO wsi_2026 werkzeug: 127.0.0.1 - - [26/Feb/2026 07:32:30] "POST /web/dataset/call_kw/res.config.settings/onchange#res.config.settings.onchange HTTP/1.1" 200 - 9 0.012 0.118
2026-02-26 07:32:30,550 15864 INFO wsi_2026 werkzeug: 127.0.0.1 - - [26/Feb/2026 07:32:30] "GET /web/image?model=res.users&field=avatar_128&id=2 HTTP/1.1" 304 - 8 0.045 0.092
2026-02-26 07:32:30,608 15864 INFO wsi_2026 werkzeug: 127.0.0.1 - - [26/Feb/2026 07:32:30] "GET /bus/websocket_worker_bundle?v=19.0-2 HTTP/1.1" 304 - 3 0.008 0.008
2026-02-26 07:32:30,704 15864 INFO wsi_2026 werkzeug: 127.0.0.1 - - [26/Feb/2026 07:32:30] "POST /base_setup/demo_active HTTP/1.1" 200 - 2 0.005 0.006
2026-02-26 07:32:30,911 15864 INFO wsi_2026 werkzeug: 127.0.0.1 - - [26/Feb/2026 07:32:30] "POST /base_setup/data HTTP/1.1" 200 - 5 0.009 0.005
2026-02-26 07:32:30,969 15864 INFO wsi_2026 werkzeug: 127.0.0.1 - - [26/Feb/2026 07:32:30] "GET /websocket?version=19.0-2 HTTP/1.1" 101 - 1 0.004 0.017
2026-02-26 07:32:32,332 15864 INFO wsi_2026 werkzeug: 127.0.0.1 - - [26/Feb/2026 07:32:32] "GET /web/service-worker.js HTTP/1.1" 200 - 1 0.002 0.006
2026-02-26 07:32:36,074 15864 INFO wsi_2026 werkzeug: 127.0.0.1 - - [26/Feb/2026 07:32:36] "POST /web/action/load HTTP/1.1" 200 - 10 0.008 0.013
2026-02-26 07:32:36,307 15864 INFO wsi_2026 werkzeug: 127.0.0.1 - - [26/Feb/2026 07:32:36] "POST /web/dataset/call_kw/ir.module.module/get_views#ir.module.module.get_views HTTP/1.1" 200 - 2 0.006 0.013
2026-02-26 07:32:36,327 15864 INFO wsi_2026 werkzeug: 127.0.0.1 - - [26/Feb/2026 07:32:36] "POST /web/dataset/call_kw/ir.module.module/search_panel_select_range#ir.module.module.search_panel_select_range HTTP/1.1" 200 - 1 0.002 0.007
2026-02-26 07:32:36,701 15864 INFO wsi_2026 werkzeug: 127.0.0.1 - - [26/Feb/2026 07:32:36] "POST /web/dataset/call_kw/ir.module.module/check_module_update#ir.module.module.check_module_update HTTP/1.1" 200 - 2 0.013 0.037
2026-02-26 07:32:36,722 15864 INFO wsi_2026 werkzeug: 127.0.0.1 - - [26/Feb/2026 07:32:36] "POST /web/dataset/call_kw/ir.module.module/search_panel_select_range#ir.module.module.search_panel_select_range HTTP/1.1" 200 - 41 0.067 0.036
2026-02-26 07:32:36,753 15864 INFO wsi_2026 werkzeug: 127.0.0.1 - - [26/Feb/2026 07:32:36] "POST /web/dataset/call_kw/ir.module.module/web_search_read#ir.module.module.web_search_read HTTP/1.1" 200 - 3 0.011 0.111
2026-02-26 07:32:36,769 15864 INFO wsi_2026 werkzeug: 127.0.0.1 - - [26/Feb/2026 07:32:36] "POST /web/dataset/call_kw/ir.module.module/check_module_update#ir.module.module.check_module_update HTTP/1.1" 200 - 2 0.007 0.008
2026-02-26 07:32:48,517 15864 INFO wsi_2026 werkzeug: 127.0.0.1 - - [26/Feb/2026 07:32:48] "POST /web/dataset/call_kw/ir.module.module/web_search_read#ir.module.module.web_search_read HTTP/1.1" 200 - 5 0.014 0.026
2026-02-26 07:32:48,581 15864 INFO wsi_2026 werkzeug: 127.0.0.1 - - [26/Feb/2026 07:32:48] "POST /web/dataset/call_kw/ir.module.module/search_panel_select_range#ir.module.module.search_panel_select_range HTTP/1.1" 200 - 41 0.067 0.036
2026-02-26 07:32:48,742 15864 INFO wsi_2026 werkzeug: 127.0.0.1 - - [26/Feb/2026 07:32:48] "POST /web/dataset/call_kw/ir.module.module/check_module_update#ir.module.module.check_module_update HTTP/1.1" 200 - 2 0.005 0.006
2026-02-26 07:32:50,363 15864 INFO wsi_2026 werkzeug: 127.0.0.1 - - [26/Feb/2026 07:32:50] "POST /web/dataset/call_kw/ir.module.module/search_panel_select_range#ir.module.module.search_panel_select_range HTTP/1.1" 200 - 41 0.043 0.031
2026-02-26 07:32:50,630 15864 INFO wsi_2026 werkzeug: 127.0.0.1 - - [26/Feb/2026 07:32:50] "POST /web/dataset/call_kw/ir.module.module/web_search_read#ir.module.module.web_search_read HTTP/1.1" 200 - 5 0.009 0.029
2026-02-26 07:32:50,717 15864 INFO wsi_2026 werkzeug: 127.0.0.1 - - [26/Feb/2026 07:32:50] "POST /web/dataset/call_kw/ir.module.module/web_search_read#ir.module.module.web_search_read HTTP/1.1" 200 - 5 0.011 0.026
2026-02-26 07:32:51,073 15864 INFO wsi_2026 werkzeug: 127.0.0.1 - - [26/Feb/2026 07:32:51] "POST /web/dataset/call_kw/ir.module.module/check_module_update#ir.module.module.check_module_update HTTP/1.1" 200 - 2 0.009 0.011
2026-02-26 07:34:19,336 15864 INFO wsi_2026 werkzeug: 127.0.0.1 - - [26/Feb/2026 07:34:19] "POST /web/dataset/call_kw/ir.ui.view/has_access#ir.ui.view.has_access HTTP/1.1" 200 - 1 0.002 0.008
2026-02-26 07:34:19,338 15864 INFO wsi_2026 werkzeug: 127.0.0.1 - - [26/Feb/2026 07:34:19] "POST /web/dataset/call_kw/ir.rule/has_access#ir.rule.has_access HTTP/1.1" 200 - 1 0.002 0.010
2026-02-26 07:34:19,339 15864 INFO wsi_2026 werkzeug: 127.0.0.1 - - [26/Feb/2026 07:34:19] "POST /web/dataset/call_kw/ir.model.access/has_access#ir.model.access.has_access HTTP/1.1" 200 - 1 0.001 0.011
2026-02-26 07:34:32,607 15864 INFO wsi_2026 werkzeug: 127.0.0.1 - - [26/Feb/2026 07:34:32] "POST /web/dataset/call_kw/ir.ui.view/get_views#ir.ui.view.get_views HTTP/1.1" 200 - 19 0.038 0.049
2026-02-26 07:34:32,984 15864 INFO wsi_2026 werkzeug: 127.0.0.1 - - [26/Feb/2026 07:34:32] "POST /web/dataset/call_kw/ir.ui.view/web_read#ir.ui.view.web_read HTTP/1.1" 200 - 12 0.031 0.022
2026-02-26 07:34:33,203 15864 INFO wsi_2026 werkzeug: 127.0.0.1 - - [26/Feb/2026 07:34:33] "GET /web/bundle/web.ace_lib?lang=en_US&debug=1 HTTP/1.1" 200 - 2 0.005 0.016
2026-02-26 07:34:33,821 15864 INFO wsi_2026 odoo.addons.base.models.assetsbundle: Generating a new asset bundle attachment /web/assets/5c2f25f/web.ace_lib.min.js (id:21) 
2026-02-26 07:34:35,290 15864 INFO wsi_2026 werkzeug: 127.0.0.1 - - [26/Feb/2026 07:34:35] "GET /web/assets/5c2f25f/web.ace_lib.min.js HTTP/1.1" 200 - 8 0.013 1.944
2026-02-26 07:35:34,746 15864 INFO wsi_2026 werkzeug: 127.0.0.1 - - [26/Feb/2026 07:35:34] "POST /web/dataset/call_kw/ir.module.module/search_panel_select_range#ir.module.module.search_panel_select_range HTTP/1.1" 200 - 1 0.003 0.007
2026-02-26 07:35:34,771 15864 INFO wsi_2026 werkzeug: 127.0.0.1 - - [26/Feb/2026 07:35:34] "POST /web/dataset/call_kw/ir.module.module/check_module_update#ir.module.module.check_module_update HTTP/1.1" 200 - 2 0.006 0.017
2026-02-26 07:35:34,813 15864 INFO wsi_2026 werkzeug: 127.0.0.1 - - [26/Feb/2026 07:35:34] "POST /web/dataset/call_kw/ir.module.module/check_module_update#ir.module.module.check_module_update HTTP/1.1" 200 - 2 0.005 0.006
2026-02-26 07:35:34,829 15864 INFO wsi_2026 werkzeug: 127.0.0.1 - - [26/Feb/2026 07:35:34] "POST /web/dataset/call_kw/ir.module.module/search_panel_select_range#ir.module.module.search_panel_select_range HTTP/1.1" 200 - 41 0.061 0.031
2026-02-26 07:35:34,835 15864 INFO wsi_2026 werkzeug: 127.0.0.1 - - [26/Feb/2026 07:35:34] "POST /web/dataset/call_kw/ir.module.module/web_search_read#ir.module.module.web_search_read HTTP/1.1" 200 - 3 0.015 0.083
2026-02-26 07:35:36,681 15864 INFO wsi_2026 werkzeug: 127.0.0.1 - - [26/Feb/2026 07:35:36] "POST /web/dataset/call_kw/ir.module.module/search_panel_select_range#ir.module.module.search_panel_select_range HTTP/1.1" 200 - 41 0.050 0.023
2026-02-26 07:35:36,935 15864 INFO wsi_2026 werkzeug: 127.0.0.1 - - [26/Feb/2026 07:35:36] "POST /web/dataset/call_kw/ir.module.module/web_search_read#ir.module.module.web_search_read HTTP/1.1" 200 - 5 0.007 0.016
2026-02-26 07:35:37,261 15864 INFO wsi_2026 werkzeug: 127.0.0.1 - - [26/Feb/2026 07:35:37] "POST /web/dataset/call_kw/ir.module.module/check_module_update#ir.module.module.check_module_update HTTP/1.1" 200 - 2 0.006 0.006
2026-02-26 07:35:38,674 15864 INFO wsi_2026 werkzeug: 127.0.0.1 - - [26/Feb/2026 07:35:38] "POST /web/dataset/call_kw/ir.module.module/search_panel_select_range#ir.module.module.search_panel_select_range HTTP/1.1" 200 - 41 0.053 0.023
2026-02-26 07:35:38,933 15864 INFO wsi_2026 werkzeug: 127.0.0.1 - - [26/Feb/2026 07:35:38] "POST /web/dataset/call_kw/ir.module.module/web_search_read#ir.module.module.web_search_read HTTP/1.1" 200 - 5 0.008 0.024
2026-02-26 07:35:39,270 15864 INFO wsi_2026 werkzeug: 127.0.0.1 - - [26/Feb/2026 07:35:39] "POST /web/dataset/call_kw/ir.module.module/check_module_update#ir.module.module.check_module_update HTTP/1.1" 200 - 2 0.004 0.005
2026-02-26 07:35:42,193 15864 INFO wsi_2026 odoo.addons.base.models.ir_module: ALLOW access to module.button_immediate_install on ['Employees'] to user info@wsi.co.id #2 via 127.0.0.1 
2026-02-26 07:35:42,194 15864 INFO wsi_2026 odoo.addons.base.models.ir_module: User #2 triggered module installation 
2026-02-26 07:35:42,205 15864 INFO wsi_2026 odoo.addons.base.models.ir_module: ALLOW access to module.button_install on ['Employees'] to user info@wsi.co.id #2 via 127.0.0.1 
2026-02-26 07:35:42,552 15864 INFO wsi_2026 odoo.modules.loading: loading 1 modules... 
2026-02-26 07:35:42,578 15864 INFO wsi_2026 odoo.modules.loading: 1 modules loaded in 0.03s, 0 queries (+0 extra) 
2026-02-26 07:35:42,648 15864 INFO wsi_2026 odoo.modules.loading: updating modules list 
2026-02-26 07:35:42,650 15864 INFO wsi_2026 odoo.addons.base.models.ir_module: ALLOW access to module.update_list on [] to user __system__ #1 via 127.0.0.1 
2026-02-26 07:35:51,326 15864 INFO wsi_2026 odoo.modules.loading: loading 40 modules... 
2026-02-26 07:35:51,342 15864 INFO wsi_2026 odoo.modules.loading: Loading module http_routing (15/40) 
2026-02-26 07:35:51,566 15864 INFO wsi_2026 odoo.registry: module http_routing: creating or updating database tables 
2026-02-26 07:35:51,661 15864 INFO wsi_2026 odoo.modules.loading: loading http_routing/views/http_routing_template.xml 
2026-02-26 07:35:51,865 15864 INFO wsi_2026 odoo.modules.loading: loading http_routing/views/res_lang_views.xml 
2026-02-26 07:35:51,961 15864 INFO wsi_2026 odoo.modules.loading: Module http_routing loaded in 0.62s, 113 queries (+113 other) 
2026-02-26 07:35:51,961 15864 INFO wsi_2026 odoo.modules.loading: Loading module resource (16/40) 
2026-02-26 07:35:52,286 15864 INFO wsi_2026 odoo.registry: module resource: creating or updating database tables 
2026-02-26 07:35:52,823 15864 INFO wsi_2026 odoo.modules.loading: loading resource/data/resource_data.xml 
2026-02-26 07:35:52,910 15864 INFO wsi_2026 odoo.modules.loading: loading resource/security/ir.model.access.csv 
2026-02-26 07:35:52,984 15864 INFO wsi_2026 odoo.modules.loading: loading resource/security/resource_security.xml 
2026-02-26 07:35:53,064 15864 INFO wsi_2026 odoo.modules.loading: loading resource/views/resource_resource_views.xml 
2026-02-26 07:35:53,138 15864 INFO wsi_2026 odoo.modules.loading: loading resource/views/resource_calendar_leaves_views.xml 
2026-02-26 07:35:53,212 15864 INFO wsi_2026 odoo.modules.loading: loading resource/views/resource_calendar_attendance_views.xml 
2026-02-26 07:35:53,247 15864 INFO wsi_2026 odoo.modules.loading: loading resource/views/resource_calendar_views.xml 
2026-02-26 07:35:53,354 15864 INFO wsi_2026 odoo.modules.loading: loading resource/views/menuitems.xml 
2026-02-26 07:35:53,444 15864 INFO wsi_2026 odoo.modules.loading: Module resource loaded in 1.48s, 414 queries (+414 other) 
2026-02-26 07:35:53,444 15864 INFO wsi_2026 odoo.modules.loading: Loading module web_hierarchy (17/40) 
2026-02-26 07:35:53,592 15864 INFO wsi_2026 odoo.registry: module web_hierarchy: creating or updating database tables 
2026-02-26 07:35:54,907 15864 INFO wsi_2026 odoo.modules.loading: Module web_hierarchy loaded in 1.46s, 1030 queries (+1030 other) 
2026-02-26 07:35:54,907 15864 INFO wsi_2026 odoo.modules.loading: Loading module mail (18/40) 
2026-02-26 07:35:55,026 15864 INFO wsi_2026 odoo.registry: module mail: creating or updating database tables 
2026-02-26 07:35:56,049 15864 INFO wsi_2026 odoo.models: Prepare computation of ir.actions.server.partner_ids 
2026-02-26 07:35:56,049 15864 INFO wsi_2026 odoo.models: Prepare computation of ir.actions.server.activity_user_id 
2026-02-26 07:35:56,049 15864 INFO wsi_2026 odoo.models: Prepare computation of ir.actions.server.activity_type_id 
2026-02-26 07:35:56,049 15864 INFO wsi_2026 odoo.models: Prepare computation of ir.actions.server.template_id 
2026-02-26 07:35:56,049 15864 INFO wsi_2026 odoo.models: Prepare computation of ir.actions.server.activity_date_deadline_range 
2026-02-26 07:35:56,050 15864 INFO wsi_2026 odoo.models: Prepare computation of ir.actions.server.activity_summary 
2026-02-26 07:35:56,050 15864 INFO wsi_2026 odoo.models: Prepare computation of ir.actions.server.followers_type 
2026-02-26 07:35:56,050 15864 INFO wsi_2026 odoo.models: Prepare computation of ir.actions.server.followers_partner_field_name 
2026-02-26 07:35:56,050 15864 INFO wsi_2026 odoo.models: Prepare computation of ir.actions.server.mail_post_method 
2026-02-26 07:35:56,050 15864 INFO wsi_2026 odoo.models: Prepare computation of ir.actions.server.activity_date_deadline_range_type 
2026-02-26 07:35:56,050 15864 INFO wsi_2026 odoo.models: Prepare computation of ir.actions.server.activity_user_type 
2026-02-26 07:35:56,050 15864 INFO wsi_2026 odoo.models: Prepare computation of ir.actions.server.activity_user_field_name 
2026-02-26 07:35:56,050 15864 INFO wsi_2026 odoo.models: Prepare computation of ir.actions.server.activity_note 
2026-02-26 07:35:56,051 15864 INFO wsi_2026 odoo.models: Prepare computation of ir.actions.server.mail_post_autofollow 
2026-02-26 07:35:56,227 15864 INFO wsi_2026 odoo.models: Prepare computation of res.users.notification_type 
2026-02-26 07:35:56,503 15864 INFO wsi_2026 odoo.models: Prepare computation of res.partner.email_normalized 
2026-02-26 07:36:00,390 15864 INFO wsi_2026 odoo.modules.loading: loading mail/data/mail_groups.xml 
2026-02-26 07:36:00,463 15864 INFO wsi_2026 odoo.modules.loading: loading mail/wizard/mail_activity_schedule_views.xml 
2026-02-26 07:36:00,546 15864 INFO wsi_2026 odoo.modules.loading: loading mail/wizard/mail_blacklist_remove_views.xml 
2026-02-26 07:36:00,570 15864 INFO wsi_2026 odoo.modules.loading: loading mail/wizard/mail_compose_message_views.xml 
2026-02-26 07:36:00,663 15864 INFO wsi_2026 odoo.modules.loading: loading mail/wizard/mail_template_preview_views.xml 
2026-02-26 07:36:00,696 15864 INFO wsi_2026 odoo.modules.loading: loading mail/wizard/mail_followers_edit_views.xml 
2026-02-26 07:36:00,732 15864 INFO wsi_2026 odoo.modules.loading: loading mail/wizard/mail_template_reset_views.xml 
2026-02-26 07:36:00,769 15864 INFO wsi_2026 odoo.modules.loading: loading mail/views/fetchmail_views.xml 
2026-02-26 07:36:00,863 15864 INFO wsi_2026 odoo.modules.loading: loading mail/views/ir_cron_views.xml 
2026-02-26 07:36:00,897 15864 INFO wsi_2026 odoo.modules.loading: loading mail/views/ir_filters_views.xml 
2026-02-26 07:36:00,943 15864 INFO wsi_2026 odoo.modules.loading: loading mail/views/ir_mail_server_views.xml 
2026-02-26 07:36:00,974 15864 INFO wsi_2026 odoo.modules.loading: loading mail/views/mail_message_subtype_views.xml 
2026-02-26 07:36:01,024 15864 INFO wsi_2026 odoo.modules.loading: loading mail/views/mail_tracking_value_views.xml 
2026-02-26 07:36:01,066 15864 INFO wsi_2026 odoo.modules.loading: loading mail/views/mail_notification_views.xml 
2026-02-26 07:36:01,118 15864 INFO wsi_2026 odoo.modules.loading: loading mail/views/mail_message_views.xml 
2026-02-26 07:36:01,255 15864 INFO wsi_2026 odoo.modules.loading: loading mail/views/mail_message_schedule_views.xml 
2026-02-26 07:36:01,314 15864 INFO wsi_2026 odoo.modules.loading: loading mail/views/mail_mail_views.xml 
2026-02-26 07:36:01,434 15864 INFO wsi_2026 odoo.modules.loading: loading mail/views/mail_followers_views.xml 
2026-02-26 07:36:01,479 15864 INFO wsi_2026 odoo.modules.loading: loading mail/views/mail_ice_server_views.xml 
2026-02-26 07:36:01,542 15864 INFO wsi_2026 odoo.modules.loading: loading mail/views/discuss_channel_member_views.xml 
2026-02-26 07:36:01,584 15864 INFO wsi_2026 odoo.modules.loading: loading mail/views/discuss_channel_rtc_session_views.xml 
2026-02-26 07:36:01,634 15864 INFO wsi_2026 odoo.modules.loading: loading mail/views/mail_link_preview_views.xml 
2026-02-26 07:36:01,683 15864 INFO wsi_2026 odoo.modules.loading: loading mail/views/discuss/discuss_gif_favorite_views.xml 
2026-02-26 07:36:01,721 15864 INFO wsi_2026 odoo.modules.loading: loading mail/views/discuss_channel_views.xml 
2026-02-26 07:36:01,798 15864 INFO wsi_2026 odoo.modules.loading: loading mail/views/mail_canned_response_views.xml 
2026-02-26 07:36:01,856 15864 INFO wsi_2026 odoo.modules.loading: loading mail/views/res_role_views.xml 
2026-02-26 07:36:01,901 15864 INFO wsi_2026 odoo.modules.loading: loading mail/views/mail_activity_views.xml 
2026-02-26 07:36:02,108 15864 INFO wsi_2026 odoo.modules.loading: loading mail/views/mail_activity_plan_views.xml 
2026-02-26 07:36:02,246 15864 INFO wsi_2026 odoo.modules.loading: loading mail/views/mail_activity_plan_template_views.xml 
2026-02-26 07:36:02,277 15864 INFO wsi_2026 odoo.modules.loading: loading mail/views/res_config_settings_views.xml 
2026-02-26 07:36:02,387 15864 INFO wsi_2026 odoo.modules.loading: loading mail/data/ir_config_parameter_data.xml 
2026-02-26 07:36:02,415 15864 INFO wsi_2026 odoo.modules.loading: loading mail/data/res_partner_data.xml 
2026-02-26 07:36:02,595 15864 INFO wsi_2026 odoo.modules.loading: loading mail/data/mail_message_subtype_data.xml 
2026-02-26 07:36:02,625 15864 INFO wsi_2026 odoo.modules.loading: loading mail/data/mail_templates_chatter.xml 
2026-02-26 07:36:02,680 15864 INFO wsi_2026 odoo.modules.loading: loading mail/data/mail_templates_email_layouts.xml 
2026-02-26 07:36:02,843 15864 INFO wsi_2026 odoo.modules.loading: loading mail/data/mail_templates_mailgateway.xml 
2026-02-26 07:36:02,895 15864 INFO wsi_2026 odoo.modules.loading: loading mail/data/discuss_channel_data.xml 
2026-02-26 07:36:02,989 15864 INFO wsi_2026 odoo.modules.loading: loading mail/data/mail_activity_type_data.xml 
2026-02-26 07:36:03,032 15864 INFO wsi_2026 odoo.modules.loading: loading mail/data/security_notifications_templates.xml 
2026-02-26 07:36:03,055 15864 INFO wsi_2026 odoo.modules.loading: loading mail/data/ir_cron_data.xml 
2026-02-26 07:36:03,284 15864 INFO wsi_2026 odoo.modules.loading: loading mail/data/ir_actions_client.xml 
2026-02-26 07:36:03,306 15864 INFO wsi_2026 odoo.modules.loading: loading mail/security/mail_security.xml 
2026-02-26 07:36:03,707 15864 INFO wsi_2026 odoo.modules.loading: loading mail/security/ir.model.access.csv 
2026-02-26 07:36:03,875 15864 INFO wsi_2026 odoo.modules.loading: loading mail/views/discuss_public_templates.xml 
2026-02-26 07:36:03,931 15864 INFO wsi_2026 odoo.modules.loading: loading mail/views/mail_alias_domain_views.xml 
2026-02-26 07:36:03,978 15864 INFO wsi_2026 odoo.modules.loading: loading mail/views/mail_alias_views.xml 
2026-02-26 07:36:04,033 15864 INFO wsi_2026 odoo.modules.loading: loading mail/views/mail_gateway_allowed_views.xml 
2026-02-26 07:36:04,069 15864 INFO wsi_2026 odoo.modules.loading: loading mail/views/mail_guest_views.xml 
2026-02-26 07:36:04,107 15864 INFO wsi_2026 odoo.modules.loading: loading mail/views/mail_message_reaction_views.xml 
2026-02-26 07:36:04,145 15864 INFO wsi_2026 odoo.modules.loading: loading mail/views/mail_templates_public.xml 
2026-02-26 07:36:04,174 15864 INFO wsi_2026 odoo.modules.loading: loading mail/views/res_users_views.xml 
2026-02-26 07:36:04,241 15864 INFO wsi_2026 odoo.modules.loading: loading mail/views/res_users_settings_views.xml 
2026-02-26 07:36:04,282 15864 INFO wsi_2026 odoo.modules.loading: loading mail/views/mail_template_views.xml 
2026-02-26 07:36:04,380 15864 INFO wsi_2026 odoo.modules.loading: loading mail/views/ir_actions_server_views.xml 
2026-02-26 07:36:04,473 15864 INFO wsi_2026 odoo.modules.loading: loading mail/views/ir_model_views.xml 
2026-02-26 07:36:04,557 15864 INFO wsi_2026 odoo.modules.loading: loading mail/views/res_partner_views.xml 
2026-02-26 07:36:04,696 15864 INFO wsi_2026 odoo.modules.loading: loading mail/views/mail_blacklist_views.xml 
2026-02-26 07:36:04,753 15864 INFO wsi_2026 odoo.modules.loading: loading mail/views/mail_menus.xml 
2026-02-26 07:36:05,158 15864 INFO wsi_2026 odoo.modules.loading: loading mail/views/discuss/discuss_menus.xml 
2026-02-26 07:36:05,182 15864 INFO wsi_2026 odoo.modules.loading: loading mail/views/discuss/discuss_call_history_views.xml 
2026-02-26 07:36:05,229 15864 INFO wsi_2026 odoo.modules.loading: loading mail/views/res_company_views.xml 
2026-02-26 07:36:05,260 15864 INFO wsi_2026 odoo.modules.loading: loading mail/views/mail_scheduled_message_views.xml 
2026-02-26 07:36:05,288 15864 INFO wsi_2026 odoo.modules.loading: loading mail/data/mail_canned_response_data.xml 
2026-02-26 07:36:05,326 15864 INFO wsi_2026 odoo.modules.loading: loading mail/data/mail_templates_invite.xml 
2026-02-26 07:36:05,360 15864 INFO wsi_2026 odoo.modules.loading: loading mail/data/web_tour_tour.xml 
2026-02-26 07:36:05,553 15864 INFO wsi_2026 odoo.modules.loading: Module mail loaded in 10.65s, 5014 queries (+5015 other) 
2026-02-26 07:36:05,553 15864 INFO wsi_2026 odoo.modules.loading: Loading module auth_signup (19/40) 
2026-02-26 07:36:05,751 15864 INFO wsi_2026 odoo.registry: module auth_signup: creating or updating database tables 
2026-02-26 07:36:05,971 15864 INFO wsi_2026 odoo.modules.loading: loading auth_signup/data/ir_config_parameter_data.xml 
2026-02-26 07:36:06,000 15864 INFO wsi_2026 odoo.modules.loading: loading auth_signup/data/ir_cron_data.xml 
2026-02-26 07:36:06,076 15864 INFO wsi_2026 odoo.modules.loading: loading auth_signup/data/mail_template_data.xml 
2026-02-26 07:36:06,275 15864 INFO wsi_2026 odoo.modules.loading: loading auth_signup/views/res_config_settings_views.xml 
2026-02-26 07:36:06,334 15864 INFO wsi_2026 odoo.modules.loading: loading auth_signup/views/res_users_views.xml 
2026-02-26 07:36:06,422 15864 INFO wsi_2026 odoo.modules.loading: loading auth_signup/views/auth_signup_login_templates.xml 
2026-02-26 07:36:06,488 15864 INFO wsi_2026 odoo.modules.loading: loading auth_signup/views/auth_signup_templates_email.xml 
2026-02-26 07:36:06,562 15864 INFO wsi_2026 odoo.modules.loading: loading auth_signup/views/webclient_templates.xml 
2026-02-26 07:36:06,649 15864 INFO wsi_2026 odoo.modules.loading: Module auth_signup loaded in 1.10s, 256 queries (+256 other) 
2026-02-26 07:36:06,649 15864 INFO wsi_2026 odoo.modules.loading: Loading module auth_totp_mail (20/40) 
2026-02-26 07:36:06,805 15864 INFO wsi_2026 odoo.registry: module auth_totp_mail: creating or updating database tables 
2026-02-26 07:36:06,939 15864 INFO wsi_2026 odoo.modules.loading: loading auth_totp_mail/data/ir_action_data.xml 
2026-02-26 07:36:07,030 15864 INFO wsi_2026 odoo.modules.loading: loading auth_totp_mail/data/mail_template_data.xml 
2026-02-26 07:36:07,377 15864 INFO wsi_2026 odoo.modules.loading: loading auth_totp_mail/data/security_notifications_template.xml 
2026-02-26 07:36:07,425 15864 INFO wsi_2026 odoo.modules.loading: loading auth_totp_mail/views/res_config_settings_views.xml 
2026-02-26 07:36:07,505 15864 INFO wsi_2026 odoo.modules.loading: loading auth_totp_mail/views/res_users_views.xml 
2026-02-26 07:36:07,570 15864 INFO wsi_2026 odoo.modules.loading: loading auth_totp_mail/views/templates.xml 
2026-02-26 07:36:07,658 15864 INFO wsi_2026 odoo.modules.loading: Module auth_totp_mail loaded in 1.01s, 190 queries (+190 other) 
2026-02-26 07:36:07,658 15864 INFO wsi_2026 odoo.modules.loading: Loading module base_install_request (21/40) 
2026-02-26 07:36:07,773 15864 INFO wsi_2026 odoo.registry: module base_install_request: creating or updating database tables 
2026-02-26 07:36:07,903 15864 INFO wsi_2026 odoo.modules.loading: loading base_install_request/security/ir.model.access.csv 
2026-02-26 07:36:07,937 15864 INFO wsi_2026 odoo.modules.loading: loading base_install_request/wizard/base_module_install_request_views.xml 
2026-02-26 07:36:07,986 15864 INFO wsi_2026 odoo.modules.loading: loading base_install_request/data/mail_template_data.xml 
2026-02-26 07:36:08,011 15864 INFO wsi_2026 odoo.modules.loading: loading base_install_request/data/mail_templates_module_install.xml 
2026-02-26 07:36:08,030 15864 INFO wsi_2026 odoo.modules.loading: loading base_install_request/views/ir_module_module_views.xml 
2026-02-26 07:36:08,096 15864 INFO wsi_2026 odoo.modules.loading: Module base_install_request loaded in 0.44s, 154 queries (+154 other) 
2026-02-26 07:36:08,097 15864 INFO wsi_2026 odoo.modules.loading: Loading module google_gmail (22/40) 
2026-02-26 07:36:08,287 15864 INFO wsi_2026 odoo.registry: module google_gmail: creating or updating database tables 
2026-02-26 07:36:08,454 15864 INFO wsi_2026 odoo.modules.loading: loading google_gmail/views/fetchmail_server_views.xml 
2026-02-26 07:36:08,505 15864 INFO wsi_2026 odoo.modules.loading: loading google_gmail/views/ir_mail_server_views.xml 
2026-02-26 07:36:08,542 15864 INFO wsi_2026 odoo.modules.loading: loading google_gmail/views/res_config_settings_views.xml 
2026-02-26 07:36:08,621 15864 INFO wsi_2026 odoo.modules.loading: loading google_gmail/views/templates.xml 
2026-02-26 07:36:08,667 15864 INFO wsi_2026 odoo.modules.loading: Module google_gmail loaded in 0.57s, 155 queries (+155 other) 
2026-02-26 07:36:08,668 15864 INFO wsi_2026 odoo.modules.loading: Loading module iap_mail (23/40) 
2026-02-26 07:36:08,732 15864 INFO wsi_2026 odoo.registry: module iap_mail: creating or updating database tables 
2026-02-26 07:36:08,807 15864 INFO wsi_2026 odoo.modules.loading: loading iap_mail/data/mail_templates.xml 
2026-02-26 07:36:08,957 15864 INFO wsi_2026 odoo.modules.loading: loading iap_mail/views/iap_views.xml 
2026-02-26 07:36:09,013 15864 INFO wsi_2026 odoo.modules.loading: Module iap_mail loaded in 0.35s, 70 queries (+70 other) 
2026-02-26 07:36:09,013 15864 INFO wsi_2026 odoo.modules.loading: Loading module mail_bot (24/40) 
2026-02-26 07:36:09,173 15864 INFO wsi_2026 odoo.registry: module mail_bot: creating or updating database tables 
2026-02-26 07:36:09,275 15864 INFO wsi_2026 odoo.modules.loading: loading mail_bot/views/res_users_views.xml 
2026-02-26 07:36:09,326 15864 INFO wsi_2026 odoo.modules.loading: loading mail_bot/data/mailbot_data.xml 
2026-02-26 07:36:09,362 15864 INFO wsi_2026 odoo.modules.loading: Module mail_bot loaded in 0.35s, 109 queries (+109 other) 
2026-02-26 07:36:09,363 15864 INFO wsi_2026 odoo.modules.loading: Loading module microsoft_outlook (25/40) 
2026-02-26 07:36:09,520 15864 WARNING wsi_2026 odoo.addons.base.models.ir_cron: Skipping database wsi_2026 because of modules to install/upgrade/remove. 
2026-02-26 07:36:09,540 15864 INFO wsi_2026 odoo.registry: module microsoft_outlook: creating or updating database tables 
2026-02-26 07:36:09,676 15864 INFO wsi_2026 odoo.modules.loading: loading microsoft_outlook/views/fetchmail_server_views.xml 
2026-02-26 07:36:09,727 15864 INFO wsi_2026 odoo.modules.loading: loading microsoft_outlook/views/ir_mail_server_views.xml 
2026-02-26 07:36:09,763 15864 INFO wsi_2026 odoo.modules.loading: loading microsoft_outlook/views/res_config_settings_views.xml 
2026-02-26 07:36:09,820 15864 INFO wsi_2026 odoo.modules.loading: loading microsoft_outlook/views/templates.xml 
2026-02-26 07:36:09,866 15864 INFO wsi_2026 odoo.modules.loading: Module microsoft_outlook loaded in 0.50s, 158 queries (+163 other) 
2026-02-26 07:36:09,866 15864 INFO wsi_2026 odoo.modules.loading: Loading module phone_validation (26/40) 
2026-02-26 07:36:10,280 15864 INFO wsi_2026 odoo.registry: module phone_validation: creating or updating database tables 
2026-02-26 07:36:10,321 15864 INFO wsi_2026 odoo.models: Prepare computation of res.partner.phone_sanitized 
2026-02-26 07:36:12,428 15864 INFO wsi_2026 odoo.modules.loading: loading phone_validation/security/ir.model.access.csv 
2026-02-26 07:36:12,458 15864 INFO wsi_2026 odoo.modules.loading: loading phone_validation/views/phone_blacklist_views.xml 
2026-02-26 07:36:12,528 15864 INFO wsi_2026 odoo.modules.loading: loading phone_validation/views/res_partner_views.xml 
2026-02-26 07:36:12,563 15864 INFO wsi_2026 odoo.modules.loading: loading phone_validation/wizard/phone_blacklist_remove_view.xml 
2026-02-26 07:36:12,613 15864 INFO wsi_2026 odoo.modules.loading: Module phone_validation loaded in 2.75s, 1657 queries (+1657 other) 
2026-02-26 07:36:12,613 15864 INFO wsi_2026 odoo.modules.loading: Loading module privacy_lookup (27/40) 
2026-02-26 07:36:12,745 15864 INFO wsi_2026 odoo.registry: module privacy_lookup: creating or updating database tables 
2026-02-26 07:36:13,062 15864 INFO wsi_2026 odoo.modules.loading: loading privacy_lookup/wizard/privacy_lookup_wizard_views.xml 
2026-02-26 07:36:13,196 15864 INFO wsi_2026 odoo.modules.loading: loading privacy_lookup/views/privacy_log_views.xml 
2026-02-26 07:36:13,271 15864 INFO wsi_2026 odoo.modules.loading: loading privacy_lookup/security/ir.model.access.csv 
2026-02-26 07:36:13,347 15864 INFO wsi_2026 odoo.modules.loading: loading privacy_lookup/data/ir_actions_server_data.xml 
2026-02-26 07:36:13,480 15864 INFO wsi_2026 odoo.modules.loading: Module privacy_lookup loaded in 0.87s, 294 queries (+294 other) 
2026-02-26 07:36:13,482 15864 INFO wsi_2026 odoo.modules.loading: Loading module resource_mail (28/40) 
2026-02-26 07:36:13,536 15864 INFO wsi_2026 odoo.registry: module resource_mail: creating or updating database tables 
2026-02-26 07:36:13,612 15864 INFO wsi_2026 odoo.modules.loading: Module resource_mail loaded in 0.13s, 36 queries (+36 other) 
2026-02-26 07:36:13,612 15864 INFO wsi_2026 odoo.modules.loading: Loading module partner_autocomplete (29/40) 
2026-02-26 07:36:13,803 15864 INFO wsi_2026 odoo.registry: module partner_autocomplete: creating or updating database tables 
2026-02-26 07:36:13,989 15864 INFO wsi_2026 odoo.modules.loading: loading partner_autocomplete/views/res_company_views.xml 
2026-02-26 07:36:14,034 15864 INFO wsi_2026 odoo.modules.loading: loading partner_autocomplete/views/res_config_settings_views.xml 
2026-02-26 07:36:14,073 15864 INFO wsi_2026 odoo.modules.loading: loading partner_autocomplete/data/iap_service_data.xml 
2026-02-26 07:36:14,115 15864 INFO wsi_2026 odoo.modules.loading: Module partner_autocomplete loaded in 0.50s, 142 queries (+142 other) 
2026-02-26 07:36:14,115 15864 INFO wsi_2026 odoo.modules.loading: Loading module portal (30/40) 
2026-02-26 07:36:14,638 15864 INFO wsi_2026 odoo.registry: module portal: creating or updating database tables 
2026-02-26 07:36:15,289 15864 INFO wsi_2026 odoo.modules.loading: loading portal/security/ir.model.access.csv 
2026-02-26 07:36:15,330 15864 INFO wsi_2026 odoo.modules.loading: loading portal/data/mail_templates.xml 
2026-02-26 07:36:15,357 15864 INFO wsi_2026 odoo.modules.loading: loading portal/views/address_templates.xml 
2026-02-26 07:36:15,480 15864 INFO wsi_2026 odoo.modules.loading: loading portal/views/mail_templates_public.xml 
2026-02-26 07:36:15,506 15864 INFO wsi_2026 odoo.modules.loading: loading portal/views/portal_templates.xml 
2026-02-26 07:36:15,918 15864 INFO wsi_2026 odoo.modules.loading: loading portal/views/res_config_settings_views.xml 
2026-02-26 07:36:15,974 15864 INFO wsi_2026 odoo.modules.loading: loading portal/wizard/portal_share_views.xml 
2026-02-26 07:36:16,016 15864 INFO wsi_2026 odoo.modules.loading: loading portal/wizard/portal_wizard_views.xml 
2026-02-26 07:36:16,138 15864 INFO wsi_2026 odoo.modules.loading: Module portal loaded in 2.02s, 548 queries (+548 other) 
2026-02-26 07:36:16,139 15864 INFO wsi_2026 odoo.modules.loading: Loading module sms (31/40) 
2026-02-26 07:36:16,385 25056 WARNING wsi_2026 odoo.addons.base.models.ir_cron: Skipping database wsi_2026 because of modules to install/upgrade/remove. 
2026-02-26 07:36:16,790 15864 INFO wsi_2026 odoo.registry: module sms: creating or updating database tables 
2026-02-26 07:36:16,816 15864 INFO wsi_2026 odoo.models: Prepare computation of ir.actions.server.sms_template_id 
2026-02-26 07:36:16,816 15864 INFO wsi_2026 odoo.models: Prepare computation of ir.actions.server.sms_method 
2026-02-26 07:36:19,555 15864 INFO wsi_2026 odoo.modules.loading: loading sms/data/iap_service_data.xml 
2026-02-26 07:36:19,579 15864 INFO wsi_2026 odoo.modules.loading: loading sms/data/ir_cron_data.xml 
2026-02-26 07:36:19,641 15864 INFO wsi_2026 odoo.modules.loading: loading sms/wizard/sms_account_code_views.xml 
2026-02-26 07:36:19,677 15864 INFO wsi_2026 odoo.modules.loading: loading sms/wizard/sms_account_phone_views.xml 
2026-02-26 07:36:19,705 15864 INFO wsi_2026 odoo.modules.loading: loading sms/wizard/sms_account_sender_views.xml 
2026-02-26 07:36:19,734 15864 INFO wsi_2026 odoo.modules.loading: loading sms/wizard/sms_composer_views.xml 
2026-02-26 07:36:19,815 15864 INFO wsi_2026 odoo.modules.loading: loading sms/wizard/sms_template_preview_views.xml 
2026-02-26 07:36:19,853 15864 INFO wsi_2026 odoo.modules.loading: loading sms/wizard/sms_template_reset_views.xml 
2026-02-26 07:36:19,890 15864 INFO wsi_2026 odoo.modules.loading: loading sms/views/ir_actions_server_views.xml 
2026-02-26 07:36:19,941 15864 INFO wsi_2026 odoo.modules.loading: loading sms/views/mail_notification_views.xml 
2026-02-26 07:36:19,983 15864 INFO wsi_2026 odoo.modules.loading: loading sms/views/res_config_settings_views.xml 
2026-02-26 07:36:20,021 15864 INFO wsi_2026 odoo.modules.loading: loading sms/views/res_partner_views.xml 
2026-02-26 07:36:20,067 15864 INFO wsi_2026 odoo.modules.loading: loading sms/views/iap_account_views.xml 
2026-02-26 07:36:20,101 15864 INFO wsi_2026 odoo.modules.loading: loading sms/views/sms_sms_views.xml 
2026-02-26 07:36:20,162 15864 INFO wsi_2026 odoo.modules.loading: loading sms/views/sms_template_views.xml 
2026-02-26 07:36:20,225 15864 INFO wsi_2026 odoo.modules.loading: loading sms/security/ir.model.access.csv 
2026-02-26 07:36:20,295 15864 INFO wsi_2026 odoo.modules.loading: loading sms/security/sms_security.xml 
2026-02-26 07:36:20,392 15864 INFO wsi_2026 odoo.modules.loading: Module sms loaded in 4.25s, 2089 queries (+2089 other) 
2026-02-26 07:36:20,392 15864 INFO wsi_2026 odoo.modules.loading: Loading module snailmail (32/40) 
2026-02-26 07:36:20,869 15864 INFO wsi_2026 odoo.registry: module snailmail: creating or updating database tables 
2026-02-26 07:36:21,501 15864 INFO wsi_2026 odoo.modules.loading: loading snailmail/data/iap_service_data.xml 
2026-02-26 07:36:21,526 15864 INFO wsi_2026 odoo.modules.loading: loading snailmail/data/snailmail_data.xml 
2026-02-26 07:36:21,579 15864 INFO wsi_2026 odoo.modules.loading: loading snailmail/views/report_assets.xml 
2026-02-26 07:36:21,617 15864 INFO wsi_2026 odoo.modules.loading: loading snailmail/views/snailmail_views.xml 
2026-02-26 07:36:21,671 15864 INFO wsi_2026 odoo.modules.loading: loading snailmail/security/ir.model.access.csv 
2026-02-26 07:36:21,745 15864 INFO wsi_2026 odoo.modules.loading: Module snailmail loaded in 1.35s, 414 queries (+414 other) 
2026-02-26 07:36:21,745 15864 INFO wsi_2026 odoo.modules.loading: Loading module auth_passkey_portal (33/40) 
2026-02-26 07:36:21,765 15864 INFO wsi_2026 odoo.modules.loading: loading auth_passkey_portal/views/templates.xml 
2026-02-26 07:36:21,824 15864 INFO wsi_2026 odoo.modules.loading: Module auth_passkey_portal loaded in 0.08s, 22 queries (+22 other) 
2026-02-26 07:36:21,824 15864 INFO wsi_2026 odoo.modules.loading: Loading module auth_totp_portal (34/40) 
2026-02-26 07:36:21,879 15864 INFO wsi_2026 odoo.registry: module auth_totp_portal: creating or updating database tables 
2026-02-26 07:36:21,935 15864 INFO wsi_2026 odoo.modules.loading: loading auth_totp_portal/security/security.xml 
2026-02-26 07:36:21,972 15864 INFO wsi_2026 odoo.modules.loading: loading auth_totp_portal/views/templates.xml 
2026-02-26 07:36:22,022 15864 INFO wsi_2026 odoo.modules.loading: Module auth_totp_portal loaded in 0.20s, 70 queries (+70 other) 
2026-02-26 07:36:22,022 15864 INFO wsi_2026 odoo.modules.loading: Loading module digest (35/40) 
2026-02-26 07:36:22,170 15864 INFO wsi_2026 odoo.registry: module digest: creating or updating database tables 
2026-02-26 07:36:22,453 15864 INFO wsi_2026 odoo.modules.loading: loading digest/security/ir.model.access.csv 
2026-02-26 07:36:22,486 15864 INFO wsi_2026 odoo.modules.loading: loading digest/data/digest_data.xml 
2026-02-26 07:36:22,647 15864 INFO wsi_2026 odoo.modules.loading: loading digest/data/digest_tips_data.xml 
2026-02-26 07:36:22,707 15864 INFO wsi_2026 odoo.modules.loading: loading digest/data/ir_cron_data.xml 
2026-02-26 07:36:22,765 15864 INFO wsi_2026 odoo.modules.loading: loading digest/data/res_config_settings_data.xml 
2026-02-26 07:36:22,791 15864 INFO wsi_2026 odoo.modules.loading: loading digest/views/digest_views.xml 
2026-02-26 07:36:22,923 15864 INFO wsi_2026 odoo.modules.loading: loading digest/views/digest_templates.xml 
2026-02-26 07:36:22,946 15864 INFO wsi_2026 odoo.modules.loading: loading digest/views/res_config_settings_views.xml 
2026-02-26 07:36:23,048 15864 INFO wsi_2026 odoo.modules.loading: Module digest loaded in 1.03s, 325 queries (+325 other) 
2026-02-26 07:36:23,048 15864 INFO wsi_2026 odoo.modules.loading: Loading module hr (36/40) 
2026-02-26 07:36:23,981 15864 INFO wsi_2026 odoo.registry: module hr: creating or updating database tables 
2026-02-26 07:36:27,155 15864 INFO wsi_2026 odoo.modules.loading: loading hr/security/hr_security.xml 
2026-02-26 07:36:27,368 15864 INFO wsi_2026 odoo.modules.loading: loading hr/security/ir.model.access.csv 
2026-02-26 07:36:27,427 15864 INFO wsi_2026 odoo.modules.loading: loading hr/data/digest_data.xml 
2026-02-26 07:36:27,452 15864 INFO wsi_2026 odoo.modules.loading: loading hr/data/report_paperformat.xml 
2026-02-26 07:36:27,475 15864 INFO wsi_2026 odoo.modules.loading: loading hr/wizard/hr_departure_wizard_views.xml 
2026-02-26 07:36:27,508 15864 INFO wsi_2026 odoo.modules.loading: loading hr/wizard/hr_contract_template_wizard.views.xml 
2026-02-26 07:36:27,541 15864 INFO wsi_2026 odoo.modules.loading: loading hr/wizard/mail_activity_schedule_views.xml 
2026-02-26 07:36:27,577 15864 INFO wsi_2026 odoo.modules.loading: loading hr/wizard/hr_bank_account_allocation_wizard.xml 
2026-02-26 07:36:27,607 15864 INFO wsi_2026 odoo.modules.loading: loading hr/wizard/hr_bank_account_allocation_wizard_line.xml 
2026-02-26 07:36:27,630 15864 INFO wsi_2026 odoo.modules.loading: loading hr/views/mail_activity_plan_views.xml 
2026-02-26 07:36:27,731 15864 INFO wsi_2026 odoo.modules.loading: loading hr/views/hr_version_views.xml 
2026-02-26 07:36:27,834 15864 INFO wsi_2026 odoo.modules.loading: loading hr/views/hr_contract_template_views.xml 
2026-02-26 07:36:27,876 15864 INFO wsi_2026 odoo.modules.loading: loading hr/views/hr_departure_reason_views.xml 
2026-02-26 07:36:27,909 15864 INFO wsi_2026 odoo.modules.loading: loading hr/views/hr_contract_type_views.xml 
2026-02-26 07:36:27,949 15864 INFO wsi_2026 odoo.modules.loading: loading hr/views/hr_job_views.xml 
2026-02-26 07:36:28,006 15864 INFO wsi_2026 odoo.modules.loading: loading hr/views/hr_employee_category_views.xml 
2026-02-26 07:36:28,046 15864 INFO wsi_2026 odoo.modules.loading: loading hr/views/hr_employee_public_views.xml 
2026-02-26 07:36:28,163 15864 INFO wsi_2026 odoo.modules.loading: loading hr/report/hr_employee_badge.xml 
2026-02-26 07:36:28,194 15864 INFO wsi_2026 odoo.modules.loading: loading hr/views/hr_employee_views.xml 
2026-02-26 07:36:28,627 15864 INFO wsi_2026 odoo.modules.loading: loading hr/views/hr_department_views.xml 
2026-02-26 07:36:28,776 15864 INFO wsi_2026 odoo.modules.loading: loading hr/views/hr_work_location_views.xml 
2026-02-26 07:36:28,819 15864 INFO wsi_2026 odoo.modules.loading: loading hr/views/hr_views.xml 
2026-02-26 07:36:28,994 15864 INFO wsi_2026 odoo.modules.loading: loading hr/views/res_config_settings_views.xml 
2026-02-26 07:36:29,099 15864 INFO wsi_2026 odoo.modules.loading: loading hr/views/res_partner_views.xml 
2026-02-26 07:36:29,156 15864 INFO wsi_2026 odoo.modules.loading: loading hr/views/res_partner_bank_views.xml 
2026-02-26 07:36:29,192 15864 INFO wsi_2026 odoo.modules.loading: loading hr/views/discuss_channel_views.xml 
2026-02-26 07:36:29,230 15864 INFO wsi_2026 odoo.modules.loading: loading hr/views/res_users.xml 
2026-02-26 07:36:29,459 15864 INFO wsi_2026 odoo.modules.loading: loading hr/views/hr_templates.xml 
2026-02-26 07:36:29,479 15864 INFO wsi_2026 odoo.modules.loading: loading hr/data/hr_data.xml 
2026-02-26 07:36:29,954 15864 INFO wsi_2026 odoo.modules.loading: Module hr loaded in 6.91s, 3398 queries (+3398 other) 
2026-02-26 07:36:29,954 15864 INFO wsi_2026 odoo.modules.loading: Loading module hr_homeworking (37/40) 
2026-02-26 07:36:30,117 15864 INFO wsi_2026 odoo.registry: module hr_homeworking: creating or updating database tables 
2026-02-26 07:36:30,451 15864 INFO wsi_2026 odoo.modules.loading: loading hr_homeworking/security/security.xml 
2026-02-26 07:36:30,492 15864 INFO wsi_2026 odoo.modules.loading: loading hr_homeworking/security/ir.model.access.csv 
2026-02-26 07:36:30,518 15864 INFO wsi_2026 odoo.modules.loading: loading hr_homeworking/views/hr_employee_views.xml 
2026-02-26 07:36:30,602 15864 INFO wsi_2026 odoo.modules.loading: loading hr_homeworking/views/res_users.xml 
2026-02-26 07:36:30,695 15864 INFO wsi_2026 odoo.modules.loading: Module hr_homeworking loaded in 0.74s, 273 queries (+273 other) 
2026-02-26 07:36:30,695 15864 INFO wsi_2026 odoo.modules.loading: Loading module hr_org_chart (38/40) 
2026-02-26 07:36:30,819 15864 INFO wsi_2026 odoo.registry: module hr_org_chart: creating or updating database tables 
2026-02-26 07:36:30,919 15864 INFO wsi_2026 odoo.modules.loading: loading hr_org_chart/views/hr_department_views.xml 
2026-02-26 07:36:30,974 15864 INFO wsi_2026 odoo.modules.loading: loading hr_org_chart/views/hr_employee_public_views.xml 
2026-02-26 07:36:31,040 15864 INFO wsi_2026 odoo.modules.loading: loading hr_org_chart/views/hr_views.xml 
2026-02-26 07:36:31,172 15864 INFO wsi_2026 odoo.modules.loading: Module hr_org_chart loaded in 0.48s, 153 queries (+153 other) 
2026-02-26 07:36:31,172 15864 INFO wsi_2026 odoo.modules.loading: Loading module hr_skills (39/40) 
2026-02-26 07:36:31,651 15864 INFO wsi_2026 odoo.registry: module hr_skills: creating or updating database tables 
2026-02-26 07:36:31,672 15864 INFO wsi_2026 odoo.models: Prepare computation of hr.employee.skill_ids 
2026-02-26 07:36:32,418 15864 INFO wsi_2026 odoo.modules.loading: loading hr_skills/security/ir.model.access.csv 
2026-02-26 07:36:32,474 15864 INFO wsi_2026 odoo.modules.loading: loading hr_skills/security/hr_skills_security.xml 
2026-02-26 07:36:32,619 15864 INFO wsi_2026 odoo.modules.loading: loading hr_skills/views/hr_views.xml 
2026-02-26 07:36:33,069 15864 INFO wsi_2026 odoo.modules.loading: loading hr_skills/views/hr_job_views.xml 
2026-02-26 07:36:33,109 15864 INFO wsi_2026 odoo.modules.loading: loading hr_skills/views/hr_job_skill_views.xml 
2026-02-26 07:36:33,131 15864 INFO wsi_2026 odoo.modules.loading: loading hr_skills/data/hr_resume_data.xml 
2026-02-26 07:36:33,157 15864 INFO wsi_2026 odoo.modules.loading: loading hr_skills/data/hr_skill_data.xml 
2026-02-26 07:36:33,375 15864 INFO wsi_2026 odoo.modules.loading: loading hr_skills/data/ir_actions_server_data.xml 
2026-02-26 07:36:33,453 15864 INFO wsi_2026 odoo.modules.loading: loading hr_skills/data/ir_cron_data.xml 
2026-02-26 07:36:33,506 15864 INFO wsi_2026 odoo.modules.loading: loading hr_skills/data/mail_activity_type_data.xml 
2026-02-26 07:36:33,536 15864 INFO wsi_2026 odoo.modules.loading: loading hr_skills/data/report_paperformat.xml 
2026-02-26 07:36:33,560 15864 INFO wsi_2026 odoo.modules.loading: loading hr_skills/report/hr_employee_certification_report_views.xml 
2026-02-26 07:36:33,639 15864 INFO wsi_2026 odoo.modules.loading: loading hr_skills/report/hr_employee_skill_history_report_views.xml 
2026-02-26 07:36:33,678 15864 INFO wsi_2026 odoo.modules.loading: loading hr_skills/report/hr_employee_skill_report_views.xml 
2026-02-26 07:36:33,758 15864 INFO wsi_2026 odoo.modules.loading: loading hr_skills/report/hr_employee_cv_report.xml 
2026-02-26 07:36:33,780 15864 INFO wsi_2026 odoo.modules.loading: loading hr_skills/views/hr_department_views.xml 
2026-02-26 07:36:33,814 15864 INFO wsi_2026 odoo.modules.loading: loading hr_skills/views/hr_employee_cv_templates.xml 
2026-02-26 07:36:33,911 15864 INFO wsi_2026 odoo.modules.loading: loading hr_skills/wizard/hr_employee_cv_wizard_views.xml 
2026-02-26 07:36:34,104 15864 INFO wsi_2026 odoo.modules.loading: Module hr_skills loaded in 2.93s, 1061 queries (+1061 other) 
2026-02-26 07:36:34,104 15864 INFO wsi_2026 odoo.modules.loading: Loading module mail_bot_hr (40/40) 
2026-02-26 07:36:34,129 15864 INFO wsi_2026 odoo.modules.loading: loading mail_bot_hr/views/res_users_views.xml 
2026-02-26 07:36:34,234 15864 INFO wsi_2026 odoo.modules.loading: Module mail_bot_hr loaded in 0.13s, 43 queries (+43 other) 
2026-02-26 07:36:34,235 15864 INFO wsi_2026 odoo.modules.loading: 40 modules loaded in 42.91s, 18188 queries (+18194 extra) 
2026-02-26 07:36:35,277 15864 INFO wsi_2026 odoo.modules.loading: Modules loaded. 
2026-02-26 07:36:35,297 15864 INFO wsi_2026 odoo.registry: Registry changed, signaling through the database 
2026-02-26 07:36:35,303 15864 INFO wsi_2026 odoo.registry: Registry loaded in 52.841s 
2026-02-26 07:36:35,304 15864 INFO wsi_2026 odoo.addons.base.models.ir_module: getting next ir.actions.todo() 
2026-02-26 07:36:35,330 15864 INFO wsi_2026 werkzeug: 127.0.0.1 - - [26/Feb/2026 07:36:35] "POST /web/dataset/call_button/ir.module.module/button_immediate_install#ir.module.module.button_immediate_install HTTP/1.1" 200 - 20601 28.199 24.951
2026-02-26 07:36:35,674 15864 INFO wsi_2026 odoo.addons.base.models.ir_http: Generating routing map for key None 
2026-02-26 07:36:37,183 15864 INFO wsi_2026 odoo.addons.base.models.ir_cron: Job 'Notification: Delete Notifications older than 6 Months' (5) starting 
2026-02-26 07:36:37,272 15864 INFO wsi_2026 odoo.addons.base.models.ir_cron: Job 'Notification: Delete Notifications older than 6 Months' (5) fully done (#loop 1; done 0; remaining 0; duration 0.09s) 
2026-02-26 07:36:37,294 15864 INFO wsi_2026 odoo.addons.base.models.ir_cron: Job 'Mail: Post scheduled messages' (7) starting 
2026-02-26 07:36:37,328 15864 INFO wsi_2026 odoo.addons.mail.models.mail_scheduled_message: Posting 0 scheduled messages 
2026-02-26 07:36:37,339 15864 INFO wsi_2026 odoo.addons.base.models.ir_cron: Job 'Mail: Post scheduled messages' (7) fully done (#loop 1; done 0; remaining 0; duration 0.05s) 
2026-02-26 07:36:37,358 15864 INFO wsi_2026 odoo.addons.base.models.ir_cron: Job 'Notification: Notify scheduled messages' (8) starting 
2026-02-26 07:36:37,404 15864 INFO wsi_2026 odoo.addons.base.models.ir_cron: Job 'Notification: Notify scheduled messages' (8) fully done (#loop 1; done 0; remaining 0; duration 0.05s) 
2026-02-26 07:36:37,421 15864 INFO wsi_2026 odoo.addons.base.models.ir_cron: Job 'Mail: send web push notification' (9) starting 
2026-02-26 07:36:37,457 15864 INFO wsi_2026 odoo.addons.base.models.ir_cron: Job 'Mail: send web push notification' (9) fully done (#loop 1; done 0; remaining 0; duration 0.05s) 
2026-02-26 07:36:37,475 15864 INFO wsi_2026 odoo.addons.base.models.ir_cron: Job 'Discuss: channel member unmute' (10) starting 
2026-02-26 07:36:37,516 15864 INFO wsi_2026 odoo.addons.base.models.ir_cron: Job 'Discuss: channel member unmute' (10) fully done (#loop 1; done 0; remaining 0; duration 0.03s) 
2026-02-26 07:36:37,533 15864 INFO wsi_2026 odoo.addons.base.models.ir_cron: Job 'SMS: SMS Queue Manager' (12) starting 
2026-02-26 07:36:37,567 15864 INFO wsi_2026 odoo.addons.base.models.ir_cron: Job 'SMS: SMS Queue Manager' (12) fully done (#loop 1; done 0; remaining 0; duration 0.05s) 
2026-02-26 07:36:37,585 15864 INFO wsi_2026 odoo.addons.base.models.ir_cron: Job 'Snailmail: process letters queue' (13) starting 
2026-02-26 07:36:37,622 15864 INFO wsi_2026 odoo.addons.base.models.ir_cron: Job 'Snailmail: process letters queue' (13) fully done (#loop 1; done 0; remaining 0; duration 0.03s) 
2026-02-26 07:36:37,640 15864 INFO wsi_2026 odoo.addons.base.models.ir_cron: Job 'HR Employee: Notify Expiring Contract or Work Permit' (15) starting 
2026-02-26 07:36:37,684 15864 INFO wsi_2026 odoo.addons.base.models.ir_cron: Job 'HR Employee: Notify Expiring Contract or Work Permit' (15) fully done (#loop 1; done 0; remaining 0; duration 0.05s) 
2026-02-26 07:36:37,701 15864 INFO wsi_2026 odoo.addons.base.models.ir_cron: Job 'HR Employee: Update Current Version' (16) starting 
2026-02-26 07:36:37,736 15864 INFO wsi_2026 odoo.addons.base.models.ir_cron: Job 'HR Employee: Update Current Version' (16) fully done (#loop 1; done 0; remaining 0; duration 0.05s) 
2026-02-26 07:36:37,752 15864 INFO wsi_2026 odoo.addons.base.models.ir_cron: Job 'Skills: Add an activity to employees with missing or expiring certifications' (17) starting 
2026-02-26 07:36:37,790 15864 INFO wsi_2026 odoo.addons.base.models.ir_cron: Job 'Skills: Add an activity to employees with missing or expiring certifications' (17) fully done (#loop 1; done 0; remaining 0; duration 0.03s) 
2026-02-26 07:36:37,808 15864 INFO wsi_2026 odoo.addons.base.models.ir_cron: Job 'Mail: Email Queue Manager' (3) starting 
2026-02-26 07:36:37,850 15864 INFO wsi_2026 odoo.addons.base.models.ir_cron: Job 'Mail: Email Queue Manager' (3) fully done (#loop 1; done 0; remaining 0; duration 0.05s) 
2026-02-26 07:36:37,868 15864 INFO wsi_2026 odoo.addons.base.models.ir_cron: Job 'Users: Notify About Unregistered Users' (11) starting 
2026-02-26 07:36:37,910 15864 INFO wsi_2026 odoo.addons.base.models.ir_cron: Job 'Users: Notify About Unregistered Users' (11) fully done (#loop 1; done 0; remaining 0; duration 0.05s) 
2026-02-26 07:36:38,864 15864 INFO wsi_2026 werkzeug: 127.0.0.1 - - [26/Feb/2026 07:36:38] "GET /odoo HTTP/1.1" 200 - 120 0.286 2.910
2026-02-26 07:36:39,028 15864 INFO wsi_2026 werkzeug: 127.0.0.1 - - [26/Feb/2026 07:36:39] "GET /web/webclient/load_menus HTTP/1.1" 200 - 15 0.051 0.035
2026-02-26 07:36:39,281 15864 INFO wsi_2026 werkzeug: 127.0.0.1 - - [26/Feb/2026 07:36:39] "GET /web/manifest.webmanifest HTTP/1.1" 200 - 8 0.015 0.015
2026-02-26 07:36:52,063 15864 INFO wsi_2026 odoo.addons.base.models.assetsbundle: Generating a new asset bundle attachment /web/assets/4d6dcf4/web.assets_web.min.css (id:39) 
2026-02-26 07:36:52,066 15864 INFO wsi_2026 odoo.addons.base.models.assetsbundle: Deleting attachments [14] (matching /web/assets/_______/web.assets_web.min.css) because it was replaced with /web/assets/4d6dcf4/web.assets_web.min.css 
2026-02-26 07:36:52,130 15864 INFO wsi_2026 werkzeug: 127.0.0.1 - - [26/Feb/2026 07:36:52] "GET /web/assets/4d6dcf4/web.assets_web.min.css HTTP/1.1" 200 - 16 0.136 12.745
2026-02-26 07:37:00,142 15864 INFO wsi_2026 odoo.addons.base.models.assetsbundle: Generating a new asset bundle attachment /web/assets/29c57c5/web.assets_web_print.min.css (id:40) 
2026-02-26 07:37:00,144 15864 INFO wsi_2026 odoo.addons.base.models.assetsbundle: Deleting attachments [15] (matching /web/assets/_______/web.assets_web_print.min.css) because it was replaced with /web/assets/29c57c5/web.assets_web_print.min.css 
2026-02-26 07:37:00,180 15864 INFO wsi_2026 werkzeug: 127.0.0.1 - - [26/Feb/2026 07:37:00] "GET /web/assets/29c57c5/web.assets_web_print.min.css HTTP/1.1" 200 - 10 0.104 7.613
2026-02-26 07:37:29,348 15864 INFO wsi_2026 odoo.addons.base.models.assetsbundle: Generating a new asset bundle attachment /web/assets/c671311/web.assets_web.min.js (id:41) 
2026-02-26 07:37:29,350 15864 INFO wsi_2026 odoo.addons.base.models.assetsbundle: Deleting attachments [16] (matching /web/assets/_______/web.assets_web.min.js) because it was replaced with /web/assets/c671311/web.assets_web.min.js 
2026-02-26 07:37:30,888 15864 INFO wsi_2026 werkzeug: 127.0.0.1 - - [26/Feb/2026 07:37:30] "GET /web/assets/c671311/web.assets_web.min.js HTTP/1.1" 200 - 13 0.028 51.911
2026-02-26 07:37:31,649 15864 INFO wsi_2026 werkzeug: 127.0.0.1 - - [26/Feb/2026 07:37:31] "GET /web/webclient/translations?hash=&lang=en_US HTTP/1.1" 200 - 2 0.005 0.018
2026-02-26 07:37:31,891 15864 INFO wsi_2026 odoo.addons.partner_autocomplete.models.res_company: Starting enrich of company My Company (1) 
2026-02-26 07:37:31,979 15864 INFO wsi_2026 odoo.addons.iap.tools.iap_tools: iap jsonrpc https://partner-autocomplete.odoo.com/api/dnb/1/enrich_by_domain 
2026-02-26 07:37:31,998 15864 INFO wsi_2026 werkzeug: 127.0.0.1 - - [26/Feb/2026 07:37:31] "POST /web/action/load HTTP/1.1" 200 - 6 0.019 0.012
2026-02-26 07:37:32,010 15864 INFO wsi_2026 werkzeug: 127.0.0.1 - - [26/Feb/2026 07:37:32] "GET /web/bundle/web_tour.interactive?lang=en_US&debug=1 HTTP/1.1" 200 - 3 0.006 0.041
2026-02-26 07:37:32,070 15864 INFO wsi_2026 werkzeug: 127.0.0.1 - - [26/Feb/2026 07:37:32] "POST /mail/data HTTP/1.1" 200 - 27 0.069 0.031
2026-02-26 07:37:32,156 15864 INFO wsi_2026 werkzeug: 127.0.0.1 - - [26/Feb/2026 07:37:32] "GET /web/image?model=res.users&field=avatar_128&id=2 HTTP/1.1" 200 - 15 0.031 0.032
2026-02-26 07:37:32,234 15864 INFO wsi_2026 werkzeug: 127.0.0.1 - - [26/Feb/2026 07:37:32] "POST /mail/data HTTP/1.1" 200 - 39 0.073 0.070
2026-02-26 07:37:32,331 15864 INFO wsi_2026 werkzeug: 127.0.0.1 - - [26/Feb/2026 07:37:32] "GET /web/image/res.partner/3/avatar_128?unique=1772066183000 HTTP/1.1" 200 - 7 0.014 0.015
2026-02-26 07:37:32,427 15864 INFO wsi_2026 werkzeug: 127.0.0.1 - - [26/Feb/2026 07:37:32] "GET /bus/websocket_worker_bundle?v=19.0-2 HTTP/1.1" 304 - 4 0.009 0.044
2026-02-26 07:37:32,778 15864 INFO wsi_2026 odoo.addons.base.models.assetsbundle: Generating a new asset bundle attachment /web/assets/1e16469/web_tour.interactive.min.js (id:42) 
2026-02-26 07:37:32,824 15864 INFO wsi_2026 werkzeug: 127.0.0.1 - - [26/Feb/2026 07:37:32] "GET /web/image/res.partner/3/avatar_128?unique=1772091383000 HTTP/1.1" 200 - 7 0.020 0.064
2026-02-26 07:37:32,825 15864 INFO wsi_2026 werkzeug: 127.0.0.1 - - [26/Feb/2026 07:37:32] "POST /discuss/channel/messages HTTP/1.1" 200 - 25 0.052 0.056
2026-02-26 07:37:32,825 15864 INFO wsi_2026 werkzeug: 127.0.0.1 - - [26/Feb/2026 07:37:32] "GET /web/image/discuss.channel/2/avatar_128?unique=55bc83cb0592bf8d35c90d9addbff7d9115b9c79d389142db2d4e2406c916ca667afc1af9f8876d3a461bb15d8b5108182bc6acb572d0eaefc3f1786ddc770ae HTTP/1.1" 200 - 4 0.015 0.056
2026-02-26 07:37:32,836 15864 INFO wsi_2026 werkzeug: 127.0.0.1 - - [26/Feb/2026 07:37:32] "GET /websocket?version=19.0-2 HTTP/1.1" 101 - 1 0.004 0.037
2026-02-26 07:37:32,850 15864 INFO wsi_2026 werkzeug: 127.0.0.1 - - [26/Feb/2026 07:37:32] "GET /web/image/discuss.channel/1/avatar_128?unique=976d68c7723bfeca76e9c288357c61f3088b073a34a8c6a6b2b45ffbfa04cd86d405371bf3458719f0bb29c7c9f2649b36931cf8f0292654be1a657ff4f8ec4e HTTP/1.1" 200 - 4 0.017 0.077
2026-02-26 07:37:32,868 15864 INFO wsi_2026 werkzeug: 127.0.0.1 - - [26/Feb/2026 07:37:32] "GET /web/assets/1e16469/web_tour.interactive.min.js HTTP/1.1" 200 - 8 0.018 0.526
2026-02-26 07:37:33,167 15864 INFO wsi_2026 werkzeug: 127.0.0.1 - - [26/Feb/2026 07:37:33] "GET /web/bundle/web.assets_emoji?lang=en_US&debug=1 HTTP/1.1" 200 - 2 0.006 0.010
2026-02-26 07:37:33,289 15864 INFO wsi_2026 werkzeug: 127.0.0.1 - - [26/Feb/2026 07:37:33] "POST /web/dataset/call_kw/discuss.channel/channel_fetched#discuss.channel.channel_fetched HTTP/1.1" 200 - 11 0.019 0.043
2026-02-26 07:37:33,341 15864 INFO wsi_2026 werkzeug: 127.0.0.1 - - [26/Feb/2026 07:37:33] "GET /web/image/res.partner/2/avatar_128?unique=1772091383000 HTTP/1.1" 200 - 6 0.017 0.046
2026-02-26 07:37:33,444 15864 INFO wsi_2026 werkzeug: 127.0.0.1 - - [26/Feb/2026 07:37:33] "POST /discuss/channel/mark_as_read HTTP/1.1" 200 - 26 0.059 0.109
2026-02-26 07:37:33,591 15864 INFO wsi_2026 werkzeug: 127.0.0.1 - - [26/Feb/2026 07:37:33] "POST /discuss/channel/mark_as_read HTTP/1.1" 200 - 16 0.030 0.084
2026-02-26 07:37:34,216 15864 INFO wsi_2026 odoo.addons.base.models.assetsbundle: Generating a new asset bundle attachment /web/assets/6ba531f/web.assets_emoji.min.js (id:43) 
2026-02-26 07:37:34,339 15864 INFO wsi_2026 werkzeug: 127.0.0.1 - - [26/Feb/2026 07:37:34] "GET /web/assets/6ba531f/web.assets_emoji.min.js HTTP/1.1" 200 - 8 0.015 0.566
2026-02-26 07:37:34,360 15864 INFO wsi_2026 odoo.addons.iap.tools.iap_tools: iap jsonrpc https://partner-autocomplete.odoo.com/api/dnb/1/enrich_by_domain responded in 2.351 seconds 
2026-02-26 07:37:34,375 15864 INFO wsi_2026 werkzeug: 127.0.0.1 - - [26/Feb/2026 07:37:34] "POST /web/dataset/call_kw/res.company/iap_enrich_auto#res.company.iap_enrich_auto HTTP/1.1" 200 - 47 0.063 2.441
2026-02-26 07:37:35,488 15864 INFO wsi_2026 werkzeug: 127.0.0.1 - - [26/Feb/2026 07:37:35] "GET /web/service-worker.js HTTP/1.1" 200 - 1 0.001 0.045
2026-02-26 07:37:35,774 15864 INFO wsi_2026 werkzeug: 127.0.0.1 - - [26/Feb/2026 07:37:35] "GET /odoo HTTP/1.1" 200 - 26 0.035 0.043
2026-02-26 07:37:35,876 15864 INFO wsi_2026 werkzeug: 127.0.0.1 - - [26/Feb/2026 07:37:35] "GET /odoo/offline HTTP/1.1" 200 - 6 0.015 0.045
2026-02-26 07:37:39,026 15864 INFO wsi_2026 odoo.addons.base.models.ir_cron: Job 'Base: Auto-vacuum internal data' (1) starting 
2026-02-26 07:37:39,709 15864 INFO wsi_2026 odoo.addons.base.models.res_device: GC device logs delete 0 entries 
2026-02-26 07:37:39,995 15864 INFO wsi_2026 odoo.addons.base.models.res_users: GC'd 1 user log entries 
2026-02-26 07:37:40,301 15864 INFO wsi_2026 odoo.addons.base.models.res_device: GC device logs delete 0 entries 
2026-02-26 07:37:40,388 15864 INFO wsi_2026 odoo.addons.base.models.res_users: GC 'res.users.apikeys' delete 0 entries 
2026-02-26 07:37:40,494 15864 INFO wsi_2026 odoo.addons.api_doc.models.ir_attachment: GC'd 0 /doc cached index 
2026-02-26 07:37:40,593 15864 INFO wsi_2026 odoo.addons.base.models.ir_attachment: filestore gc 18 checked, 3 removed 
2026-02-26 07:37:40,965 15864 INFO wsi_2026 odoo.addons.sms.models.sms_sms: GC'd 0 sms marked for deletion 
2026-02-26 07:37:41,005 15864 INFO wsi_2026 odoo.addons.base.models.res_users: GC 'auth_totp.device' delete 0 entries 
2026-02-26 07:37:41,063 15864 INFO wsi_2026 odoo.addons.base.models.ir_cron: Job 'Base: Auto-vacuum internal data' (1) fully done (#loop 1; done 78; remaining 0; duration 2.03s) 
2026-02-26 07:38:41,068 15864 INFO wsi_2026 werkzeug: 127.0.0.1 - - [26/Feb/2026 07:38:41] "POST /web/action/load HTTP/1.1" 200 - 10 0.018 0.015
2026-02-26 07:38:41,482 15864 INFO wsi_2026 werkzeug: 127.0.0.1 - - [26/Feb/2026 07:38:41] "POST /web/dataset/call_kw/ir.module.module/get_views#ir.module.module.get_views HTTP/1.1" 200 - 42 0.101 0.095
2026-02-26 07:38:41,514 15864 INFO wsi_2026 werkzeug: 127.0.0.1 - - [26/Feb/2026 07:38:41] "POST /web/dataset/call_kw/ir.module.module/search_panel_select_range#ir.module.module.search_panel_select_range HTTP/1.1" 200 - 1 0.004 0.009
2026-02-26 07:38:41,877 15864 INFO wsi_2026 werkzeug: 127.0.0.1 - - [26/Feb/2026 07:38:41] "POST /web/dataset/call_kw/ir.module.module/check_module_update#ir.module.module.check_module_update HTTP/1.1" 200 - 2 0.006 0.009
2026-02-26 07:38:41,906 15864 INFO wsi_2026 werkzeug: 127.0.0.1 - - [26/Feb/2026 07:38:41] "POST /web/dataset/call_kw/ir.module.module/search_panel_select_range#ir.module.module.search_panel_select_range HTTP/1.1" 200 - 44 0.073 0.024
2026-02-26 07:38:41,920 15864 INFO wsi_2026 werkzeug: 127.0.0.1 - - [26/Feb/2026 07:38:41] "POST /web/dataset/call_kw/ir.module.module/web_search_read#ir.module.module.web_search_read HTTP/1.1" 200 - 3 0.009 0.083
2026-02-26 07:38:42,344 15864 INFO wsi_2026 werkzeug: 127.0.0.1 - - [26/Feb/2026 07:38:42] "POST /web/dataset/call_kw/ir.module.module/check_module_update#ir.module.module.check_module_update HTTP/1.1" 200 - 2 0.004 0.008
2026-02-26 07:38:53,869 15864 INFO wsi_2026 werkzeug: 127.0.0.1 - - [26/Feb/2026 07:38:53] "GET /odoo/apps?debug=1 HTTP/1.1" 200 - 26 0.030 0.041
2026-02-26 07:38:54,108 15864 INFO wsi_2026 werkzeug: 127.0.0.1 - - [26/Feb/2026 07:38:54] "GET /web/webclient/load_menus HTTP/1.1" 200 - 1 0.002 0.007
2026-02-26 07:38:54,591 15864 INFO wsi_2026 werkzeug: 127.0.0.1 - - [26/Feb/2026 07:38:54] "GET /web/webclient/translations?hash=ffab95193de5c903d87da70d57f1ffaf95ba4967&lang=en_US HTTP/1.1" 200 - 1 0.001 0.005
2026-02-26 07:38:54,621 15864 INFO wsi_2026 werkzeug: 127.0.0.1 - - [26/Feb/2026 07:38:54] "GET /web/bundle/web_tour.interactive?lang=en_US&debug=1 HTTP/1.1" 200 - 1 0.001 0.005
2026-02-26 07:38:54,644 15864 INFO wsi_2026 werkzeug: 127.0.0.1 - - [26/Feb/2026 07:38:54] "POST /web/dataset/call_kw/ir.module.module/get_views#ir.module.module.get_views HTTP/1.1" 200 - 2 0.003 0.015
2026-02-26 07:38:54,671 15864 INFO wsi_2026 werkzeug: 127.0.0.1 - - [26/Feb/2026 07:38:54] "POST /mail/data HTTP/1.1" 200 - 17 0.027 0.018
2026-02-26 07:38:54,743 15864 INFO wsi_2026 werkzeug: 127.0.0.1 - - [26/Feb/2026 07:38:54] "POST /web/dataset/call_kw/ir.module.module/search_panel_select_range#ir.module.module.search_panel_select_range HTTP/1.1" 200 - 1 0.002 0.006
2026-02-26 07:38:54,821 15864 INFO wsi_2026 werkzeug: 127.0.0.1 - - [26/Feb/2026 07:38:54] "POST /web/dataset/call_kw/ir.module.module/search_panel_select_range#ir.module.module.search_panel_select_range HTTP/1.1" 200 - 41 0.048 0.031
2026-02-26 07:38:54,940 15864 INFO wsi_2026 werkzeug: 127.0.0.1 - - [26/Feb/2026 07:38:54] "POST /web/dataset/call_kw/ir.module.module/web_search_read#ir.module.module.web_search_read HTTP/1.1" 200 - 3 0.008 0.036
2026-02-26 07:38:54,971 15864 INFO wsi_2026 werkzeug: 127.0.0.1 - - [26/Feb/2026 07:38:54] "POST /web/dataset/call_kw/ir.module.module/check_module_update#ir.module.module.check_module_update HTTP/1.1" 200 - 2 0.005 0.007
2026-02-26 07:38:54,971 15864 INFO wsi_2026 werkzeug: 127.0.0.1 - - [26/Feb/2026 07:38:54] "POST /web/dataset/call_kw/ir.module.module/check_module_update#ir.module.module.check_module_update HTTP/1.1" 200 - 2 0.004 0.007
2026-02-26 07:38:55,002 15864 INFO wsi_2026 werkzeug: 127.0.0.1 - - [26/Feb/2026 07:38:55] "GET /web/manifest.webmanifest HTTP/1.1" 200 - 6 0.012 0.016
2026-02-26 07:38:55,099 15864 INFO wsi_2026 werkzeug: 127.0.0.1 - - [26/Feb/2026 07:38:55] "GET /web/image?model=res.users&field=avatar_128&id=2 HTTP/1.1" 304 - 8 0.023 0.028
2026-02-26 07:38:55,157 15864 INFO wsi_2026 werkzeug: 127.0.0.1 - - [26/Feb/2026 07:38:55] "GET /bus/websocket_worker_bundle?v=19.0-2 HTTP/1.1" 304 - 3 0.012 0.018
2026-02-26 07:38:55,839 15864 INFO wsi_2026 werkzeug: 127.0.0.1 - - [26/Feb/2026 07:38:55] "GET /websocket?version=19.0-2 HTTP/1.1" 101 - 1 0.002 0.008
2026-02-26 07:38:57,107 15864 INFO wsi_2026 werkzeug: 127.0.0.1 - - [26/Feb/2026 07:38:57] "GET /web/service-worker.js HTTP/1.1" 200 - 1 0.004 0.009
2026-02-26 07:39:00,205 15864 INFO wsi_2026 werkzeug: 127.0.0.1 - - [26/Feb/2026 07:39:00] "POST /web/dataset/call_kw/ir.module.module/web_search_read#ir.module.module.web_search_read HTTP/1.1" 200 - 5 0.008 0.014
2026-02-26 07:39:00,243 15864 INFO wsi_2026 werkzeug: 127.0.0.1 - - [26/Feb/2026 07:39:00] "POST /web/dataset/call_kw/ir.module.module/search_panel_select_range#ir.module.module.search_panel_select_range HTTP/1.1" 200 - 41 0.042 0.018
2026-02-26 07:39:00,454 15864 INFO wsi_2026 werkzeug: 127.0.0.1 - - [26/Feb/2026 07:39:00] "POST /web/dataset/call_kw/ir.module.module/check_module_update#ir.module.module.check_module_update HTTP/1.1" 200 - 2 0.004 0.006
2026-02-26 07:39:01,154 15864 INFO wsi_2026 werkzeug: 127.0.0.1 - - [26/Feb/2026 07:39:01] "POST /web/dataset/call_kw/ir.module.module/search_panel_select_range#ir.module.module.search_panel_select_range HTTP/1.1" 200 - 41 0.047 0.026
2026-02-26 07:39:01,409 15864 INFO wsi_2026 werkzeug: 127.0.0.1 - - [26/Feb/2026 07:39:01] "POST /web/dataset/call_kw/ir.module.module/web_search_read#ir.module.module.web_search_read HTTP/1.1" 200 - 5 0.007 0.015
2026-02-26 07:39:01,738 15864 INFO wsi_2026 werkzeug: 127.0.0.1 - - [26/Feb/2026 07:39:01] "POST /web/dataset/call_kw/ir.module.module/check_module_update#ir.module.module.check_module_update HTTP/1.1" 200 - 2 0.002 0.005
2026-02-26 07:39:16,064 15864 INFO wsi_2026 odoo.addons.base.models.ir_module: ALLOW access to module.button_immediate_install on ['HR Attendance Holidays'] to user info@wsi.co.id #2 via 127.0.0.1 
2026-02-26 07:39:16,065 15864 INFO wsi_2026 odoo.addons.base.models.ir_module: User #2 triggered module installation 
2026-02-26 07:39:16,070 15864 INFO wsi_2026 odoo.addons.base.models.ir_module: ALLOW access to module.button_install on ['HR Attendance Holidays'] to user info@wsi.co.id #2 via 127.0.0.1 
2026-02-26 07:39:16,346 15864 INFO wsi_2026 odoo.modules.loading: loading 1 modules... 
2026-02-26 07:39:16,353 15864 INFO wsi_2026 odoo.modules.loading: 1 modules loaded in 0.01s, 0 queries (+0 extra) 
2026-02-26 07:39:16,413 15864 INFO wsi_2026 odoo.modules.loading: updating modules list 
2026-02-26 07:39:16,417 15864 INFO wsi_2026 odoo.addons.base.models.ir_module: ALLOW access to module.update_list on [] to user __system__ #1 via 127.0.0.1 
2026-02-26 07:39:18,791 15864 INFO wsi_2026 odoo.modules.loading: loading 50 modules... 
2026-02-26 07:39:18,843 15864 INFO wsi_2026 odoo.modules.loading: Loading module barcodes (41/50) 
2026-02-26 07:39:19,163 15864 INFO wsi_2026 odoo.registry: module barcodes: creating or updating database tables 
2026-02-26 07:39:19,413 15864 INFO wsi_2026 odoo.modules.loading: loading barcodes/data/barcodes_data.xml 
2026-02-26 07:39:19,451 15864 INFO wsi_2026 odoo.modules.loading: loading barcodes/views/barcodes_view.xml 
2026-02-26 07:39:19,535 15864 INFO wsi_2026 odoo.modules.loading: loading barcodes/security/ir.model.access.csv 
2026-02-26 07:39:19,624 15864 INFO wsi_2026 odoo.modules.loading: Module barcodes loaded in 0.78s, 149 queries (+149 other) 
2026-02-26 07:39:19,625 15864 INFO wsi_2026 odoo.modules.loading: Loading module base_geolocalize (42/50) 
2026-02-26 07:39:19,820 15864 INFO wsi_2026 odoo.registry: module base_geolocalize: creating or updating database tables 
2026-02-26 07:39:20,085 15864 INFO wsi_2026 odoo.modules.loading: loading base_geolocalize/security/ir.model.access.csv 
2026-02-26 07:39:20,116 15864 INFO wsi_2026 odoo.modules.loading: loading base_geolocalize/views/geo_provider_view.xml 
2026-02-26 07:39:20,152 15864 INFO wsi_2026 odoo.modules.loading: loading base_geolocalize/views/res_partner_views.xml 
2026-02-26 07:39:20,196 15864 INFO wsi_2026 odoo.modules.loading: loading base_geolocalize/views/res_config_settings_views.xml 
2026-02-26 07:39:20,265 15864 INFO wsi_2026 odoo.modules.loading: loading base_geolocalize/data/data.xml 
2026-02-26 07:39:20,317 15864 INFO wsi_2026 odoo.modules.loading: Module base_geolocalize loaded in 0.69s, 184 queries (+184 other) 
2026-02-26 07:39:20,318 15864 INFO wsi_2026 odoo.modules.loading: Loading module calendar (43/50) 
2026-02-26 07:39:21,069 15864 INFO wsi_2026 odoo.registry: module calendar: creating or updating database tables 
2026-02-26 07:39:22,204 15864 INFO wsi_2026 odoo.modules.loading: loading calendar/security/ir.model.access.csv 
2026-02-26 07:39:22,252 15864 INFO wsi_2026 odoo.modules.loading: loading calendar/security/calendar_security.xml 
2026-02-26 07:39:22,320 15864 INFO wsi_2026 odoo.modules.loading: loading calendar/data/calendar_cron.xml 
2026-02-26 07:39:22,387 15864 INFO wsi_2026 odoo.modules.loading: loading calendar/data/mail_template_data.xml 
2026-02-26 07:39:22,600 15864 INFO wsi_2026 odoo.modules.loading: loading calendar/data/calendar_data.xml 
2026-02-26 07:39:22,646 15864 INFO wsi_2026 odoo.modules.loading: loading calendar/data/mail_activity_type_data.xml 
2026-02-26 07:39:22,665 15864 INFO wsi_2026 odoo.modules.loading: loading calendar/data/mail_message_subtype_data.xml 
2026-02-26 07:39:22,686 15864 INFO wsi_2026 odoo.modules.loading: loading calendar/views/mail_activity_views.xml 
2026-02-26 07:39:22,738 15864 INFO wsi_2026 odoo.modules.loading: loading calendar/views/calendar_templates.xml 
2026-02-26 07:39:22,761 15864 INFO wsi_2026 odoo.modules.loading: loading calendar/views/calendar_views.xml 
2026-02-26 07:39:23,118 15864 INFO wsi_2026 odoo.modules.loading: loading calendar/views/res_config_settings_views.xml 
2026-02-26 07:39:23,161 15864 INFO wsi_2026 odoo.modules.loading: loading calendar/views/res_partner_views.xml 
2026-02-26 07:39:23,197 15864 INFO wsi_2026 odoo.modules.loading: loading calendar/views/res_users_views.xml 
2026-02-26 07:39:23,256 15864 INFO wsi_2026 odoo.modules.loading: loading calendar/wizard/calendar_provider_config.xml 
2026-02-26 07:39:23,283 15864 INFO wsi_2026 odoo.modules.loading: loading calendar/wizard/calendar_popover_delete_wizard.xml 
2026-02-26 07:39:23,319 15864 INFO wsi_2026 odoo.modules.loading: loading calendar/wizard/mail_activity_schedule_views.xml 
2026-02-26 07:39:23,430 15864 INFO wsi_2026 odoo.modules.loading: Module calendar loaded in 3.11s, 930 queries (+930 other) 
2026-02-26 07:39:23,430 15864 INFO wsi_2026 odoo.modules.loading: Loading module calendar_sms (44/50) 
2026-02-26 07:39:23,518 15864 INFO wsi_2026 odoo.registry: module calendar_sms: creating or updating database tables 
2026-02-26 07:39:23,526 15864 INFO wsi_2026 odoo.models: Prepare computation of calendar.alarm.sms_template_id 
2026-02-26 07:39:23,609 15864 INFO wsi_2026 odoo.modules.loading: loading calendar_sms/data/sms_data.xml 
2026-02-26 07:39:23,638 15864 INFO wsi_2026 odoo.modules.loading: loading calendar_sms/views/calendar_views.xml 
2026-02-26 07:39:23,752 15864 INFO wsi_2026 odoo.modules.loading: Module calendar_sms loaded in 0.32s, 106 queries (+106 other) 
2026-02-26 07:39:23,752 15864 INFO wsi_2026 odoo.modules.loading: Loading module hr_attendance (45/50) 
2026-02-26 07:39:24,219 15864 INFO wsi_2026 odoo.registry: module hr_attendance: creating or updating database tables 
2026-02-26 07:39:24,401 15864 INFO wsi_2026 odoo.models: Prepare computation of hr.employee.last_attendance_id 
2026-02-26 07:39:24,401 15864 INFO wsi_2026 odoo.models: Prepare computation of hr.employee.last_check_in 
2026-02-26 07:39:24,402 15864 INFO wsi_2026 odoo.models: Prepare computation of hr.employee.last_check_out 
2026-02-26 07:39:25,224 15864 INFO wsi_2026 odoo.modules.loading: loading hr_attendance/data/hr_attendance_overtime_ruleset_data.xml 
2026-02-26 07:39:25,252 15864 INFO wsi_2026 odoo.modules.loading: loading hr_attendance/data/hr_attendance_overtime_rule_data.xml 
2026-02-26 07:39:25,284 15864 INFO wsi_2026 odoo.modules.loading: loading hr_attendance/data/hr_attendance_data.xml 
2026-02-26 07:39:25,390 15864 INFO wsi_2026 odoo.modules.loading: loading hr_attendance/security/hr_attendance_security.xml 
2026-02-26 07:39:25,632 15864 INFO wsi_2026 odoo.modules.loading: loading hr_attendance/security/hr_attendance_overtime_ruleset_security.xml 
2026-02-26 07:39:25,669 15864 INFO wsi_2026 odoo.modules.loading: loading hr_attendance/security/ir.model.access.csv 
2026-02-26 07:39:25,701 15864 INFO wsi_2026 odoo.modules.loading: loading hr_attendance/views/hr_attendance_view.xml 
2026-02-26 07:39:25,988 15864 INFO wsi_2026 odoo.modules.loading: loading hr_attendance/views/hr_department_view.xml 
2026-02-26 07:39:26,020 15864 INFO wsi_2026 odoo.modules.loading: loading hr_attendance/views/hr_employee_view.xml 
2026-02-26 07:39:26,134 15864 INFO wsi_2026 odoo.modules.loading: loading hr_attendance/views/hr_employee_public_views.xml 
2026-02-26 07:39:26,169 15864 INFO wsi_2026 odoo.modules.loading: loading hr_attendance/views/res_config_settings_views.xml 
2026-02-26 07:39:26,277 15864 INFO wsi_2026 odoo.modules.loading: loading hr_attendance/views/hr_attendance_kiosk_templates.xml 
2026-02-26 07:39:26,319 15864 INFO wsi_2026 odoo.modules.loading: loading hr_attendance/views/hr_attendance_overtime_rule_views.xml 
2026-02-26 07:39:26,503 15864 INFO wsi_2026 odoo.modules.loading: Module hr_attendance loaded in 2.75s, 857 queries (+857 other) 
2026-02-26 07:39:26,503 15864 INFO wsi_2026 odoo.modules.loading: Loading module hr_calendar (46/50) 
2026-02-26 07:39:26,605 15864 INFO wsi_2026 odoo.registry: module hr_calendar: creating or updating database tables 
2026-02-26 07:39:26,789 15864 INFO wsi_2026 odoo.modules.loading: loading hr_calendar/views/calendar_views_calendarApp.xml 
2026-02-26 07:39:26,914 15864 INFO wsi_2026 odoo.modules.loading: loading hr_calendar/views/res_partner_views.xml 
2026-02-26 07:39:26,964 15864 INFO wsi_2026 odoo.modules.loading: Module hr_calendar loaded in 0.46s, 115 queries (+115 other) 
2026-02-26 07:39:26,964 15864 INFO wsi_2026 odoo.modules.loading: Loading module hr_holidays (47/50) 
2026-02-26 07:39:27,935 15864 INFO wsi_2026 odoo.registry: module hr_holidays: creating or updating database tables 
2026-02-26 07:39:27,966 15864 INFO wsi_2026 odoo.models: Prepare computation of hr.employee.leave_manager_id 
2026-02-26 07:39:29,383 15864 INFO wsi_2026 odoo.modules.loading: loading hr_holidays/data/report_paperformat.xml 
2026-02-26 07:39:29,409 15864 INFO wsi_2026 odoo.modules.loading: loading hr_holidays/data/mail_activity_type_data.xml 
2026-02-26 07:39:29,447 15864 INFO wsi_2026 odoo.modules.loading: loading hr_holidays/data/mail_message_subtype_data.xml 
2026-02-26 07:39:29,491 15864 INFO wsi_2026 odoo.modules.loading: loading hr_holidays/data/ir_attachment_data.xml 
2026-02-26 07:39:29,535 15864 INFO wsi_2026 odoo.modules.loading: loading hr_holidays/data/hr_leave_type_data.xml 
2026-02-26 07:39:30,216 15864 INFO wsi_2026 odoo.modules.loading: loading hr_holidays/data/ir_cron_data.xml 
2026-02-26 07:39:30,308 15864 INFO wsi_2026 odoo.modules.loading: loading hr_holidays/data/hr_holidays_tour.xml 
2026-02-26 07:39:30,331 15864 INFO wsi_2026 odoo.modules.loading: loading hr_holidays/security/hr_holidays_security.xml 
2026-02-26 07:39:30,761 15864 INFO wsi_2026 odoo.modules.loading: loading hr_holidays/security/ir.model.access.csv 
2026-02-26 07:39:30,819 15864 INFO wsi_2026 odoo.modules.loading: loading hr_holidays/wizard/hr_holidays_cancel_leave_views.xml 
2026-02-26 07:39:30,849 15864 INFO wsi_2026 odoo.modules.loading: loading hr_holidays/wizard/hr_holidays_summary_employees_views.xml 
2026-02-26 07:39:30,887 15864 INFO wsi_2026 odoo.modules.loading: loading hr_holidays/wizard/hr_leave_generate_multi_wizard_views.xml 
2026-02-26 07:39:30,928 15864 INFO wsi_2026 odoo.modules.loading: loading hr_holidays/wizard/hr_leave_allocation_generate_multi_wizard_views.xml 
2026-02-26 07:39:30,970 15864 INFO wsi_2026 odoo.modules.loading: loading hr_holidays/views/resource_views.xml 
2026-02-26 07:39:31,091 15864 INFO wsi_2026 odoo.modules.loading: loading hr_holidays/views/hr_leave_views.xml 
2026-02-26 07:39:31,738 15864 INFO wsi_2026 odoo.modules.loading: loading hr_holidays/views/hr_leave_type_views.xml 
2026-02-26 07:39:31,863 15864 INFO wsi_2026 odoo.modules.loading: loading hr_holidays/views/hr_leave_allocation_views.xml 
2026-02-26 07:39:32,216 15864 INFO wsi_2026 odoo.modules.loading: loading hr_holidays/views/hr_leave_accrual_views.xml 
2026-02-26 07:39:32,388 15864 INFO wsi_2026 odoo.modules.loading: loading hr_holidays/views/hr_leave_mandatory_day_views.xml 
2026-02-26 07:39:32,455 15864 INFO wsi_2026 odoo.modules.loading: loading hr_holidays/views/mail_activity_views.xml 
2026-02-26 07:39:32,481 15864 INFO wsi_2026 odoo.modules.loading: loading hr_holidays/views/calendar_views.xml 
2026-02-26 07:39:32,532 15864 INFO wsi_2026 odoo.modules.loading: loading hr_holidays/report/hr_holidays_templates.xml 
2026-02-26 07:39:32,610 15864 INFO wsi_2026 odoo.modules.loading: loading hr_holidays/report/hr_holidays_reports.xml 
2026-02-26 07:39:32,630 15864 INFO wsi_2026 odoo.modules.loading: loading hr_holidays/report/hr_leave_reports.xml 
2026-02-26 07:39:32,701 15864 INFO wsi_2026 odoo.modules.loading: loading hr_holidays/report/hr_leave_report_calendar.xml 
2026-02-26 07:39:32,782 15864 INFO wsi_2026 odoo.modules.loading: loading hr_holidays/report/hr_leave_employee_type_report.xml 
2026-02-26 07:39:32,849 15864 INFO wsi_2026 odoo.modules.loading: loading hr_holidays/views/hr_views.xml 
2026-02-26 07:39:33,087 15864 INFO wsi_2026 odoo.modules.loading: loading hr_holidays/views/hr_holidays_views.xml 
2026-02-26 07:39:33,453 15864 INFO wsi_2026 odoo.modules.loading: Module hr_holidays loaded in 6.49s, 2455 queries (+2455 other) 
2026-02-26 07:39:33,453 15864 INFO wsi_2026 odoo.modules.loading: Loading module hr_holidays_attendance (48/50) 
2026-02-26 07:39:33,763 15864 INFO wsi_2026 odoo.registry: module hr_holidays_attendance: creating or updating database tables 
2026-02-26 07:39:34,092 15864 INFO wsi_2026 odoo.modules.loading: loading hr_holidays_attendance/security/ir.model.access.csv 
2026-02-26 07:39:34,121 15864 INFO wsi_2026 odoo.modules.loading: loading hr_holidays_attendance/views/hr_leave_allocation_views.xml 
2026-02-26 07:39:34,195 15864 INFO wsi_2026 odoo.modules.loading: loading hr_holidays_attendance/views/hr_leave_type_views.xml 
2026-02-26 07:39:34,226 15864 INFO wsi_2026 odoo.modules.loading: loading hr_holidays_attendance/views/hr_leave_views.xml 
2026-02-26 07:39:34,259 15864 INFO wsi_2026 odoo.modules.loading: loading hr_holidays_attendance/views/hr_employee_views.xml 
2026-02-26 07:39:34,329 15864 INFO wsi_2026 odoo.modules.loading: loading hr_holidays_attendance/views/hr_leave_accrual_level_views.xml 
2026-02-26 07:39:34,364 15864 INFO wsi_2026 odoo.modules.loading: loading hr_holidays_attendance/views/hr_leave_attendance_report_views.xml 
2026-02-26 07:39:34,421 15864 INFO wsi_2026 odoo.modules.loading: loading hr_holidays_attendance/views/hr_attendance_overtime_views.xml 
2026-02-26 07:39:34,474 15864 INFO wsi_2026 odoo.modules.loading: loading hr_holidays_attendance/data/hr_holidays_attendance_data.xml 
2026-02-26 07:39:34,507 15864 INFO wsi_2026 odoo.modules.loading: Module hr_holidays_attendance loaded in 1.05s, 348 queries (+348 other) 
2026-02-26 07:39:34,507 15864 INFO wsi_2026 odoo.modules.loading: Loading module hr_holidays_homeworking (49/50) 
2026-02-26 07:39:34,586 15864 INFO wsi_2026 odoo.registry: module hr_holidays_homeworking: creating or updating database tables 
2026-02-26 07:39:34,678 15864 INFO wsi_2026 odoo.modules.loading: Module hr_holidays_homeworking loaded in 0.17s, 52 queries (+52 other) 
2026-02-26 07:39:34,678 15864 INFO wsi_2026 odoo.modules.loading: Loading module hr_homeworking_calendar (50/50) 
2026-02-26 07:39:34,822 15864 INFO wsi_2026 odoo.registry: module hr_homeworking_calendar: creating or updating database tables 
2026-02-26 07:39:35,094 15864 INFO wsi_2026 odoo.modules.loading: loading hr_homeworking_calendar/security/security.xml 
2026-02-26 07:39:35,135 15864 INFO wsi_2026 odoo.modules.loading: loading hr_homeworking_calendar/security/ir.model.access.csv 
2026-02-26 07:39:35,166 15864 INFO wsi_2026 odoo.modules.loading: loading hr_homeworking_calendar/wizard/homework_location_wizard.xml 
2026-02-26 07:39:35,241 15864 INFO wsi_2026 odoo.modules.loading: Module hr_homeworking_calendar loaded in 0.56s, 175 queries (+175 other) 
2026-02-26 07:39:35,241 15864 INFO wsi_2026 odoo.modules.loading: 50 modules loaded in 16.45s, 5371 queries (+5371 extra) 
2026-02-26 07:39:36,366 15864 INFO wsi_2026 odoo.modules.loading: Modules loaded. 
2026-02-26 07:39:36,384 15864 INFO wsi_2026 odoo.registry: Registry changed, signaling through the database 
2026-02-26 07:39:36,389 15864 INFO wsi_2026 odoo.registry: Registry loaded in 20.082s 
2026-02-26 07:39:36,389 15864 INFO wsi_2026 odoo.addons.base.models.ir_module: getting next ir.actions.todo() 
2026-02-26 07:39:36,417 15864 INFO wsi_2026 werkzeug: 127.0.0.1 - - [26/Feb/2026 07:39:36] "POST /web/dataset/call_button/ir.module.module/button_immediate_install#ir.module.module.button_immediate_install HTTP/1.1" 200 - 7862 11.007 9.363
2026-02-26 07:39:36,755 15864 INFO wsi_2026 odoo.addons.base.models.ir_http: Generating routing map for key None 
2026-02-26 07:39:39,428 15864 INFO wsi_2026 werkzeug: 127.0.0.1 - - [26/Feb/2026 07:39:39] "GET /odoo HTTP/1.1" 200 - 87 0.116 2.562
2026-02-26 07:39:39,704 15864 INFO wsi_2026 werkzeug: 127.0.0.1 - - [26/Feb/2026 07:39:39] "GET /web/webclient/load_menus HTTP/1.1" 200 - 18 0.087 0.087
2026-02-26 07:39:39,900 15864 INFO wsi_2026 werkzeug: 127.0.0.1 - - [26/Feb/2026 07:39:39] "GET /web/manifest.webmanifest HTTP/1.1" 200 - 8 0.034 0.018
2026-02-26 07:39:48,452 15864 INFO wsi_2026 odoo.addons.base.models.ir_cron: Job 'Calendar: Event Reminder' (18) starting 
2026-02-26 07:39:48,505 15864 INFO wsi_2026 odoo.addons.base.models.assetsbundle: Generating a new asset bundle attachment /web/assets/6e0ba6f/web.assets_web.min.css (id:55) 
2026-02-26 07:39:48,508 15864 INFO wsi_2026 odoo.addons.base.models.assetsbundle: Deleting attachments [39] (matching /web/assets/_______/web.assets_web.min.css) because it was replaced with /web/assets/6e0ba6f/web.assets_web.min.css 
2026-02-26 07:39:48,511 15864 INFO wsi_2026 odoo.addons.base.models.ir_cron: Job 'Calendar: Event Reminder' (18) fully done (#loop 1; done 0; remaining 0; duration 0.06s) 
2026-02-26 07:39:48,536 15864 INFO wsi_2026 odoo.addons.base.models.ir_cron: Job 'Attendance: Automatically check-out employees' (19) starting 
2026-02-26 07:39:48,582 15864 INFO wsi_2026 werkzeug: 127.0.0.1 - - [26/Feb/2026 07:39:48] "GET /web/assets/6e0ba6f/web.assets_web.min.css HTTP/1.1" 200 - 16 0.098 8.637
2026-02-26 07:39:48,620 15864 INFO wsi_2026 odoo.addons.base.models.ir_cron: Job 'Attendance: Automatically check-out employees' (19) fully done (#loop 1; done 0; remaining 0; duration 0.08s) 
2026-02-26 07:39:48,640 15864 INFO wsi_2026 odoo.addons.base.models.ir_cron: Job 'Attendance: Detect Absences for employees' (20) starting 
2026-02-26 07:39:48,688 15864 INFO wsi_2026 odoo.addons.base.models.ir_cron: Job 'Attendance: Detect Absences for employees' (20) fully done (#loop 1; done 0; remaining 0; duration 0.05s) 
2026-02-26 07:39:48,713 15864 INFO wsi_2026 odoo.addons.base.models.ir_cron: Job 'Accrual Time Off: Updates the number of time off' (21) starting 
2026-02-26 07:39:48,767 15864 INFO wsi_2026 odoo.addons.base.models.ir_cron: Job 'Accrual Time Off: Updates the number of time off' (21) fully done (#loop 1; done 0; remaining 0; duration 0.05s) 
2026-02-26 07:39:48,787 15864 INFO wsi_2026 odoo.addons.base.models.ir_cron: Job 'Time Off: Cancel invalid leaves' (22) starting 
2026-02-26 07:39:48,843 15864 INFO wsi_2026 odoo.addons.base.models.ir_cron: Job 'Time Off: Cancel invalid leaves' (22) fully done (#loop 1; done 0; remaining 0; duration 0.05s) 
2026-02-26 07:40:00,430 15864 INFO wsi_2026 odoo.addons.base.models.assetsbundle: Generating a new asset bundle attachment /web/assets/f7cd11a/web.assets_web_print.min.css (id:56) 
2026-02-26 07:40:00,436 15864 INFO wsi_2026 odoo.addons.base.models.assetsbundle: Deleting attachments [40] (matching /web/assets/_______/web.assets_web_print.min.css) because it was replaced with /web/assets/f7cd11a/web.assets_web_print.min.css 
2026-02-26 07:40:00,486 15864 INFO wsi_2026 werkzeug: 127.0.0.1 - - [26/Feb/2026 07:40:00] "GET /web/assets/f7cd11a/web.assets_web_print.min.css HTTP/1.1" 200 - 10 0.127 11.442
2026-02-26 07:40:06,058 15864 INFO wsi_2026 odoo.addons.base.models.assetsbundle: Generating a new asset bundle attachment /web/assets/f911f44/web.assets_web.min.js (id:57) 
2026-02-26 07:40:06,062 15864 INFO wsi_2026 odoo.addons.base.models.assetsbundle: Deleting attachments [41] (matching /web/assets/_______/web.assets_web.min.js) because it was replaced with /web/assets/f911f44/web.assets_web.min.js 
2026-02-26 07:40:07,965 15864 INFO wsi_2026 werkzeug: 127.0.0.1 - - [26/Feb/2026 07:40:07] "GET /web/assets/f911f44/web.assets_web.min.js HTTP/1.1" 200 - 13 0.036 28.399
2026-02-26 07:40:08,732 15864 INFO wsi_2026 werkzeug: 127.0.0.1 - - [26/Feb/2026 07:40:08] "GET /web/webclient/translations?hash=&lang=en_US HTTP/1.1" 200 - 2 0.005 0.010
2026-02-26 07:40:08,997 15864 INFO wsi_2026 werkzeug: 127.0.0.1 - - [26/Feb/2026 07:40:08] "GET /web/bundle/web_tour.interactive?lang=en_US&debug=1 HTTP/1.1" 200 - 3 0.008 0.018
2026-02-26 07:40:09,079 15864 INFO wsi_2026 werkzeug: 127.0.0.1 - - [26/Feb/2026 07:40:09] "POST /web/action/load HTTP/1.1" 200 - 6 0.013 0.010
2026-02-26 07:40:09,098 15864 INFO wsi_2026 werkzeug: 127.0.0.1 - - [26/Feb/2026 07:40:09] "POST /web/dataset/call_kw/ir.http/lazy_session_info#ir.http.lazy_session_info HTTP/1.1" 200 - 6 0.011 0.039
2026-02-26 07:40:09,335 15864 INFO wsi_2026 werkzeug: 127.0.0.1 - - [26/Feb/2026 07:40:09] "GET /web/image?model=res.users&field=avatar_128&id=2 HTTP/1.1" 304 - 15 0.073 0.055
2026-02-26 07:40:09,373 15864 INFO wsi_2026 werkzeug: 127.0.0.1 - - [26/Feb/2026 07:40:09] "POST /mail/data HTTP/1.1" 200 - 27 0.133 0.040
2026-02-26 07:40:09,385 15864 INFO wsi_2026 werkzeug: 127.0.0.1 - - [26/Feb/2026 07:40:09] "GET /web/image/res.partner/3/avatar_128?unique=1772066368000 HTTP/1.1" 200 - 7 0.030 0.040
2026-02-26 07:40:09,448 15864 INFO wsi_2026 werkzeug: 127.0.0.1 - - [26/Feb/2026 07:40:09] "POST /mail/data HTTP/1.1" 200 - 48 0.142 0.100
2026-02-26 07:40:09,469 15864 INFO wsi_2026 werkzeug: 127.0.0.1 - - [26/Feb/2026 07:40:09] "GET /bus/websocket_worker_bundle?v=19.0-2 HTTP/1.1" 304 - 4 0.007 0.012
2026-02-26 07:40:10,008 15864 INFO wsi_2026 werkzeug: 127.0.0.1 - - [26/Feb/2026 07:40:10] "GET /web/image/res.partner/2/avatar_128?unique=1772091565000 HTTP/1.1" 200 - 6 0.016 0.027
2026-02-26 07:40:10,019 15864 INFO wsi_2026 werkzeug: 127.0.0.1 - - [26/Feb/2026 07:40:10] "GET /web/image/res.partner/3/avatar_128?unique=1772091568000 HTTP/1.1" 200 - 7 0.021 0.022
2026-02-26 07:40:10,029 15864 INFO wsi_2026 werkzeug: 127.0.0.1 - - [26/Feb/2026 07:40:10] "POST /discuss/channel/messages HTTP/1.1" 200 - 25 0.057 0.031
2026-02-26 07:40:10,058 15864 INFO wsi_2026 werkzeug: 127.0.0.1 - - [26/Feb/2026 07:40:10] "GET /websocket?version=19.0-2 HTTP/1.1" 101 - 1 0.003 0.013
2026-02-26 07:40:10,212 15864 INFO wsi_2026 werkzeug: 127.0.0.1 - - [26/Feb/2026 07:40:10] "GET /web/bundle/web.assets_emoji?lang=en_US&debug=1 HTTP/1.1" 200 - 2 0.007 0.015
2026-02-26 07:40:11,784 15864 INFO wsi_2026 werkzeug: 127.0.0.1 - - [26/Feb/2026 07:40:11] "GET /web/service-worker.js HTTP/1.1" 200 - 1 0.002 0.009
2026-02-26 07:40:29,226 15864 INFO wsi_2026 werkzeug: 127.0.0.1 - - [26/Feb/2026 07:40:29] "POST /web/action/load HTTP/1.1" 200 - 10 0.014 0.013
2026-02-26 07:40:29,581 15864 INFO wsi_2026 werkzeug: 127.0.0.1 - - [26/Feb/2026 07:40:29] "POST /web/dataset/call_kw/ir.module.module/get_views#ir.module.module.get_views HTTP/1.1" 200 - 44 0.069 0.061
2026-02-26 07:40:29,607 15864 INFO wsi_2026 werkzeug: 127.0.0.1 - - [26/Feb/2026 07:40:29] "POST /web/dataset/call_kw/ir.module.module/search_panel_select_range#ir.module.module.search_panel_select_range HTTP/1.1" 200 - 1 0.003 0.007
2026-02-26 07:40:29,958 15864 INFO wsi_2026 werkzeug: 127.0.0.1 - - [26/Feb/2026 07:40:29] "POST /web/dataset/call_kw/ir.module.module/check_module_update#ir.module.module.check_module_update HTTP/1.1" 200 - 2 0.007 0.006
2026-02-26 07:40:29,978 15864 INFO wsi_2026 werkzeug: 127.0.0.1 - - [26/Feb/2026 07:40:29] "POST /web/dataset/call_kw/ir.module.module/search_panel_select_range#ir.module.module.search_panel_select_range HTTP/1.1" 200 - 44 0.054 0.022
2026-02-26 07:40:29,981 15864 INFO wsi_2026 werkzeug: 127.0.0.1 - - [26/Feb/2026 07:40:29] "POST /web/dataset/call_kw/ir.module.module/web_search_read#ir.module.module.web_search_read HTTP/1.1" 200 - 3 0.007 0.059
2026-02-26 07:40:30,347 15864 INFO wsi_2026 werkzeug: 127.0.0.1 - - [26/Feb/2026 07:40:30] "POST /web/dataset/call_kw/ir.module.module/check_module_update#ir.module.module.check_module_update HTTP/1.1" 200 - 2 0.003 0.006
2026-02-26 07:40:32,159 15864 INFO wsi_2026 werkzeug: 127.0.0.1 - - [26/Feb/2026 07:40:32] "POST /web/dataset/call_kw/ir.module.module/search_panel_select_range#ir.module.module.search_panel_select_range HTTP/1.1" 200 - 41 0.049 0.030
2026-02-26 07:40:32,400 15864 INFO wsi_2026 werkzeug: 127.0.0.1 - - [26/Feb/2026 07:40:32] "POST /web/dataset/call_kw/ir.module.module/web_search_read#ir.module.module.web_search_read HTTP/1.1" 200 - 5 0.007 0.011
2026-02-26 07:40:32,726 15864 INFO wsi_2026 werkzeug: 127.0.0.1 - - [26/Feb/2026 07:40:32] "POST /web/dataset/call_kw/ir.module.module/check_module_update#ir.module.module.check_module_update HTTP/1.1" 200 - 2 0.005 0.006
2026-02-26 07:40:33,718 15864 INFO wsi_2026 werkzeug: 127.0.0.1 - - [26/Feb/2026 07:40:33] "POST /web/dataset/call_kw/ir.module.module/search_panel_select_range#ir.module.module.search_panel_select_range HTTP/1.1" 200 - 41 0.038 0.022
2026-02-26 07:40:33,990 15864 INFO wsi_2026 werkzeug: 127.0.0.1 - - [26/Feb/2026 07:40:33] "POST /web/dataset/call_kw/ir.module.module/web_search_read#ir.module.module.web_search_read HTTP/1.1" 200 - 5 0.005 0.020
2026-02-26 07:40:34,323 15864 INFO wsi_2026 werkzeug: 127.0.0.1 - - [26/Feb/2026 07:40:34] "POST /web/dataset/call_kw/ir.module.module/check_module_update#ir.module.module.check_module_update HTTP/1.1" 200 - 2 0.004 0.006
2026-02-26 07:40:43,960 15864 INFO wsi_2026 werkzeug: 127.0.0.1 - - [26/Feb/2026 07:40:43] "GET /odoo/apps?debug=1 HTTP/1.1" 200 - 28 0.047 0.048
2026-02-26 07:40:44,179 15864 INFO wsi_2026 werkzeug: 127.0.0.1 - - [26/Feb/2026 07:40:44] "GET /web/webclient/load_menus HTTP/1.1" 200 - 1 0.001 0.009
2026-02-26 07:40:44,729 15864 INFO wsi_2026 werkzeug: 127.0.0.1 - - [26/Feb/2026 07:40:44] "GET /web/webclient/translations?hash=cf6dcd38274b336d6c847439dd1de09fff63ee6e&lang=en_US HTTP/1.1" 200 - 1 0.001 0.005
2026-02-26 07:40:44,735 15864 INFO wsi_2026 werkzeug: 127.0.0.1 - - [26/Feb/2026 07:40:44] "GET /web/bundle/web_tour.interactive?lang=en_US&debug=1 HTTP/1.1" 200 - 1 0.001 0.005
2026-02-26 07:40:44,779 15864 INFO wsi_2026 werkzeug: 127.0.0.1 - - [26/Feb/2026 07:40:44] "POST /web/dataset/call_kw/ir.module.module/get_views#ir.module.module.get_views HTTP/1.1" 200 - 2 0.004 0.014
2026-02-26 07:40:44,781 15864 INFO wsi_2026 werkzeug: 127.0.0.1 - - [26/Feb/2026 07:40:44] "POST /web/dataset/call_kw/ir.http/lazy_session_info#ir.http.lazy_session_info HTTP/1.1" 200 - 6 0.012 0.008
2026-02-26 07:40:44,893 15864 INFO wsi_2026 werkzeug: 127.0.0.1 - - [26/Feb/2026 07:40:44] "POST /web/dataset/call_kw/ir.module.module/search_panel_select_range#ir.module.module.search_panel_select_range HTTP/1.1" 200 - 1 0.002 0.005
2026-02-26 07:40:44,928 15864 INFO wsi_2026 werkzeug: 127.0.0.1 - - [26/Feb/2026 07:40:44] "POST /mail/data HTTP/1.1" 200 - 19 0.021 0.022
2026-02-26 07:40:45,108 15864 INFO wsi_2026 werkzeug: 127.0.0.1 - - [26/Feb/2026 07:40:45] "POST /web/dataset/call_kw/ir.module.module/check_module_update#ir.module.module.check_module_update HTTP/1.1" 200 - 2 0.006 0.010
2026-02-26 07:40:45,110 15864 INFO wsi_2026 werkzeug: 127.0.0.1 - - [26/Feb/2026 07:40:45] "POST /web/dataset/call_kw/ir.module.module/check_module_update#ir.module.module.check_module_update HTTP/1.1" 200 - 2 0.006 0.010
2026-02-26 07:40:45,124 15864 INFO wsi_2026 werkzeug: 127.0.0.1 - - [26/Feb/2026 07:40:45] "POST /web/dataset/call_kw/ir.module.module/search_panel_select_range#ir.module.module.search_panel_select_range HTTP/1.1" 200 - 41 0.059 0.026
2026-02-26 07:40:45,135 15864 INFO wsi_2026 werkzeug: 127.0.0.1 - - [26/Feb/2026 07:40:45] "POST /web/dataset/call_kw/ir.module.module/web_search_read#ir.module.module.web_search_read HTTP/1.1" 200 - 3 0.009 0.086
2026-02-26 07:40:45,237 15864 INFO wsi_2026 werkzeug: 127.0.0.1 - - [26/Feb/2026 07:40:45] "GET /web/manifest.webmanifest HTTP/1.1" 200 - 6 0.014 0.026
2026-02-26 07:40:45,287 15864 INFO wsi_2026 werkzeug: 127.0.0.1 - - [26/Feb/2026 07:40:45] "GET /web/image?model=res.users&field=avatar_128&id=2 HTTP/1.1" 304 - 8 0.020 0.023
2026-02-26 07:40:45,433 15864 INFO wsi_2026 werkzeug: 127.0.0.1 - - [26/Feb/2026 07:40:45] "GET /bus/websocket_worker_bundle?v=19.0-2 HTTP/1.1" 304 - 3 0.009 0.010
2026-02-26 07:40:45,769 15864 INFO wsi_2026 werkzeug: 127.0.0.1 - - [26/Feb/2026 07:40:45] "GET /websocket?version=19.0-2 HTTP/1.1" 101 - 1 0.002 0.009
2026-02-26 07:40:47,060 15864 INFO wsi_2026 werkzeug: 127.0.0.1 - - [26/Feb/2026 07:40:47] "GET /web/service-worker.js HTTP/1.1" 200 - 1 0.001 0.005
2026-02-26 07:40:49,015 15864 INFO wsi_2026 werkzeug: 127.0.0.1 - - [26/Feb/2026 07:40:49] "POST /web/dataset/call_kw/ir.module.module/web_search_read#ir.module.module.web_search_read HTTP/1.1" 200 - 5 0.009 0.014
2026-02-26 07:40:49,066 15864 INFO wsi_2026 werkzeug: 127.0.0.1 - - [26/Feb/2026 07:40:49] "POST /web/dataset/call_kw/ir.module.module/search_panel_select_range#ir.module.module.search_panel_select_range HTTP/1.1" 200 - 41 0.054 0.021
2026-02-26 07:40:49,250 15864 INFO wsi_2026 werkzeug: 127.0.0.1 - - [26/Feb/2026 07:40:49] "POST /web/dataset/call_kw/ir.module.module/check_module_update#ir.module.module.check_module_update HTTP/1.1" 200 - 2 0.005 0.004
2026-02-26 07:40:49,903 15864 INFO wsi_2026 odoo.addons.base.models.ir_cron: Job 'Base: Auto-vacuum internal data' (1) starting 
2026-02-26 07:40:50,388 15864 INFO wsi_2026 odoo.addons.base.models.res_device: GC device logs delete 0 entries 
2026-02-26 07:40:50,516 15864 INFO wsi_2026 odoo.addons.base.models.res_users: GC'd 0 user log entries 
2026-02-26 07:40:50,547 15864 INFO wsi_2026 odoo.addons.base.models.res_users: GC 'auth_totp.device' delete 0 entries 
2026-02-26 07:40:50,723 15864 INFO wsi_2026 odoo.addons.base.models.res_users: GC 'res.users.apikeys' delete 0 entries 
2026-02-26 07:40:50,881 15864 INFO wsi_2026 odoo.addons.base.models.ir_attachment: filestore gc 9 checked, 3 removed 
2026-02-26 07:40:50,939 15864 INFO wsi_2026 odoo.addons.api_doc.models.ir_attachment: GC'd 0 /doc cached index 
2026-02-26 07:40:51,242 15864 INFO wsi_2026 odoo.addons.sms.models.sms_sms: GC'd 0 sms marked for deletion 
2026-02-26 07:40:51,262 15864 INFO wsi_2026 odoo.addons.base.models.res_device: GC device logs delete 0 entries 
2026-02-26 07:40:51,587 15864 INFO wsi_2026 odoo.addons.base.models.ir_cron: Job 'Base: Auto-vacuum internal data' (1) fully done (#loop 1; done 85; remaining 0; duration 1.69s) 
2026-02-26 07:40:53,839 15864 INFO wsi_2026 werkzeug: 127.0.0.1 - - [26/Feb/2026 07:40:53] "POST /web/dataset/call_kw/ir.module.module/search_panel_select_range#ir.module.module.search_panel_select_range HTTP/1.1" 200 - 41 0.052 0.020
2026-02-26 07:40:54,102 15864 INFO wsi_2026 werkzeug: 127.0.0.1 - - [26/Feb/2026 07:40:54] "POST /web/dataset/call_kw/ir.module.module/web_search_read#ir.module.module.web_search_read HTTP/1.1" 200 - 5 0.006 0.020
2026-02-26 07:40:54,435 15864 INFO wsi_2026 werkzeug: 127.0.0.1 - - [26/Feb/2026 07:40:54] "POST /web/dataset/call_kw/ir.module.module/check_module_update#ir.module.module.check_module_update HTTP/1.1" 200 - 2 0.004 0.004
2026-02-26 07:44:24,373 25056 INFO ? odoo.modules.loading: loading 1 modules... 
2026-02-26 07:44:24,433 25056 INFO ? odoo.modules.loading: 1 modules loaded in 0.05s, 0 queries (+0 extra) 
2026-02-26 07:44:24,506 25056 INFO ? odoo.modules.loading: loading 50 modules... 
2026-02-26 07:44:26,614 25056 INFO ? odoo.modules.loading: 50 modules loaded in 2.11s, 0 queries (+0 extra) 
2026-02-26 07:44:26,737 25056 INFO ? odoo.modules.loading: Modules loaded. 
2026-02-26 07:44:26,771 25056 INFO ? odoo.registry: Registry loaded in 2.523s 
2026-02-26 07:44:26,775 25056 INFO wsi_2026 odoo.addons.base.models.ir_http: Generating routing map for key None 
2026-02-26 07:44:26,817 25056 INFO wsi_2026 werkzeug: 127.0.0.1 - - [26/Feb/2026 07:44:26] "GET /websocket?version=19.0-2 HTTP/1.1" 101 - 23 0.072 2.553
2026-02-26 07:44:27,196 25056 INFO wsi_2026 werkzeug: 127.0.0.1 - - [26/Feb/2026 07:44:27] "POST /bus/has_missed_notifications HTTP/1.1" 200 - 2 0.010 0.037
2026-02-26 07:44:27,209 25056 INFO ? odoo.addons.bus.models.bus: Bus.loop listen imbus on db postgres 
2026-02-26 07:55:27,031 25056 INFO ? odoo.service.server: Initiating shutdown 
2026-02-26 07:55:27,036 25056 INFO ? odoo.service.server: Hit CTRL-C again or send a second signal to force the shutdown. 
2026-02-26 07:55:27,771 25056 INFO ? odoo.service.server: cron0 max age (0s) reached, releasing connection. 
2026-02-26 07:55:27,772 25056 INFO ? odoo.sql_db: ConnectionPool(read/write;used=0/count=0/max=64): Closed 3 connections  
2026-02-26 07:55:27,795 25056 INFO ? odoo.service.server: cron1 max age (0s) reached, releasing connection. 
2026-02-26 07:55:31,754 3760 WARNING ? odoo.tools.config: missing --http-interface/http_interface, using 0.0.0.0 by default, will change to 127.0.0.1 in 20.0 
2026-02-26 07:55:31,755 3760 INFO ? odoo: Odoo version 19.0 
2026-02-26 07:55:31,756 3760 INFO ? odoo: Using configuration file at c:\users\wadhi\onedrive\documents\kuliah\magang\wisi-wise-web-odoo\odoo.conf 
2026-02-26 07:55:31,756 3760 INFO ? odoo: addons paths: _NamespacePath(['C:\\Users\\wadhi\\OneDrive\\Documents\\KULIAH\\MAGANG\\wisi-wise-web-odoo\\odoo\\addons', 'C:\\Users\\wadhi\\AppData\\Local\\OpenERP S.A.\\Odoo\\addons\\19.0', 'c:\\users\\wadhi\\onedrive\\documents\\kuliah\\magang\\wisi-wise-web-odoo\\odoo\\addons', 'c:\\users\\wadhi\\onedrive\\documents\\kuliah\\magang\\wisi-wise-web-odoo\\addons', 'c:\\users\\wadhi\\onedrive\\documents\\kuliah\\magang\\wisi-wise-web-odoo\\custom_addons']) 
2026-02-26 07:55:31,756 3760 INFO ? odoo: database: odoo@localhost:5434 
2026-02-26 07:55:32,923 3760 WARNING ? odoo.service.server: 'watchdog' module not installed. Code autoreload feature is disabled 
2026-02-26 07:55:32,938 3760 INFO ? odoo.service.server: HTTP service (werkzeug) running on LAPTOP-B7F6P6QO:8069 
2026-02-26 07:55:36,841 3760 INFO ? odoo.modules.loading: loading 1 modules... 
2026-02-26 07:55:36,852 3760 INFO ? odoo.modules.loading: 1 modules loaded in 0.01s, 0 queries (+0 extra) 
2026-02-26 07:55:37,071 3760 INFO ? odoo.modules.loading: loading 50 modules... 
2026-02-26 07:55:38,625 3760 INFO ? odoo.modules.loading: 50 modules loaded in 1.55s, 0 queries (+0 extra) 
2026-02-26 07:55:38,875 3760 INFO ? odoo.modules.loading: Modules loaded. 
2026-02-26 07:55:38,974 3760 INFO ? odoo.registry: Registry loaded in 2.288s 
2026-02-26 07:55:38,980 3760 INFO wsi_2026 odoo.addons.base.models.ir_http: Generating routing map for key None 
2026-02-26 07:55:39,063 3760 INFO wsi_2026 werkzeug: 127.0.0.1 - - [26/Feb/2026 07:55:39] "GET /websocket?version=19.0-2 HTTP/1.1" 101 - 23 0.229 2.178
2026-02-26 07:55:39,098 3760 INFO wsi_2026 werkzeug: 127.0.0.1 - - [26/Feb/2026 07:55:39] "POST /bus/has_missed_notifications HTTP/1.1" 200 - 2 0.008 0.018
2026-02-26 07:55:39,400 3760 INFO ? odoo.addons.bus.models.bus: Bus.loop listen imbus on db postgres 
2026-02-26 07:55:42,002 3760 INFO wsi_2026 werkzeug: 127.0.0.1 - - [26/Feb/2026 07:55:42] "GET /odoo/apps?debug=1 HTTP/1.1" 200 - 93 0.189 3.820
2026-02-26 07:55:42,308 3760 INFO wsi_2026 werkzeug: 127.0.0.1 - - [26/Feb/2026 07:55:42] "GET /web/webclient/load_menus HTTP/1.1" 200 - 18 0.072 0.134
2026-02-26 07:55:42,954 3760 INFO wsi_2026 werkzeug: 127.0.0.1 - - [26/Feb/2026 07:55:42] "GET /web/bundle/web_tour.interactive?lang=en_US&debug=1 HTTP/1.1" 200 - 3 0.008 0.096
2026-02-26 07:55:42,955 3760 INFO wsi_2026 werkzeug: 127.0.0.1 - - [26/Feb/2026 07:55:42] "GET /web/webclient/translations?hash=cf6dcd38274b336d6c847439dd1de09fff63ee6e&lang=en_US HTTP/1.1" 200 - 2 0.010 0.096
2026-02-26 07:55:42,968 3760 INFO wsi_2026 werkzeug: 127.0.0.1 - - [26/Feb/2026 07:55:42] "POST /web/dataset/call_kw/ir.http/lazy_session_info#ir.http.lazy_session_info HTTP/1.1" 200 - 6 0.033 0.070
2026-02-26 07:55:43,070 3760 INFO wsi_2026 werkzeug: 127.0.0.1 - - [26/Feb/2026 07:55:43] "POST /web/dataset/call_kw/ir.module.module/search_panel_select_range#ir.module.module.search_panel_select_range HTTP/1.1" 200 - 5 0.016 0.016
2026-02-26 07:55:43,135 3760 INFO wsi_2026 werkzeug: 127.0.0.1 - - [26/Feb/2026 07:55:43] "POST /web/dataset/call_kw/ir.module.module/get_views#ir.module.module.get_views HTTP/1.1" 200 - 41 0.110 0.148
2026-02-26 07:55:43,171 3760 INFO wsi_2026 werkzeug: 127.0.0.1 - - [26/Feb/2026 07:55:43] "POST /mail/data HTTP/1.1" 200 - 33 0.095 0.040
2026-02-26 07:55:43,299 3760 INFO wsi_2026 werkzeug: 127.0.0.1 - - [26/Feb/2026 07:55:43] "POST /web/dataset/call_kw/ir.module.module/check_module_update#ir.module.module.check_module_update HTTP/1.1" 200 - 2 0.008 0.018
2026-02-26 07:55:43,368 3760 INFO wsi_2026 werkzeug: 127.0.0.1 - - [26/Feb/2026 07:55:43] "POST /web/dataset/call_kw/ir.module.module/search_panel_select_range#ir.module.module.search_panel_select_range HTTP/1.1" 200 - 43 0.071 0.032
2026-02-26 07:55:43,392 3760 INFO wsi_2026 werkzeug: 127.0.0.1 - - [26/Feb/2026 07:55:43] "POST /web/dataset/call_kw/ir.module.module/check_module_update#ir.module.module.check_module_update HTTP/1.1" 200 - 2 0.006 0.005
2026-02-26 07:55:43,484 3760 INFO wsi_2026 werkzeug: 127.0.0.1 - - [26/Feb/2026 07:55:43] "GET /web/manifest.webmanifest HTTP/1.1" 200 - 8 0.021 0.013
2026-02-26 07:55:43,610 3760 INFO wsi_2026 werkzeug: 127.0.0.1 - - [26/Feb/2026 07:55:43] "GET /web/image?model=res.users&field=avatar_128&id=2 HTTP/1.1" 304 - 15 0.058 0.077
2026-02-26 07:55:43,736 3760 INFO wsi_2026 werkzeug: 127.0.0.1 - - [26/Feb/2026 07:55:43] "GET /bus/websocket_worker_bundle?v=19.0-2 HTTP/1.1" 304 - 4 0.017 0.110
2026-02-26 07:55:43,899 3760 INFO wsi_2026 werkzeug: 127.0.0.1 - - [26/Feb/2026 07:55:43] "POST /web/dataset/call_kw/ir.module.module/web_search_read#ir.module.module.web_search_read HTTP/1.1" 200 - 4 0.020 0.613
2026-02-26 07:55:44,090 3760 INFO wsi_2026 werkzeug: 127.0.0.1 - - [26/Feb/2026 07:55:44] "GET /websocket?version=19.0-2 HTTP/1.1" 101 - 1 0.006 0.012
2026-02-26 07:55:45,259 3760 INFO wsi_2026 werkzeug: 127.0.0.1 - - [26/Feb/2026 07:55:45] "GET /web/service-worker.js HTTP/1.1" 200 - 1 0.003 0.068
2026-02-26 07:55:46,829 3760 INFO wsi_2026 werkzeug: 127.0.0.1 - - [26/Feb/2026 07:55:46] "POST /web/action/load HTTP/1.1" 200 - 9 0.015 0.012
2026-02-26 07:55:47,082 3760 INFO wsi_2026 werkzeug: 127.0.0.1 - - [26/Feb/2026 07:55:47] "POST /web/dataset/call_kw/base.module.update/get_views#base.module.update.get_views HTTP/1.1" 200 - 11 0.011 0.015
2026-02-26 07:55:47,162 3760 INFO wsi_2026 werkzeug: 127.0.0.1 - - [26/Feb/2026 07:55:47] "POST /web/dataset/call_kw/base.module.update/onchange#base.module.update.onchange HTTP/1.1" 200 - 2 0.004 0.005
2026-02-26 07:55:48,571 3760 INFO wsi_2026 werkzeug: 127.0.0.1 - - [26/Feb/2026 07:55:48] "POST /web/dataset/call_kw/base.module.update/web_save#base.module.update.web_save HTTP/1.1" 200 - 5 0.021 0.012
2026-02-26 07:55:48,991 3760 INFO wsi_2026 odoo.addons.base.models.ir_module: ALLOW access to module.update_list on [] to user info@wsi.co.id #2 via 127.0.0.1 
2026-02-26 07:55:59,436 3760 WARNING wsi_2026 odoo.modules.module: Missing `license` key in manifest for 'wsi_hr_employee', defaulting to LGPL-3 
2026-02-26 07:55:59,437 3760 WARNING wsi_2026 odoo.modules.module: Missing `license` key in manifest for 'wsi_hr_employee', defaulting to LGPL-3 
2026-02-26 07:55:59,513 3760 INFO wsi_2026 werkzeug: 127.0.0.1 - - [26/Feb/2026 07:55:59] "POST /web/dataset/call_button/base.module.update/update_module#base.module.update.update_module HTTP/1.1" 200 - 1585 2.243 8.291
2026-02-26 07:56:01,678 3760 INFO wsi_2026 werkzeug: 127.0.0.1 - - [26/Feb/2026 07:56:01] "POST /web/dataset/call_kw/ir.module.module/search_panel_select_range#ir.module.module.search_panel_select_range HTTP/1.1" 200 - 41 0.071 0.030
2026-02-26 07:56:02,020 3760 INFO wsi_2026 werkzeug: 127.0.0.1 - - [26/Feb/2026 07:56:02] "POST /web/dataset/call_kw/ir.module.module/web_search_read#ir.module.module.web_search_read HTTP/1.1" 200 - 4 0.015 0.096
2026-02-26 07:56:02,444 3760 INFO wsi_2026 werkzeug: 127.0.0.1 - - [26/Feb/2026 07:56:02] "POST /web/dataset/call_kw/ir.module.module/check_module_update#ir.module.module.check_module_update HTTP/1.1" 200 - 2 0.007 0.004
2026-02-26 07:56:03,505 3760 INFO wsi_2026 werkzeug: 127.0.0.1 - - [26/Feb/2026 07:56:03] "POST /web/dataset/call_kw/ir.module.module/search_panel_select_range#ir.module.module.search_panel_select_range HTTP/1.1" 200 - 41 0.060 0.033
2026-02-26 07:56:03,749 3760 INFO wsi_2026 werkzeug: 127.0.0.1 - - [26/Feb/2026 07:56:03] "POST /web/dataset/call_kw/ir.module.module/web_search_read#ir.module.module.web_search_read HTTP/1.1" 200 - 5 0.006 0.017
2026-02-26 07:56:04,137 3760 INFO wsi_2026 werkzeug: 127.0.0.1 - - [26/Feb/2026 07:56:04] "POST /web/dataset/call_kw/ir.module.module/check_module_update#ir.module.module.check_module_update HTTP/1.1" 200 - 2 0.005 0.006
2026-02-26 07:56:13,936 3760 INFO wsi_2026 werkzeug: 127.0.0.1 - - [26/Feb/2026 07:56:13] "POST /web/dataset/call_kw/ir.module.module/search_panel_select_range#ir.module.module.search_panel_select_range HTTP/1.1" 200 - 41 0.078 0.039
2026-02-26 07:56:14,274 3760 INFO wsi_2026 werkzeug: 127.0.0.1 - - [26/Feb/2026 07:56:14] "POST /web/dataset/call_kw/ir.module.module/web_search_read#ir.module.module.web_search_read HTTP/1.1" 200 - 4 0.006 0.009
2026-02-26 07:56:14,519 3760 INFO wsi_2026 werkzeug: 127.0.0.1 - - [26/Feb/2026 07:56:14] "POST /web/dataset/call_kw/ir.module.module/check_module_update#ir.module.module.check_module_update HTTP/1.1" 200 - 2 0.003 0.005
2026-02-26 07:56:43,822 3760 INFO ? odoo.service.server: Initiating shutdown 
2026-02-26 07:56:43,822 3760 INFO ? odoo.service.server: Hit CTRL-C again or send a second signal to force the shutdown. 
2026-02-26 07:56:44,933 3760 INFO ? odoo.sql_db: ConnectionPool(read/write;used=0/count=0/max=64): Closed 6 connections  
2026-02-26 07:56:44,952 3760 INFO ? odoo.service.server: cron0 max age (0s) reached, releasing connection. 
2026-02-26 07:56:44,952 3760 INFO ? odoo.service.server: cron1 max age (0s) reached, releasing connection. 
2026-02-26 07:56:55,022 3760 INFO wsi_2026 odoo.addons.base.models.res_device: User 2 inserts device log (AuRc5JHiqdrBnaeWzaWgx3F7w9V5fbNGWnzlA_6wmP) 
2026-02-26 07:56:55,106 3760 INFO wsi_2026 werkzeug: 127.0.0.1 - - [26/Feb/2026 07:56:55] "GET /odoo/apps?debug=1 HTTP/1.1" 200 - 29 0.061 0.081
2026-02-26 07:57:05,482 32316 WARNING ? odoo.tools.config: missing --http-interface/http_interface, using 0.0.0.0 by default, will change to 127.0.0.1 in 20.0 
2026-02-26 07:57:05,486 32316 INFO ? odoo: Odoo version 19.0 
2026-02-26 07:57:05,486 32316 INFO ? odoo: Using configuration file at c:\users\wadhi\onedrive\documents\kuliah\magang\wisi-wise-web-odoo\odoo.conf 
2026-02-26 07:57:05,486 32316 INFO ? odoo: addons paths: _NamespacePath(['C:\\Users\\wadhi\\OneDrive\\Documents\\KULIAH\\MAGANG\\wisi-wise-web-odoo\\odoo\\addons', 'C:\\Users\\wadhi\\AppData\\Local\\OpenERP S.A.\\Odoo\\addons\\19.0', 'c:\\users\\wadhi\\onedrive\\documents\\kuliah\\magang\\wisi-wise-web-odoo\\odoo\\addons', 'c:\\users\\wadhi\\onedrive\\documents\\kuliah\\magang\\wisi-wise-web-odoo\\addons', 'c:\\users\\wadhi\\onedrive\\documents\\kuliah\\magang\\wisi-wise-web-odoo\\custom_addons']) 
2026-02-26 07:57:05,486 32316 INFO ? odoo: database: odoo@localhost:5434 
2026-02-26 07:57:06,484 32316 WARNING ? odoo.service.server: 'watchdog' module not installed. Code autoreload feature is disabled 
2026-02-26 07:57:06,497 32316 INFO ? odoo.service.server: HTTP service (werkzeug) running on LAPTOP-B7F6P6QO:8069 
2026-02-26 07:57:06,665 32316 INFO ? odoo.modules.loading: loading 1 modules... 
2026-02-26 07:57:06,673 32316 INFO ? odoo.modules.loading: 1 modules loaded in 0.01s, 0 queries (+0 extra) 
2026-02-26 07:57:06,731 32316 INFO ? odoo.modules.loading: loading 50 modules... 
2026-02-26 07:57:08,177 32316 INFO ? odoo.modules.loading: 50 modules loaded in 1.45s, 0 queries (+0 extra) 
2026-02-26 07:57:08,417 32316 INFO ? odoo.modules.loading: Modules loaded. 
2026-02-26 07:57:08,471 32316 INFO ? odoo.registry: Registry loaded in 1.873s 
2026-02-26 07:57:08,475 32316 INFO wsi_2026 odoo.addons.base.models.ir_http: Generating routing map for key None 
2026-02-26 07:57:09,317 32316 INFO wsi_2026 werkzeug: 127.0.0.1 - - [26/Feb/2026 07:57:09] "POST /web/webclient/version_info HTTP/1.1" 200 - 1 0.004 0.029
2026-02-26 07:57:11,460 32316 INFO wsi_2026 werkzeug: 127.0.0.1 - - [26/Feb/2026 07:57:11] "GET /odoo/apps?debug=1 HTTP/1.1" 200 - 111 0.175 4.713
2026-02-26 07:57:11,624 32316 INFO wsi_2026 werkzeug: 127.0.0.1 - - [26/Feb/2026 07:57:11] "GET /web/webclient/load_menus HTTP/1.1" 200 - 18 0.049 0.049
2026-02-26 07:57:12,068 32316 INFO wsi_2026 werkzeug: 127.0.0.1 - - [26/Feb/2026 07:57:12] "GET /web/bundle/web_tour.interactive?lang=en_US&debug=1 HTTP/1.1" 200 - 3 0.011 0.097
2026-02-26 07:57:12,068 32316 INFO wsi_2026 werkzeug: 127.0.0.1 - - [26/Feb/2026 07:57:12] "GET /web/webclient/translations?hash=cf6dcd38274b336d6c847439dd1de09fff63ee6e&lang=en_US HTTP/1.1" 200 - 2 0.008 0.102
2026-02-26 07:57:12,072 32316 INFO wsi_2026 werkzeug: 127.0.0.1 - - [26/Feb/2026 07:57:12] "POST /web/dataset/call_kw/ir.http/lazy_session_info#ir.http.lazy_session_info HTTP/1.1" 200 - 6 0.027 0.065
2026-02-26 07:57:12,121 32316 INFO wsi_2026 werkzeug: 127.0.0.1 - - [26/Feb/2026 07:57:12] "POST /web/dataset/call_kw/ir.module.module/search_panel_select_range#ir.module.module.search_panel_select_range HTTP/1.1" 200 - 5 0.016 0.018
2026-02-26 07:57:12,238 32316 INFO wsi_2026 werkzeug: 127.0.0.1 - - [26/Feb/2026 07:57:12] "POST /mail/data HTTP/1.1" 200 - 33 0.106 0.047
2026-02-26 07:57:12,310 32316 INFO wsi_2026 werkzeug: 127.0.0.1 - - [26/Feb/2026 07:57:12] "POST /web/dataset/call_kw/ir.module.module/get_views#ir.module.module.get_views HTTP/1.1" 200 - 41 0.125 0.202
2026-02-26 07:57:12,388 32316 INFO wsi_2026 werkzeug: 127.0.0.1 - - [26/Feb/2026 07:57:12] "POST /web/dataset/call_kw/ir.module.module/check_module_update#ir.module.module.check_module_update HTTP/1.1" 200 - 2 0.004 0.006
2026-02-26 07:57:12,433 32316 INFO wsi_2026 werkzeug: 127.0.0.1 - - [26/Feb/2026 07:57:12] "POST /web/dataset/call_kw/ir.module.module/search_panel_select_range#ir.module.module.search_panel_select_range HTTP/1.1" 200 - 43 0.040 0.016
2026-02-26 07:57:12,443 32316 INFO wsi_2026 werkzeug: 127.0.0.1 - - [26/Feb/2026 07:57:12] "POST /web/dataset/call_kw/ir.module.module/check_module_update#ir.module.module.check_module_update HTTP/1.1" 200 - 2 0.005 0.004
2026-02-26 07:57:12,477 32316 INFO wsi_2026 werkzeug: 127.0.0.1 - - [26/Feb/2026 07:57:12] "POST /web/dataset/call_kw/ir.module.module/web_search_read#ir.module.module.web_search_read HTTP/1.1" 200 - 4 0.011 0.089
2026-02-26 07:57:12,569 32316 INFO wsi_2026 werkzeug: 127.0.0.1 - - [26/Feb/2026 07:57:12] "GET /web/manifest.webmanifest HTTP/1.1" 200 - 8 0.012 0.009
2026-02-26 07:57:12,655 32316 INFO wsi_2026 werkzeug: 127.0.0.1 - - [26/Feb/2026 07:57:12] "GET /web/image?model=res.users&field=avatar_128&id=2 HTTP/1.1" 304 - 15 0.020 0.021
2026-02-26 07:57:12,708 32316 INFO wsi_2026 werkzeug: 127.0.0.1 - - [26/Feb/2026 07:57:12] "GET /bus/websocket_worker_bundle?v=19.0-2 HTTP/1.1" 304 - 4 0.006 0.009
2026-02-26 07:57:13,036 32316 INFO wsi_2026 werkzeug: 127.0.0.1 - - [26/Feb/2026 07:57:13] "GET /websocket?version=19.0-2 HTTP/1.1" 101 - 1 0.002 0.007
2026-02-26 07:57:13,066 32316 INFO ? odoo.addons.bus.models.bus: Bus.loop listen imbus on db postgres 
2026-02-26 07:57:14,120 32316 INFO wsi_2026 werkzeug: 127.0.0.1 - - [26/Feb/2026 07:57:14] "GET /web/service-worker.js HTTP/1.1" 200 - 1 0.003 0.006
2026-02-26 07:57:16,206 32316 INFO wsi_2026 werkzeug: 127.0.0.1 - - [26/Feb/2026 07:57:16] "POST /web/dataset/call_kw/ir.module.module/search_panel_select_range#ir.module.module.search_panel_select_range HTTP/1.1" 200 - 41 0.042 0.019
2026-02-26 07:57:16,253 32316 INFO wsi_2026 werkzeug: 127.0.0.1 - - [26/Feb/2026 07:57:16] "POST /web/dataset/call_kw/ir.module.module/web_search_read#ir.module.module.web_search_read HTTP/1.1" 200 - 4 0.011 0.088
2026-02-26 07:57:16,410 32316 INFO wsi_2026 werkzeug: 127.0.0.1 - - [26/Feb/2026 07:57:16] "POST /web/dataset/call_kw/ir.module.module/check_module_update#ir.module.module.check_module_update HTTP/1.1" 200 - 2 0.004 0.005
2026-02-26 07:57:16,793 32316 INFO wsi_2026 werkzeug: 127.0.0.1 - - [26/Feb/2026 07:57:16] "POST /web/action/load HTTP/1.1" 200 - 9 0.020 0.017
2026-02-26 07:57:17,244 32316 INFO wsi_2026 werkzeug: 127.0.0.1 - - [26/Feb/2026 07:57:17] "POST /web/dataset/call_kw/base.module.update/onchange#base.module.update.onchange HTTP/1.1" 200 - 2 0.007 0.011
2026-02-26 07:57:17,268 32316 INFO wsi_2026 werkzeug: 127.0.0.1 - - [26/Feb/2026 07:57:17] "POST /web/dataset/call_kw/base.module.update/get_views#base.module.update.get_views HTTP/1.1" 200 - 11 0.021 0.020
2026-02-26 07:57:18,350 32316 INFO wsi_2026 werkzeug: 127.0.0.1 - - [26/Feb/2026 07:57:18] "POST /web/dataset/call_kw/base.module.update/web_save#base.module.update.web_save HTTP/1.1" 200 - 5 0.008 0.010
2026-02-26 07:57:18,759 32316 INFO wsi_2026 odoo.addons.base.models.ir_module: ALLOW access to module.update_list on [] to user info@wsi.co.id #2 via 127.0.0.1 
2026-02-26 07:57:22,005 32316 WARNING wsi_2026 odoo.modules.module: Missing `license` key in manifest for 'wsi_hr_employee', defaulting to LGPL-3 
2026-02-26 07:57:22,006 32316 WARNING wsi_2026 odoo.modules.module: Missing `license` key in manifest for 'wsi_hr_employee', defaulting to LGPL-3 
2026-02-26 07:57:22,045 32316 INFO wsi_2026 werkzeug: 127.0.0.1 - - [26/Feb/2026 07:57:22] "POST /web/dataset/call_button/base.module.update/update_module#base.module.update.update_module HTTP/1.1" 200 - 1573 1.572 1.722
2026-02-26 07:57:26,106 32316 INFO wsi_2026 werkzeug: 127.0.0.1 - - [26/Feb/2026 07:57:26] "POST /web/dataset/call_kw/ir.module.module/search_panel_select_range#ir.module.module.search_panel_select_range HTTP/1.1" 200 - 41 0.038 0.023
2026-02-26 07:57:26,379 32316 INFO wsi_2026 werkzeug: 127.0.0.1 - - [26/Feb/2026 07:57:26] "POST /web/dataset/call_kw/ir.module.module/web_search_read#ir.module.module.web_search_read HTTP/1.1" 200 - 5 0.003 0.024
2026-02-26 07:57:26,734 32316 INFO wsi_2026 werkzeug: 127.0.0.1 - - [26/Feb/2026 07:57:26] "POST /web/dataset/call_kw/ir.module.module/check_module_update#ir.module.module.check_module_update HTTP/1.1" 200 - 2 0.005 0.006
2026-02-26 07:57:36,465 32316 INFO wsi_2026 werkzeug: 127.0.0.1 - - [26/Feb/2026 07:57:36] "POST /web/dataset/call_kw/ir.module.module/search_panel_select_range#ir.module.module.search_panel_select_range HTTP/1.1" 200 - 41 0.061 0.029
2026-02-26 07:57:36,761 32316 INFO wsi_2026 werkzeug: 127.0.0.1 - - [26/Feb/2026 07:57:36] "POST /web/dataset/call_kw/ir.module.module/web_search_read#ir.module.module.web_search_read HTTP/1.1" 200 - 4 0.013 0.071
2026-02-26 07:57:37,201 32316 INFO wsi_2026 werkzeug: 127.0.0.1 - - [26/Feb/2026 07:57:37] "POST /web/dataset/call_kw/ir.module.module/check_module_update#ir.module.module.check_module_update HTTP/1.1" 200 - 2 0.006 0.009
2026-02-26 07:57:40,401 32316 INFO wsi_2026 werkzeug: 127.0.0.1 - - [26/Feb/2026 07:57:40] "POST /web/dataset/call_kw/ir.module.module/search_panel_select_range#ir.module.module.search_panel_select_range HTTP/1.1" 200 - 41 0.057 0.031
2026-02-26 07:57:40,824 32316 INFO wsi_2026 werkzeug: 127.0.0.1 - - [26/Feb/2026 07:57:40] "POST /web/dataset/call_kw/ir.module.module/web_search_read#ir.module.module.web_search_read HTTP/1.1" 200 - 3 0.007 0.008
2026-02-26 07:57:41,071 32316 INFO wsi_2026 werkzeug: 127.0.0.1 - - [26/Feb/2026 07:57:41] "POST /web/dataset/call_kw/ir.module.module/check_module_update#ir.module.module.check_module_update HTTP/1.1" 200 - 2 0.004 0.006
2026-02-26 07:57:45,796 32316 INFO wsi_2026 odoo.addons.base.models.ir_module: ALLOW access to module.button_immediate_install on ['WSI HR Employee'] to user info@wsi.co.id #2 via 127.0.0.1 
2026-02-26 07:57:45,796 32316 INFO wsi_2026 odoo.addons.base.models.ir_module: User #2 triggered module installation 
2026-02-26 07:57:45,815 32316 INFO wsi_2026 odoo.addons.base.models.ir_module: ALLOW access to module.button_install on ['WSI HR Employee'] to user info@wsi.co.id #2 via 127.0.0.1 
2026-02-26 07:57:46,111 32316 INFO wsi_2026 odoo.modules.loading: loading 1 modules... 
2026-02-26 07:57:46,118 32316 INFO wsi_2026 odoo.modules.loading: 1 modules loaded in 0.01s, 0 queries (+0 extra) 
2026-02-26 07:57:46,160 32316 INFO wsi_2026 odoo.modules.loading: updating modules list 
2026-02-26 07:57:46,164 32316 INFO wsi_2026 odoo.addons.base.models.ir_module: ALLOW access to module.update_list on [] to user __system__ #1 via 127.0.0.1 
2026-02-26 07:57:49,188 32316 WARNING wsi_2026 odoo.modules.module: Missing `license` key in manifest for 'wsi_hr_employee', defaulting to LGPL-3 
2026-02-26 07:57:49,235 32316 INFO wsi_2026 odoo.modules.loading: loading 51 modules... 
2026-02-26 07:57:49,285 32316 INFO wsi_2026 odoo.modules.loading: Loading module wsi_hr_employee (51/51) 
2026-02-26 07:57:49,543 32316 INFO wsi_2026 odoo.registry: module wsi_hr_employee: creating or updating database tables 
2026-02-26 07:57:49,793 32316 INFO wsi_2026 odoo.modules.loading: loading wsi_hr_employee/views/views.xml 
2026-02-26 07:57:49,897 32316 INFO wsi_2026 odoo.modules.loading: loading wsi_hr_employee/views/templates.xml 
2026-02-26 07:57:49,934 32316 INFO wsi_2026 odoo.modules.loading: Module wsi_hr_employee loaded in 0.65s, 85 queries (+85 other) 
2026-02-26 07:57:49,935 32316 INFO wsi_2026 odoo.modules.loading: 51 modules loaded in 0.70s, 85 queries (+85 extra) 
2026-02-26 07:57:51,716 32316 INFO wsi_2026 odoo.modules.loading: Modules loaded. 
2026-02-26 07:57:51,735 32316 INFO wsi_2026 odoo.registry: Registry changed, signaling through the database 
2026-02-26 07:57:51,742 32316 INFO wsi_2026 odoo.registry: Registry loaded in 5.745s 
2026-02-26 07:57:51,742 32316 INFO wsi_2026 odoo.addons.base.models.ir_module: getting next ir.actions.todo() 
2026-02-26 07:57:51,772 32316 INFO wsi_2026 werkzeug: 127.0.0.1 - - [26/Feb/2026 07:57:51] "POST /web/dataset/call_button/ir.module.module/button_immediate_install#ir.module.module.button_immediate_install HTTP/1.1" 200 - 2554 3.596 2.402
2026-02-26 07:57:52,113 32316 INFO wsi_2026 odoo.addons.base.models.ir_http: Generating routing map for key None 
2026-02-26 07:57:56,130 32316 INFO wsi_2026 werkzeug: 127.0.0.1 - - [26/Feb/2026 07:57:56] "GET /odoo HTTP/1.1" 200 - 87 0.149 3.873
2026-02-26 07:57:56,358 32316 INFO wsi_2026 werkzeug: 127.0.0.1 - - [26/Feb/2026 07:57:56] "GET /web/webclient/load_menus HTTP/1.1" 200 - 18 0.055 0.062
2026-02-26 07:57:56,771 32316 INFO wsi_2026 werkzeug: 127.0.0.1 - - [26/Feb/2026 07:57:56] "GET /web/manifest.webmanifest HTTP/1.1" 200 - 8 0.023 0.077
2026-02-26 07:57:57,040 32316 INFO wsi_2026 werkzeug: 127.0.0.1 - - [26/Feb/2026 07:57:57] "GET /web/webclient/translations?hash=&lang=en_US HTTP/1.1" 200 - 2 0.006 0.012
2026-02-26 07:57:57,384 32316 INFO wsi_2026 werkzeug: 127.0.0.1 - - [26/Feb/2026 07:57:57] "GET /web/bundle/web_tour.interactive?lang=en_US&debug=1 HTTP/1.1" 200 - 3 0.007 0.020
2026-02-26 07:57:57,397 32316 INFO wsi_2026 werkzeug: 127.0.0.1 - - [26/Feb/2026 07:57:57] "POST /web/dataset/call_kw/ir.http/lazy_session_info#ir.http.lazy_session_info HTTP/1.1" 200 - 6 0.020 0.012
2026-02-26 07:57:57,566 32316 INFO wsi_2026 werkzeug: 127.0.0.1 - - [26/Feb/2026 07:57:57] "POST /web/action/load HTTP/1.1" 200 - 6 0.021 0.023
2026-02-26 07:57:57,594 32316 INFO wsi_2026 werkzeug: 127.0.0.1 - - [26/Feb/2026 07:57:57] "GET /bus/websocket_worker_bundle?v=19.0-2 HTTP/1.1" 304 - 4 0.019 0.031
2026-02-26 07:57:57,627 32316 INFO wsi_2026 werkzeug: 127.0.0.1 - - [26/Feb/2026 07:57:57] "GET /web/image?model=res.users&field=avatar_128&id=2 HTTP/1.1" 304 - 15 0.062 0.039
2026-02-26 07:57:57,680 32316 INFO wsi_2026 werkzeug: 127.0.0.1 - - [26/Feb/2026 07:57:57] "POST /mail/data HTTP/1.1" 200 - 33 0.098 0.058
2026-02-26 07:57:58,108 32316 INFO wsi_2026 werkzeug: 127.0.0.1 - - [26/Feb/2026 07:57:58] "GET /websocket?version=19.0-2 HTTP/1.1" 101 - 1 0.005 0.031
2026-02-26 07:57:58,243 32316 INFO wsi_2026 werkzeug: 127.0.0.1 - - [26/Feb/2026 07:57:58] "POST /mail/data HTTP/1.1" 200 - 44 0.113 0.096
2026-02-26 07:57:58,455 32316 INFO wsi_2026 werkzeug: 127.0.0.1 - - [26/Feb/2026 07:57:58] "POST /discuss/channel/messages HTTP/1.1" 200 - 21 0.033 0.022
2026-02-26 07:57:58,806 32316 INFO wsi_2026 werkzeug: 127.0.0.1 - - [26/Feb/2026 07:57:58] "GET /web/bundle/web.assets_emoji?lang=en_US&debug=1 HTTP/1.1" 200 - 2 0.002 0.008
2026-02-26 07:58:00,099 32316 INFO wsi_2026 werkzeug: 127.0.0.1 - - [26/Feb/2026 07:58:00] "GET /web/service-worker.js HTTP/1.1" 200 - 1 0.002 0.006
2026-02-26 07:58:04,084 32316 INFO wsi_2026 werkzeug: 127.0.0.1 - - [26/Feb/2026 07:58:04] "POST /web/action/load HTTP/1.1" 200 - 11 0.015 0.017
2026-02-26 07:58:04,629 32316 INFO wsi_2026 werkzeug: 127.0.0.1 - - [26/Feb/2026 07:58:04] "POST /web/dataset/call_kw/hr.employee/get_views#hr.employee.get_views HTTP/1.1" 200 - 73 0.133 0.182
2026-02-26 07:58:04,988 32316 INFO wsi_2026 werkzeug: 127.0.0.1 - - [26/Feb/2026 07:58:04] "POST /web/dataset/call_kw/hr.employee/search_panel_select_range#hr.employee.search_panel_select_range HTTP/1.1" 200 - 13 0.026 0.022
2026-02-26 07:58:05,369 32316 INFO wsi_2026 werkzeug: 127.0.0.1 - - [26/Feb/2026 07:58:05] "POST /web/dataset/call_kw/hr.employee/web_search_read#hr.employee.web_search_read HTTP/1.1" 200 - 21 0.031 0.045
2026-02-26 07:58:05,723 32316 INFO wsi_2026 werkzeug: 127.0.0.1 - - [26/Feb/2026 07:58:05] "GET /web/image/res.users/2/avatar_128 HTTP/1.1" 200 - 8 0.021 0.026
2026-02-26 07:58:06,102 32316 INFO wsi_2026 werkzeug: 127.0.0.1 - - [26/Feb/2026 07:58:06] "GET /web/image/hr.employee/1/image_128?unique=1772091565000 HTTP/1.1" 200 - 11 0.031 0.036
2026-02-26 07:58:06,599 32316 INFO wsi_2026 werkzeug: 127.0.0.1 - - [26/Feb/2026 07:58:06] "GET /sign/static/description/icon.png HTTP/1.1" 404 - 39 0.148 2.032
2026-02-26 07:58:06,635 32316 INFO wsi_2026 werkzeug: 127.0.0.1 - - [26/Feb/2026 07:58:06] "GET /planning/static/description/icon.png HTTP/1.1" 404 - 38 0.129 2.082
2026-02-26 07:58:06,657 32316 INFO wsi_2026 werkzeug: 127.0.0.1 - - [26/Feb/2026 07:58:06] "GET /ai/static/description/icon.png HTTP/1.1" 404 - 39 0.145 2.093
2026-02-26 07:58:06,663 32316 INFO wsi_2026 werkzeug: 127.0.0.1 - - [26/Feb/2026 07:58:06] "GET /hr_referral/static/description/icon.png HTTP/1.1" 404 - 38 0.089 2.153
2026-02-26 07:58:06,693 32316 INFO wsi_2026 werkzeug: 127.0.0.1 - - [26/Feb/2026 07:58:06] "GET /hr_payroll/static/description/icon.png HTTP/1.1" 404 - 38 0.104 2.166
2026-02-26 07:58:06,974 32316 INFO wsi_2026 werkzeug: 127.0.0.1 - - [26/Feb/2026 07:58:06] "GET /documents/static/description/icon.png HTTP/1.1" 404 - 8 0.020 0.028
2026-02-26 07:58:07,109 32316 INFO wsi_2026 werkzeug: 127.0.0.1 - - [26/Feb/2026 07:58:07] "GET /hr_appraisal/static/description/icon.png HTTP/1.1" 404 - 19 0.034 0.667
2026-02-26 07:58:07,495 32316 INFO wsi_2026 werkzeug: 127.0.0.1 - - [26/Feb/2026 07:58:07] "POST /web/dataset/call_kw/hr.employee/web_read#hr.employee.web_read HTTP/1.1" 200 - 55 0.126 0.124
2026-02-26 07:58:07,972 32316 INFO wsi_2026 werkzeug: 127.0.0.1 - - [26/Feb/2026 07:58:07] "POST /web/dataset/call_kw/hr.version/search_read#hr.version.search_read HTTP/1.1" 200 - 3 0.018 0.017
2026-02-26 07:58:07,974 32316 INFO wsi_2026 werkzeug: 127.0.0.1 - - [26/Feb/2026 07:58:07] "POST /web/dataset/call_kw/hr.version/search_read#hr.version.search_read HTTP/1.1" 200 - 3 0.014 0.021
2026-02-26 07:58:08,012 32316 INFO wsi_2026 werkzeug: 127.0.0.1 - - [26/Feb/2026 07:58:08] "POST /web/dataset/call_kw/hr.version/search_read#hr.version.search_read HTTP/1.1" 200 - 3 0.012 0.024
2026-02-26 07:58:08,022 32316 INFO wsi_2026 werkzeug: 127.0.0.1 - - [26/Feb/2026 07:58:08] "POST /web/dataset/call_kw/res.users/has_group#res.users.has_group HTTP/1.1" 200 - 1 0.006 0.011
2026-02-26 07:58:08,067 32316 INFO wsi_2026 werkzeug: 127.0.0.1 - - [26/Feb/2026 07:58:08] "POST /hr/get_org_chart HTTP/1.1" 200 - 10 0.040 0.034
2026-02-26 07:58:08,336 32316 INFO wsi_2026 werkzeug: 127.0.0.1 - - [26/Feb/2026 07:58:08] "GET /web/image/hr.employee/1/avatar_128?unique=1772091565000 HTTP/1.1" 200 - 4 0.013 0.019
2026-02-26 07:58:08,691 32316 INFO wsi_2026 werkzeug: 127.0.0.1 - - [26/Feb/2026 07:58:08] "POST /mail/thread/messages HTTP/1.1" 200 - 19 0.041 0.029
2026-02-26 07:58:08,740 32316 INFO wsi_2026 werkzeug: 127.0.0.1 - - [26/Feb/2026 07:58:08] "POST /mail/data HTTP/1.1" 200 - 32 0.071 0.045
2026-02-26 07:58:25,149 32316 INFO wsi_2026 werkzeug: 127.0.0.1 - - [26/Feb/2026 07:58:25] "POST /web/dataset/call_kw/hr.version/search_read#hr.version.search_read HTTP/1.1" 200 - 3 0.005 0.011
2026-02-26 07:59:06,735 32316 INFO wsi_2026 odoo.addons.base.models.ir_cron: Job 'Base: Auto-vacuum internal data' (1) starting 
2026-02-26 07:59:07,286 32316 INFO wsi_2026 odoo.addons.base.models.res_users: GC 'res.users.apikeys' delete 0 entries 
2026-02-26 07:59:07,727 32316 INFO wsi_2026 odoo.addons.base.models.res_users: GC 'auth_totp.device' delete 0 entries 
2026-02-26 07:59:08,118 32316 INFO wsi_2026 odoo.addons.base.models.res_users: GC'd 0 user log entries 
2026-02-26 07:59:08,218 32316 INFO wsi_2026 odoo.addons.base.models.res_device: GC device logs delete 1 entries 
2026-02-26 07:59:08,263 32316 INFO wsi_2026 odoo.addons.base.models.res_device: GC device logs delete 0 entries 
2026-02-26 07:59:08,539 32316 INFO wsi_2026 odoo.addons.sms.models.sms_sms: GC'd 0 sms marked for deletion 
2026-02-26 07:59:08,624 32316 INFO wsi_2026 odoo.addons.base.models.ir_attachment: filestore gc 0 checked, 0 removed 
2026-02-26 07:59:08,701 32316 INFO wsi_2026 odoo.addons.api_doc.models.ir_attachment: GC'd 0 /doc cached index 
2026-02-26 07:59:08,789 32316 INFO wsi_2026 odoo.addons.base.models.ir_cron: Job 'Base: Auto-vacuum internal data' (1) fully done (#loop 1; done 85; remaining 0; duration 2.06s) 
2026-02-26 07:59:45,252 32316 INFO wsi_2026 werkzeug: 127.0.0.1 - - [26/Feb/2026 07:59:45] "POST /web/dataset/call_kw/hr.version/search_read#hr.version.search_read HTTP/1.1" 200 - 3 0.006 0.005
2026-02-26 08:00:01,431 32316 INFO wsi_2026 werkzeug: 127.0.0.1 - - [26/Feb/2026 08:00:01] "POST /web/dataset/call_kw/hr.version/search_read#hr.version.search_read HTTP/1.1" 200 - 3 0.009 0.019
2026-02-26 08:01:04,559 32316 INFO wsi_2026 werkzeug: 127.0.0.1 - - [26/Feb/2026 08:01:04] "POST /web/dataset/call_kw/hr.version/search_read#hr.version.search_read HTTP/1.1" 200 - 3 0.006 0.012
2026-02-26 08:01:12,025 32316 INFO wsi_2026 werkzeug: 127.0.0.1 - - [26/Feb/2026 08:01:12] "GET /sign/static/description/icon.png HTTP/1.1" 404 - 8 0.026 0.031
2026-02-26 08:01:12,363 32316 INFO wsi_2026 werkzeug: 127.0.0.1 - - [26/Feb/2026 08:01:12] "GET /hr_referral/static/description/icon.png HTTP/1.1" 404 - 8 0.040 0.043
2026-02-26 08:01:12,379 32316 INFO wsi_2026 werkzeug: 127.0.0.1 - - [26/Feb/2026 08:01:12] "GET /ai/static/description/icon.png HTTP/1.1" 404 - 8 0.052 0.048
2026-02-26 08:01:12,403 32316 INFO wsi_2026 werkzeug: 127.0.0.1 - - [26/Feb/2026 08:01:12] "GET /hr_payroll/static/description/icon.png HTTP/1.1" 404 - 8 0.049 0.074
2026-02-26 08:01:12,420 32316 INFO wsi_2026 werkzeug: 127.0.0.1 - - [26/Feb/2026 08:01:12] "GET /planning/static/description/icon.png HTTP/1.1" 404 - 8 0.055 0.084
2026-02-26 08:01:12,439 32316 INFO wsi_2026 werkzeug: 127.0.0.1 - - [26/Feb/2026 08:01:12] "POST /web/dataset/call_kw/hr.employee/web_search_read#hr.employee.web_search_read HTTP/1.1" 200 - 17 0.083 0.077
2026-02-26 08:01:12,475 32316 INFO wsi_2026 werkzeug: 127.0.0.1 - - [26/Feb/2026 08:01:12] "GET /hr_appraisal/static/description/icon.png HTTP/1.1" 404 - 8 0.029 0.068
2026-02-26 08:01:12,738 32316 INFO wsi_2026 werkzeug: 127.0.0.1 - - [26/Feb/2026 08:01:12] "GET /documents/static/description/icon.png HTTP/1.1" 404 - 8 0.016 0.022
2026-02-26 08:01:13,732 32316 INFO wsi_2026 werkzeug: 127.0.0.1 - - [26/Feb/2026 08:01:13] "POST /web/action/load HTTP/1.1" 200 - 7 0.015 0.014
2026-02-26 08:01:13,974 32316 INFO wsi_2026 werkzeug: 127.0.0.1 - - [26/Feb/2026 08:01:13] "POST /web/dataset/call_kw/hr.employee/search_read#hr.employee.search_read HTTP/1.1" 200 - 3 0.011 0.010
2026-02-26 08:01:18,306 32316 INFO wsi_2026 werkzeug: 127.0.0.1 - - [26/Feb/2026 08:01:18] "POST /web/dataset/call_kw/hr.employee/search_read#hr.employee.search_read HTTP/1.1" 200 - 3 0.015 0.024
2026-02-26 08:01:31,874 32316 INFO wsi_2026 werkzeug: 127.0.0.1 - - [26/Feb/2026 08:01:31] "POST /web/dataset/call_kw/hr.employee/search_panel_select_range#hr.employee.search_panel_select_range HTTP/1.1" 200 - 4 0.012 0.015
2026-02-26 08:01:31,956 32316 INFO wsi_2026 werkzeug: 127.0.0.1 - - [26/Feb/2026 08:01:31] "GET /hr_referral/static/description/icon.png HTTP/1.1" 404 - 8 0.040 0.056
2026-02-26 08:01:31,965 32316 INFO wsi_2026 werkzeug: 127.0.0.1 - - [26/Feb/2026 08:01:31] "GET /hr_payroll/static/description/icon.png HTTP/1.1" 404 - 8 0.045 0.049
2026-02-26 08:01:31,969 32316 INFO wsi_2026 werkzeug: 127.0.0.1 - - [26/Feb/2026 08:01:31] "GET /sign/static/description/icon.png HTTP/1.1" 404 - 8 0.055 0.055
2026-02-26 08:01:31,983 32316 INFO wsi_2026 werkzeug: 127.0.0.1 - - [26/Feb/2026 08:01:31] "GET /ai/static/description/icon.png HTTP/1.1" 404 - 8 0.060 0.062
2026-02-26 08:01:31,997 32316 INFO wsi_2026 werkzeug: 127.0.0.1 - - [26/Feb/2026 08:01:31] "POST /web/dataset/call_kw/hr.employee/web_search_read#hr.employee.web_search_read HTTP/1.1" 200 - 17 0.079 0.066
2026-02-26 08:01:32,228 32316 INFO wsi_2026 werkzeug: 127.0.0.1 - - [26/Feb/2026 08:01:32] "GET /planning/static/description/icon.png HTTP/1.1" 404 - 8 0.019 0.024
2026-02-26 08:01:32,328 32316 INFO wsi_2026 werkzeug: 127.0.0.1 - - [26/Feb/2026 08:01:32] "GET /hr_appraisal/static/description/icon.png HTTP/1.1" 404 - 8 0.021 0.029
2026-02-26 08:01:32,338 32316 INFO wsi_2026 werkzeug: 127.0.0.1 - - [26/Feb/2026 08:01:32] "GET /documents/static/description/icon.png HTTP/1.1" 404 - 8 0.019 0.034
2026-02-26 08:01:33,230 32316 INFO wsi_2026 werkzeug: 127.0.0.1 - - [26/Feb/2026 08:01:33] "POST /web/dataset/call_kw/hr.version/search_read#hr.version.search_read HTTP/1.1" 200 - 3 0.006 0.009
2026-02-26 08:01:33,231 32316 INFO wsi_2026 werkzeug: 127.0.0.1 - - [26/Feb/2026 08:01:33] "POST /web/dataset/call_kw/hr.version/search_read#hr.version.search_read HTTP/1.1" 200 - 3 0.009 0.006
2026-02-26 08:01:33,249 32316 INFO wsi_2026 werkzeug: 127.0.0.1 - - [26/Feb/2026 08:01:33] "POST /hr/get_org_chart HTTP/1.1" 200 - 4 0.008 0.010
2026-02-26 08:01:33,308 32316 INFO wsi_2026 werkzeug: 127.0.0.1 - - [26/Feb/2026 08:01:33] "POST /web/dataset/call_kw/hr.employee/web_read#hr.employee.web_read HTTP/1.1" 200 - 34 0.051 0.056
2026-02-26 08:01:33,481 32316 INFO wsi_2026 werkzeug: 127.0.0.1 - - [26/Feb/2026 08:01:33] "POST /mail/thread/messages HTTP/1.1" 200 - 5 0.011 0.011
2026-02-26 08:01:33,736 32316 INFO wsi_2026 werkzeug: 127.0.0.1 - - [26/Feb/2026 08:01:33] "POST /mail/data HTTP/1.1" 200 - 23 0.034 0.027
2026-02-26 08:01:56,858 32316 INFO wsi_2026 werkzeug: 127.0.0.1 - - [26/Feb/2026 08:01:56] "POST /web/dataset/call_kw/hr.version/search_read#hr.version.search_read HTTP/1.1" 200 - 3 0.011 0.020
2026-02-26 08:02:19,275 32316 INFO wsi_2026 werkzeug: 127.0.0.1 - - [26/Feb/2026 08:02:19] "POST /web/dataset/call_kw/hr.version/search_read#hr.version.search_read HTTP/1.1" 200 - 3 0.006 0.010
2026-02-26 08:02:23,511 32316 INFO wsi_2026 werkzeug: 127.0.0.1 - - [26/Feb/2026 08:02:23] "POST /web/dataset/call_kw/hr.version/search_read#hr.version.search_read HTTP/1.1" 200 - 3 0.004 0.010
2026-02-26 08:02:33,543 32316 INFO wsi_2026 werkzeug: 127.0.0.1 - - [26/Feb/2026 08:02:33] "POST /web/dataset/call_kw/hr.version/search_read#hr.version.search_read HTTP/1.1" 200 - 3 0.009 0.011
2026-02-26 08:02:34,476 32316 INFO wsi_2026 werkzeug: 127.0.0.1 - - [26/Feb/2026 08:02:34] "POST /web/dataset/call_kw/hr.version/search_read#hr.version.search_read HTTP/1.1" 200 - 3 0.006 0.008
2026-02-26 08:04:38,973 32316 INFO ? odoo.service.server: Initiating shutdown 
2026-02-26 08:04:38,973 32316 INFO ? odoo.service.server: Hit CTRL-C again or send a second signal to force the shutdown. 
2026-02-26 08:04:39,349 32316 INFO ? odoo.service.server: cron0 max age (0s) reached, releasing connection. 
2026-02-26 08:04:39,349 32316 INFO ? odoo.sql_db: ConnectionPool(read/write;used=0/count=0/max=64): Closed 8 connections  
2026-02-26 08:04:39,368 32316 INFO ? odoo.service.server: cron1 max age (0s) reached, releasing connection. 
2026-02-26 08:04:52,205 24684 WARNING ? odoo.tools.config: missing --http-interface/http_interface, using 0.0.0.0 by default, will change to 127.0.0.1 in 20.0 
2026-02-26 08:04:52,207 24684 INFO ? odoo: Odoo version 19.0 
2026-02-26 08:04:52,207 24684 INFO ? odoo: Using configuration file at c:\users\wadhi\onedrive\documents\kuliah\magang\wisi-wise-web-odoo\odoo.conf 
2026-02-26 08:04:52,207 24684 INFO ? odoo: addons paths: _NamespacePath(['C:\\Users\\wadhi\\OneDrive\\Documents\\KULIAH\\MAGANG\\wisi-wise-web-odoo\\odoo\\addons', 'C:\\Users\\wadhi\\AppData\\Local\\OpenERP S.A.\\Odoo\\addons\\19.0', 'c:\\users\\wadhi\\onedrive\\documents\\kuliah\\magang\\wisi-wise-web-odoo\\odoo\\addons', 'c:\\users\\wadhi\\onedrive\\documents\\kuliah\\magang\\wisi-wise-web-odoo\\addons', 'c:\\users\\wadhi\\onedrive\\documents\\kuliah\\magang\\wisi-wise-web-odoo\\custom_addons']) 
2026-02-26 08:04:52,207 24684 INFO ? odoo: database: odoo@localhost:5434 
2026-02-26 08:04:53,410 24684 WARNING ? odoo.service.server: 'watchdog' module not installed. Code autoreload feature is disabled 
2026-02-26 08:04:53,419 24684 INFO ? odoo.service.server: HTTP service (werkzeug) running on LAPTOP-B7F6P6QO:8069 
2026-02-26 08:04:53,582 24684 INFO ? odoo.modules.loading: loading 1 modules... 
2026-02-26 08:04:53,588 24684 INFO ? odoo.modules.loading: 1 modules loaded in 0.01s, 0 queries (+0 extra) 
2026-02-26 08:04:53,630 24684 WARNING ? odoo.modules.module: Missing `license` key in manifest for 'wsi_hr_employee', defaulting to LGPL-3 
2026-02-26 08:04:53,645 24684 INFO ? odoo.modules.loading: loading 51 modules... 
2026-02-26 08:04:55,175 24684 INFO ? odoo.modules.loading: 51 modules loaded in 1.53s, 0 queries (+0 extra) 
2026-02-26 08:04:55,349 24684 INFO ? odoo.modules.loading: Modules loaded. 
2026-02-26 08:04:55,409 24684 INFO ? odoo.registry: Registry loaded in 1.876s 
2026-02-26 08:04:55,415 24684 INFO wsi_2026 odoo.addons.base.models.ir_http: Generating routing map for key None 
2026-02-26 08:04:55,571 24684 INFO wsi_2026 werkzeug: 127.0.0.1 - - [26/Feb/2026 08:04:55] "POST /web/dataset/call_kw/hr.version/search_read#hr.version.search_read HTTP/1.1" 200 - 37 0.093 1.945
2026-02-26 08:04:55,572 24684 INFO wsi_2026 werkzeug: 127.0.0.1 - - [26/Feb/2026 08:04:55] "POST /web/dataset/call_kw/hr.version/search_read#hr.version.search_read HTTP/1.1" 200 - 9 0.045 0.089
2026-02-26 08:04:55,765 24684 INFO wsi_2026 werkzeug: 127.0.0.1 - - [26/Feb/2026 08:04:55] "POST /web/dataset/call_kw/hr.version/search_read#hr.version.search_read HTTP/1.1" 200 - 3 0.007 0.015
2026-02-26 08:04:55,871 24684 ERROR wsi_2026 odoo.sql_db: bad query: b'SELECT "hr_employee"."id", "hr_employee"."resource_id", "hr_employee"."company_id", "hr_employee"."message_main_attachment_id", "hr_employee"."current_version_id", "hr_employee"."name", "hr_employee"."user_id", "hr_employee"."active", "hr_employee"."work_phone", "hr_employee"."mobile_phone", "hr_employee"."work_email", "hr_employee"."work_contact_id", "hr_employee"."legal_name", "hr_employee"."private_phone", "hr_employee"."private_email", "hr_employee"."lang", "hr_employee"."place_of_birth", "hr_employee"."country_of_birth", "hr_employee"."birthday", "hr_employee"."birthday_public_display", "hr_employee"."salary_distribution", "hr_employee"."permit_no", "hr_employee"."visa_no", "hr_employee"."visa_expire", "hr_employee"."work_permit_expiration_date", "hr_employee"."work_permit_scheduled_activity", "hr_employee"."certificate", "hr_employee"."study_field", "hr_employee"."study_school", "hr_employee"."emergency_contact", "hr_employee"."emergency_phone", "hr_employee"."parent_id", "hr_employee"."coach_id", "hr_employee"."color", "hr_employee"."barcode", "hr_employee"."pin", "hr_employee"."private_car_plate", "hr_employee"."create_uid", "hr_employee"."create_date", "hr_employee"."write_uid", "hr_employee"."write_date", "hr_employee"."attendance_manager_id", "hr_employee"."last_attendance_id", "hr_employee"."last_check_in", "hr_employee"."last_check_out", "hr_employee"."leave_manager_id", "hr_employee"."monday_location_id", "hr_employee"."tuesday_location_id", "hr_employee"."wednesday_location_id", "hr_employee"."thursday_location_id", "hr_employee"."friday_location_id", "hr_employee"."saturday_location_id", "hr_employee"."sunday_location_id", "hr_employee"."today_location_name", "hr_employee"."nip", "hr_employee"."nomor_bpjs", "hr_employee"."akun_sosmed" FROM "hr_employee" WHERE "hr_employee"."id" IN (1)'
ERROR: column hr_employee.nip does not exist
LINE 1: ...ocation_id", "hr_employee"."today_location_name", "hr_employ...
                                                             ^
 
2026-02-26 08:04:55,874 24684 ERROR wsi_2026 odoo.http: Exception during request handling. 
Traceback (most recent call last):
  File "C:\Users\wadhi\OneDrive\Documents\KULIAH\MAGANG\wisi-wise-web-odoo\odoo\http.py", line 2800, in __call__
    response = request._serve_db()
               ^^^^^^^^^^^^^^^^^^^
  File "C:\Users\wadhi\OneDrive\Documents\KULIAH\MAGANG\wisi-wise-web-odoo\odoo\http.py", line 2275, in _serve_db
    raise self._update_served_exception(exc)
  File "C:\Users\wadhi\OneDrive\Documents\KULIAH\MAGANG\wisi-wise-web-odoo\odoo\http.py", line 2273, in _serve_db
    return service_model.retrying(serve_func, env=self.env)
           ^^^^^^^^^^^^^^^^^^^^^^^^^^^^^^^^^^^^^^^^^^^^^^^^
  File "C:\Users\wadhi\OneDrive\Documents\KULIAH\MAGANG\wisi-wise-web-odoo\odoo\service\model.py", line 185, in retrying
    result = func()
             ^^^^^^
  File "C:\Users\wadhi\OneDrive\Documents\KULIAH\MAGANG\wisi-wise-web-odoo\odoo\http.py", line 2328, in _serve_ir_http
    response = self.dispatcher.dispatch(rule.endpoint, args)
               ^^^^^^^^^^^^^^^^^^^^^^^^^^^^^^^^^^^^^^^^^^^^^
  File "C:\Users\wadhi\OneDrive\Documents\KULIAH\MAGANG\wisi-wise-web-odoo\odoo\http.py", line 2450, in dispatch
    return self.request.registry['ir.http']._dispatch(endpoint)
           ^^^^^^^^^^^^^^^^^^^^^^^^^^^^^^^^^^^^^^^^^^^^^^^^^^^^
  File "C:\Users\wadhi\OneDrive\Documents\KULIAH\MAGANG\wisi-wise-web-odoo\odoo\addons\base\models\ir_http.py", line 355, in _dispatch
    result = endpoint(**request.params)
             ^^^^^^^^^^^^^^^^^^^^^^^^^^
  File "C:\Users\wadhi\OneDrive\Documents\KULIAH\MAGANG\wisi-wise-web-odoo\odoo\http.py", line 788, in route_wrapper
    result = endpoint(self, *args, **params_ok)
             ^^^^^^^^^^^^^^^^^^^^^^^^^^^^^^^^^^
  File "c:\users\wadhi\onedrive\documents\kuliah\magang\wisi-wise-web-odoo\addons\portal\controllers\web.py", line 27, in web_client
    return super().web_client(s_action, **kw)
           ^^^^^^^^^^^^^^^^^^^^^^^^^^^^^^^^^^
  File "C:\Users\wadhi\OneDrive\Documents\KULIAH\MAGANG\wisi-wise-web-odoo\odoo\http.py", line 788, in route_wrapper
    result = endpoint(self, *args, **params_ok)
             ^^^^^^^^^^^^^^^^^^^^^^^^^^^^^^^^^^
  File "c:\users\wadhi\onedrive\documents\kuliah\magang\wisi-wise-web-odoo\addons\web\controllers\home.py", line 68, in web_client
    context = request.env['ir.http'].webclient_rendering_context()
              ^^^^^^^^^^^^^^^^^^^^^^^^^^^^^^^^^^^^^^^^^^^^^^^^^^^^
  File "c:\users\wadhi\onedrive\documents\kuliah\magang\wisi-wise-web-odoo\addons\web\models\ir_http.py", line 69, in webclient_rendering_context
    'session_info': self.session_info(),
                    ^^^^^^^^^^^^^^^^^^^
  File "c:\users\wadhi\onedrive\documents\kuliah\magang\wisi-wise-web-odoo\addons\partner_autocomplete\models\ir_http.py", line 12, in session_info
    session_info = super().session_info()
                   ^^^^^^^^^^^^^^^^^^^^^^
  File "c:\users\wadhi\onedrive\documents\kuliah\magang\wisi-wise-web-odoo\addons\mail\models\ir_http.py", line 22, in session_info
    ResUsers._init_store_data(store)
  File "c:\users\wadhi\onedrive\documents\kuliah\magang\wisi-wise-web-odoo\addons\mail\models\discuss\res_users.py", line 57, in _init_store_data
    super()._init_store_data(store)
  File "c:\users\wadhi\onedrive\documents\kuliah\magang\wisi-wise-web-odoo\addons\mail\models\res_users.py", line 398, in _init_store_data
    store.add_global_values(
  File "c:\users\wadhi\onedrive\documents\kuliah\magang\wisi-wise-web-odoo\addons\mail\tools\discuss.py", line 132, in add_global_values
    self.add_singleton_values("Store", values)
  File "c:\users\wadhi\onedrive\documents\kuliah\magang\wisi-wise-web-odoo\addons\mail\tools\discuss.py", line 181, in add_singleton_values
    self._add_values(values, model_name)
  File "c:\users\wadhi\onedrive\documents\kuliah\magang\wisi-wise-web-odoo\addons\mail\tools\discuss.py", line 232, in _add_values
    val._add_to_store(self, target, key)
  File "c:\users\wadhi\onedrive\documents\kuliah\magang\wisi-wise-web-odoo\addons\mail\tools\discuss.py", line 479, in _add_to_store
    super()._add_to_store(store, target, key)
  File "c:\users\wadhi\onedrive\documents\kuliah\magang\wisi-wise-web-odoo\addons\mail\tools\discuss.py", line 447, in _add_to_store
    store.add(self.records, self.fields, as_thread=self.as_thread, **self.kwargs)
  File "c:\users\wadhi\onedrive\documents\kuliah\magang\wisi-wise-web-odoo\addons\mail\tools\discuss.py", line 124, in add
    self.add_records_fields(records, fields)
  File "c:\users\wadhi\onedrive\documents\kuliah\magang\wisi-wise-web-odoo\addons\mail\tools\discuss.py", line 162, in add_records_fields
    for record, record_data_list in zip(records, self._get_records_data_list(records, fields)):
                                                 ^^^^^^^^^^^^^^^^^^^^^^^^^^^^^^^^^^^^^^^^^^^^
  File "c:\users\wadhi\onedrive\documents\kuliah\magang\wisi-wise-web-odoo\addons\mail\tools\discuss.py", line 268, in _get_records_data_list
    for data_dict in records._read_format(
                     ^^^^^^^^^^^^^^^^^^^^^
  File "C:\Users\wadhi\OneDrive\Documents\KULIAH\MAGANG\wisi-wise-web-odoo\odoo\orm\models.py", line 3747, in _read_format
    vals[name] = convert(record[name], record, use_display_name)
                         ~~~~~~^^^^^^
  File "C:\Users\wadhi\OneDrive\Documents\KULIAH\MAGANG\wisi-wise-web-odoo\odoo\orm\models.py", line 6686, in __getitem__
    return self._fields[key].__get__(self)
           ^^^^^^^^^^^^^^^^^^^^^^^^^^^^^^^
  File "C:\Users\wadhi\OneDrive\Documents\KULIAH\MAGANG\wisi-wise-web-odoo\odoo\orm\fields.py", line 1746, in __get__
    self.compute_value(recs)
  File "C:\Users\wadhi\OneDrive\Documents\KULIAH\MAGANG\wisi-wise-web-odoo\odoo\orm\fields.py", line 1917, in compute_value
    records._compute_field_value(self)
  File "c:\users\wadhi\onedrive\documents\kuliah\magang\wisi-wise-web-odoo\addons\mail\models\mail_thread.py", line 483, in _compute_field_value
    return super()._compute_field_value(field)
           ^^^^^^^^^^^^^^^^^^^^^^^^^^^^^^^^^^^
  File "C:\Users\wadhi\OneDrive\Documents\KULIAH\MAGANG\wisi-wise-web-odoo\odoo\orm\models.py", line 4952, in _compute_field_value
    determine(field.compute, self)
  File "C:\Users\wadhi\OneDrive\Documents\KULIAH\MAGANG\wisi-wise-web-odoo\odoo\orm\fields.py", line 81, in determine
    return needle(*args)
           ^^^^^^^^^^^^^
  File "c:\users\wadhi\onedrive\documents\kuliah\magang\wisi-wise-web-odoo\addons\hr_homeworking\models\res_partner.py", line 13, in _compute_im_status
    location_type = user[dayfield].location_type
                    ~~~~^^^^^^^^^^
  File "C:\Users\wadhi\OneDrive\Documents\KULIAH\MAGANG\wisi-wise-web-odoo\odoo\orm\models.py", line 6686, in __getitem__
    return self._fields[key].__get__(self)
           ^^^^^^^^^^^^^^^^^^^^^^^^^^^^^^^
  File "C:\Users\wadhi\OneDrive\Documents\KULIAH\MAGANG\wisi-wise-web-odoo\odoo\orm\fields_relational.py", line 45, in __get__
    return super().__get__(records, owner)
           ^^^^^^^^^^^^^^^^^^^^^^^^^^^^^^^
  File "C:\Users\wadhi\OneDrive\Documents\KULIAH\MAGANG\wisi-wise-web-odoo\odoo\orm\fields.py", line 1746, in __get__
    self.compute_value(recs)
  File "C:\Users\wadhi\OneDrive\Documents\KULIAH\MAGANG\wisi-wise-web-odoo\odoo\orm\fields.py", line 1917, in compute_value
    records._compute_field_value(self)
  File "C:\Users\wadhi\OneDrive\Documents\KULIAH\MAGANG\wisi-wise-web-odoo\odoo\orm\models.py", line 4952, in _compute_field_value
    determine(field.compute, self)
  File "C:\Users\wadhi\OneDrive\Documents\KULIAH\MAGANG\wisi-wise-web-odoo\odoo\orm\fields.py", line 84, in determine
    return needle(records, *args)
           ^^^^^^^^^^^^^^^^^^^^^^
  File "C:\Users\wadhi\OneDrive\Documents\KULIAH\MAGANG\wisi-wise-web-odoo\odoo\orm\fields.py", line 708, in _compute_related
    values = [next(iter(val := value[name]), val) for value in values]
                               ~~~~~^^^^^^
  File "C:\Users\wadhi\OneDrive\Documents\KULIAH\MAGANG\wisi-wise-web-odoo\odoo\orm\models.py", line 6686, in __getitem__
    return self._fields[key].__get__(self)
           ^^^^^^^^^^^^^^^^^^^^^^^^^^^^^^^
  File "C:\Users\wadhi\OneDrive\Documents\KULIAH\MAGANG\wisi-wise-web-odoo\odoo\orm\fields_relational.py", line 45, in __get__
    return super().__get__(records, owner)
           ^^^^^^^^^^^^^^^^^^^^^^^^^^^^^^^
  File "C:\Users\wadhi\OneDrive\Documents\KULIAH\MAGANG\wisi-wise-web-odoo\odoo\orm\fields.py", line 1746, in __get__
    self.compute_value(recs)
  File "C:\Users\wadhi\OneDrive\Documents\KULIAH\MAGANG\wisi-wise-web-odoo\odoo\orm\fields.py", line 1917, in compute_value
    records._compute_field_value(self)
  File "C:\Users\wadhi\OneDrive\Documents\KULIAH\MAGANG\wisi-wise-web-odoo\odoo\orm\models.py", line 4952, in _compute_field_value
    determine(field.compute, self)
  File "C:\Users\wadhi\OneDrive\Documents\KULIAH\MAGANG\wisi-wise-web-odoo\odoo\orm\fields.py", line 81, in determine
    return needle(*args)
           ^^^^^^^^^^^^^
  File "c:\users\wadhi\onedrive\documents\kuliah\magang\wisi-wise-web-odoo\addons\hr\models\res_users.py", line 268, in _compute_company_employee
    employee.user_id: employee
    ^^^^^^^^^^^^^^^^
  File "C:\Users\wadhi\OneDrive\Documents\KULIAH\MAGANG\wisi-wise-web-odoo\odoo\orm\fields_relational.py", line 45, in __get__
    return super().__get__(records, owner)
           ^^^^^^^^^^^^^^^^^^^^^^^^^^^^^^^
  File "C:\Users\wadhi\OneDrive\Documents\KULIAH\MAGANG\wisi-wise-web-odoo\odoo\orm\fields.py", line 1702, in __get__
    recs._fetch_field(self)
  File "C:\Users\wadhi\OneDrive\Documents\KULIAH\MAGANG\wisi-wise-web-odoo\odoo\orm\models.py", line 3772, in _fetch_field
    self.fetch(fnames)
  File "c:\users\wadhi\onedrive\documents\kuliah\magang\wisi-wise-web-odoo\addons\hr\models\hr_employee.py", line 1109, in fetch
    return super().fetch(field_names)
           ^^^^^^^^^^^^^^^^^^^^^^^^^^
  File "C:\Users\wadhi\OneDrive\Documents\KULIAH\MAGANG\wisi-wise-web-odoo\odoo\orm\models.py", line 3812, in fetch
    fetched = self._fetch_query(query, fields_to_fetch)
              ^^^^^^^^^^^^^^^^^^^^^^^^^^^^^^^^^^^^^^^^^
  File "C:\Users\wadhi\OneDrive\Documents\KULIAH\MAGANG\wisi-wise-web-odoo\odoo\orm\models.py", line 3917, in _fetch_query
    rows = self.env.execute_query(query.select(*sql_terms))
           ^^^^^^^^^^^^^^^^^^^^^^^^^^^^^^^^^^^^^^^^^^^^^^^^
  File "C:\Users\wadhi\OneDrive\Documents\KULIAH\MAGANG\wisi-wise-web-odoo\odoo\orm\environments.py", line 534, in execute_query
    self.cr.execute(query)
  File "C:\Users\wadhi\OneDrive\Documents\KULIAH\MAGANG\wisi-wise-web-odoo\odoo\sql_db.py", line 433, in execute
    self._obj.execute(query, params)
psycopg2.errors.UndefinedColumn: column hr_employee.nip does not exist
LINE 1: ...ocation_id", "hr_employee"."today_location_name", "hr_employ...
                                                             ^

2026-02-26 08:04:56,283 24684 INFO wsi_2026 werkzeug: 127.0.0.1 - - [26/Feb/2026 08:04:56] "GET /odoo/employees/1 HTTP/1.1" 500 - 44 0.077 0.467
2026-02-26 08:04:57,205 24684 INFO wsi_2026 werkzeug: 127.0.0.1 - - [26/Feb/2026 08:04:57] "GET /favicon.ico HTTP/1.1" 404 - 39 0.044 0.558
2026-02-26 08:04:58,175 24684 INFO wsi_2026 werkzeug: 127.0.0.1 - - [26/Feb/2026 08:04:58] "GET /web/service-worker.js HTTP/1.1" 200 - 1 0.002 0.006
2026-02-26 08:05:05,574 24684 ERROR wsi_2026 odoo.sql_db: bad query: b'SELECT "hr_employee"."id", "hr_employee"."resource_id", "hr_employee"."company_id", "hr_employee"."message_main_attachment_id", "hr_employee"."current_version_id", "hr_employee"."name", "hr_employee"."user_id", "hr_employee"."active", "hr_employee"."work_phone", "hr_employee"."mobile_phone", "hr_employee"."work_email", "hr_employee"."work_contact_id", "hr_employee"."legal_name", "hr_employee"."private_phone", "hr_employee"."private_email", "hr_employee"."lang", "hr_employee"."place_of_birth", "hr_employee"."country_of_birth", "hr_employee"."birthday", "hr_employee"."birthday_public_display", "hr_employee"."salary_distribution", "hr_employee"."permit_no", "hr_employee"."visa_no", "hr_employee"."visa_expire", "hr_employee"."work_permit_expiration_date", "hr_employee"."work_permit_scheduled_activity", "hr_employee"."certificate", "hr_employee"."study_field", "hr_employee"."study_school", "hr_employee"."emergency_contact", "hr_employee"."emergency_phone", "hr_employee"."parent_id", "hr_employee"."coach_id", "hr_employee"."color", "hr_employee"."barcode", "hr_employee"."pin", "hr_employee"."private_car_plate", "hr_employee"."create_uid", "hr_employee"."create_date", "hr_employee"."write_uid", "hr_employee"."write_date", "hr_employee"."attendance_manager_id", "hr_employee"."last_attendance_id", "hr_employee"."last_check_in", "hr_employee"."last_check_out", "hr_employee"."leave_manager_id", "hr_employee"."monday_location_id", "hr_employee"."tuesday_location_id", "hr_employee"."wednesday_location_id", "hr_employee"."thursday_location_id", "hr_employee"."friday_location_id", "hr_employee"."saturday_location_id", "hr_employee"."sunday_location_id", "hr_employee"."today_location_name", "hr_employee"."nip", "hr_employee"."nomor_bpjs", "hr_employee"."akun_sosmed" FROM "hr_employee" WHERE "hr_employee"."id" IN (1)'
ERROR: column hr_employee.nip does not exist
LINE 1: ...ocation_id", "hr_employee"."today_location_name", "hr_employ...
                                                             ^
 
2026-02-26 08:05:05,576 24684 ERROR wsi_2026 odoo.http: Exception during request handling. 
Traceback (most recent call last):
  File "C:\Users\wadhi\OneDrive\Documents\KULIAH\MAGANG\wisi-wise-web-odoo\odoo\http.py", line 2800, in __call__
    response = request._serve_db()
               ^^^^^^^^^^^^^^^^^^^
  File "C:\Users\wadhi\OneDrive\Documents\KULIAH\MAGANG\wisi-wise-web-odoo\odoo\http.py", line 2275, in _serve_db
    raise self._update_served_exception(exc)
  File "C:\Users\wadhi\OneDrive\Documents\KULIAH\MAGANG\wisi-wise-web-odoo\odoo\http.py", line 2273, in _serve_db
    return service_model.retrying(serve_func, env=self.env)
           ^^^^^^^^^^^^^^^^^^^^^^^^^^^^^^^^^^^^^^^^^^^^^^^^
  File "C:\Users\wadhi\OneDrive\Documents\KULIAH\MAGANG\wisi-wise-web-odoo\odoo\service\model.py", line 185, in retrying
    result = func()
             ^^^^^^
  File "C:\Users\wadhi\OneDrive\Documents\KULIAH\MAGANG\wisi-wise-web-odoo\odoo\http.py", line 2328, in _serve_ir_http
    response = self.dispatcher.dispatch(rule.endpoint, args)
               ^^^^^^^^^^^^^^^^^^^^^^^^^^^^^^^^^^^^^^^^^^^^^
  File "C:\Users\wadhi\OneDrive\Documents\KULIAH\MAGANG\wisi-wise-web-odoo\odoo\http.py", line 2450, in dispatch
    return self.request.registry['ir.http']._dispatch(endpoint)
           ^^^^^^^^^^^^^^^^^^^^^^^^^^^^^^^^^^^^^^^^^^^^^^^^^^^^
  File "C:\Users\wadhi\OneDrive\Documents\KULIAH\MAGANG\wisi-wise-web-odoo\odoo\addons\base\models\ir_http.py", line 355, in _dispatch
    result = endpoint(**request.params)
             ^^^^^^^^^^^^^^^^^^^^^^^^^^
  File "C:\Users\wadhi\OneDrive\Documents\KULIAH\MAGANG\wisi-wise-web-odoo\odoo\http.py", line 788, in route_wrapper
    result = endpoint(self, *args, **params_ok)
             ^^^^^^^^^^^^^^^^^^^^^^^^^^^^^^^^^^
  File "c:\users\wadhi\onedrive\documents\kuliah\magang\wisi-wise-web-odoo\addons\portal\controllers\web.py", line 27, in web_client
    return super().web_client(s_action, **kw)
           ^^^^^^^^^^^^^^^^^^^^^^^^^^^^^^^^^^
  File "C:\Users\wadhi\OneDrive\Documents\KULIAH\MAGANG\wisi-wise-web-odoo\odoo\http.py", line 788, in route_wrapper
    result = endpoint(self, *args, **params_ok)
             ^^^^^^^^^^^^^^^^^^^^^^^^^^^^^^^^^^
  File "c:\users\wadhi\onedrive\documents\kuliah\magang\wisi-wise-web-odoo\addons\web\controllers\home.py", line 68, in web_client
    context = request.env['ir.http'].webclient_rendering_context()
              ^^^^^^^^^^^^^^^^^^^^^^^^^^^^^^^^^^^^^^^^^^^^^^^^^^^^
  File "c:\users\wadhi\onedrive\documents\kuliah\magang\wisi-wise-web-odoo\addons\web\models\ir_http.py", line 69, in webclient_rendering_context
    'session_info': self.session_info(),
                    ^^^^^^^^^^^^^^^^^^^
  File "c:\users\wadhi\onedrive\documents\kuliah\magang\wisi-wise-web-odoo\addons\partner_autocomplete\models\ir_http.py", line 12, in session_info
    session_info = super().session_info()
                   ^^^^^^^^^^^^^^^^^^^^^^
  File "c:\users\wadhi\onedrive\documents\kuliah\magang\wisi-wise-web-odoo\addons\mail\models\ir_http.py", line 22, in session_info
    ResUsers._init_store_data(store)
  File "c:\users\wadhi\onedrive\documents\kuliah\magang\wisi-wise-web-odoo\addons\mail\models\discuss\res_users.py", line 57, in _init_store_data
    super()._init_store_data(store)
  File "c:\users\wadhi\onedrive\documents\kuliah\magang\wisi-wise-web-odoo\addons\mail\models\res_users.py", line 398, in _init_store_data
    store.add_global_values(
  File "c:\users\wadhi\onedrive\documents\kuliah\magang\wisi-wise-web-odoo\addons\mail\tools\discuss.py", line 132, in add_global_values
    self.add_singleton_values("Store", values)
  File "c:\users\wadhi\onedrive\documents\kuliah\magang\wisi-wise-web-odoo\addons\mail\tools\discuss.py", line 181, in add_singleton_values
    self._add_values(values, model_name)
  File "c:\users\wadhi\onedrive\documents\kuliah\magang\wisi-wise-web-odoo\addons\mail\tools\discuss.py", line 232, in _add_values
    val._add_to_store(self, target, key)
  File "c:\users\wadhi\onedrive\documents\kuliah\magang\wisi-wise-web-odoo\addons\mail\tools\discuss.py", line 479, in _add_to_store
    super()._add_to_store(store, target, key)
  File "c:\users\wadhi\onedrive\documents\kuliah\magang\wisi-wise-web-odoo\addons\mail\tools\discuss.py", line 447, in _add_to_store
    store.add(self.records, self.fields, as_thread=self.as_thread, **self.kwargs)
  File "c:\users\wadhi\onedrive\documents\kuliah\magang\wisi-wise-web-odoo\addons\mail\tools\discuss.py", line 124, in add
    self.add_records_fields(records, fields)
  File "c:\users\wadhi\onedrive\documents\kuliah\magang\wisi-wise-web-odoo\addons\mail\tools\discuss.py", line 162, in add_records_fields
    for record, record_data_list in zip(records, self._get_records_data_list(records, fields)):
                                                 ^^^^^^^^^^^^^^^^^^^^^^^^^^^^^^^^^^^^^^^^^^^^
  File "c:\users\wadhi\onedrive\documents\kuliah\magang\wisi-wise-web-odoo\addons\mail\tools\discuss.py", line 268, in _get_records_data_list
    for data_dict in records._read_format(
                     ^^^^^^^^^^^^^^^^^^^^^
  File "C:\Users\wadhi\OneDrive\Documents\KULIAH\MAGANG\wisi-wise-web-odoo\odoo\orm\models.py", line 3747, in _read_format
    vals[name] = convert(record[name], record, use_display_name)
                         ~~~~~~^^^^^^
  File "C:\Users\wadhi\OneDrive\Documents\KULIAH\MAGANG\wisi-wise-web-odoo\odoo\orm\models.py", line 6686, in __getitem__
    return self._fields[key].__get__(self)
           ^^^^^^^^^^^^^^^^^^^^^^^^^^^^^^^
  File "C:\Users\wadhi\OneDrive\Documents\KULIAH\MAGANG\wisi-wise-web-odoo\odoo\orm\fields.py", line 1746, in __get__
    self.compute_value(recs)
  File "C:\Users\wadhi\OneDrive\Documents\KULIAH\MAGANG\wisi-wise-web-odoo\odoo\orm\fields.py", line 1917, in compute_value
    records._compute_field_value(self)
  File "c:\users\wadhi\onedrive\documents\kuliah\magang\wisi-wise-web-odoo\addons\mail\models\mail_thread.py", line 483, in _compute_field_value
    return super()._compute_field_value(field)
           ^^^^^^^^^^^^^^^^^^^^^^^^^^^^^^^^^^^
  File "C:\Users\wadhi\OneDrive\Documents\KULIAH\MAGANG\wisi-wise-web-odoo\odoo\orm\models.py", line 4952, in _compute_field_value
    determine(field.compute, self)
  File "C:\Users\wadhi\OneDrive\Documents\KULIAH\MAGANG\wisi-wise-web-odoo\odoo\orm\fields.py", line 81, in determine
    return needle(*args)
           ^^^^^^^^^^^^^
  File "c:\users\wadhi\onedrive\documents\kuliah\magang\wisi-wise-web-odoo\addons\hr_homeworking\models\res_partner.py", line 13, in _compute_im_status
    location_type = user[dayfield].location_type
                    ~~~~^^^^^^^^^^
  File "C:\Users\wadhi\OneDrive\Documents\KULIAH\MAGANG\wisi-wise-web-odoo\odoo\orm\models.py", line 6686, in __getitem__
    return self._fields[key].__get__(self)
           ^^^^^^^^^^^^^^^^^^^^^^^^^^^^^^^
  File "C:\Users\wadhi\OneDrive\Documents\KULIAH\MAGANG\wisi-wise-web-odoo\odoo\orm\fields_relational.py", line 45, in __get__
    return super().__get__(records, owner)
           ^^^^^^^^^^^^^^^^^^^^^^^^^^^^^^^
  File "C:\Users\wadhi\OneDrive\Documents\KULIAH\MAGANG\wisi-wise-web-odoo\odoo\orm\fields.py", line 1746, in __get__
    self.compute_value(recs)
  File "C:\Users\wadhi\OneDrive\Documents\KULIAH\MAGANG\wisi-wise-web-odoo\odoo\orm\fields.py", line 1917, in compute_value
    records._compute_field_value(self)
  File "C:\Users\wadhi\OneDrive\Documents\KULIAH\MAGANG\wisi-wise-web-odoo\odoo\orm\models.py", line 4952, in _compute_field_value
    determine(field.compute, self)
  File "C:\Users\wadhi\OneDrive\Documents\KULIAH\MAGANG\wisi-wise-web-odoo\odoo\orm\fields.py", line 84, in determine
    return needle(records, *args)
           ^^^^^^^^^^^^^^^^^^^^^^
  File "C:\Users\wadhi\OneDrive\Documents\KULIAH\MAGANG\wisi-wise-web-odoo\odoo\orm\fields.py", line 708, in _compute_related
    values = [next(iter(val := value[name]), val) for value in values]
                               ~~~~~^^^^^^
  File "C:\Users\wadhi\OneDrive\Documents\KULIAH\MAGANG\wisi-wise-web-odoo\odoo\orm\models.py", line 6686, in __getitem__
    return self._fields[key].__get__(self)
           ^^^^^^^^^^^^^^^^^^^^^^^^^^^^^^^
  File "C:\Users\wadhi\OneDrive\Documents\KULIAH\MAGANG\wisi-wise-web-odoo\odoo\orm\fields_relational.py", line 45, in __get__
    return super().__get__(records, owner)
           ^^^^^^^^^^^^^^^^^^^^^^^^^^^^^^^
  File "C:\Users\wadhi\OneDrive\Documents\KULIAH\MAGANG\wisi-wise-web-odoo\odoo\orm\fields.py", line 1746, in __get__
    self.compute_value(recs)
  File "C:\Users\wadhi\OneDrive\Documents\KULIAH\MAGANG\wisi-wise-web-odoo\odoo\orm\fields.py", line 1917, in compute_value
    records._compute_field_value(self)
  File "C:\Users\wadhi\OneDrive\Documents\KULIAH\MAGANG\wisi-wise-web-odoo\odoo\orm\models.py", line 4952, in _compute_field_value
    determine(field.compute, self)
  File "C:\Users\wadhi\OneDrive\Documents\KULIAH\MAGANG\wisi-wise-web-odoo\odoo\orm\fields.py", line 81, in determine
    return needle(*args)
           ^^^^^^^^^^^^^
  File "c:\users\wadhi\onedrive\documents\kuliah\magang\wisi-wise-web-odoo\addons\hr\models\res_users.py", line 268, in _compute_company_employee
    employee.user_id: employee
    ^^^^^^^^^^^^^^^^
  File "C:\Users\wadhi\OneDrive\Documents\KULIAH\MAGANG\wisi-wise-web-odoo\odoo\orm\fields_relational.py", line 45, in __get__
    return super().__get__(records, owner)
           ^^^^^^^^^^^^^^^^^^^^^^^^^^^^^^^
  File "C:\Users\wadhi\OneDrive\Documents\KULIAH\MAGANG\wisi-wise-web-odoo\odoo\orm\fields.py", line 1702, in __get__
    recs._fetch_field(self)
  File "C:\Users\wadhi\OneDrive\Documents\KULIAH\MAGANG\wisi-wise-web-odoo\odoo\orm\models.py", line 3772, in _fetch_field
    self.fetch(fnames)
  File "c:\users\wadhi\onedrive\documents\kuliah\magang\wisi-wise-web-odoo\addons\hr\models\hr_employee.py", line 1109, in fetch
    return super().fetch(field_names)
           ^^^^^^^^^^^^^^^^^^^^^^^^^^
  File "C:\Users\wadhi\OneDrive\Documents\KULIAH\MAGANG\wisi-wise-web-odoo\odoo\orm\models.py", line 3812, in fetch
    fetched = self._fetch_query(query, fields_to_fetch)
              ^^^^^^^^^^^^^^^^^^^^^^^^^^^^^^^^^^^^^^^^^
  File "C:\Users\wadhi\OneDrive\Documents\KULIAH\MAGANG\wisi-wise-web-odoo\odoo\orm\models.py", line 3917, in _fetch_query
    rows = self.env.execute_query(query.select(*sql_terms))
           ^^^^^^^^^^^^^^^^^^^^^^^^^^^^^^^^^^^^^^^^^^^^^^^^
  File "C:\Users\wadhi\OneDrive\Documents\KULIAH\MAGANG\wisi-wise-web-odoo\odoo\orm\environments.py", line 534, in execute_query
    self.cr.execute(query)
  File "C:\Users\wadhi\OneDrive\Documents\KULIAH\MAGANG\wisi-wise-web-odoo\odoo\sql_db.py", line 433, in execute
    self._obj.execute(query, params)
psycopg2.errors.UndefinedColumn: column hr_employee.nip does not exist
LINE 1: ...ocation_id", "hr_employee"."today_location_name", "hr_employ...
                                                             ^

2026-02-26 08:05:05,580 24684 INFO wsi_2026 werkzeug: 127.0.0.1 - - [26/Feb/2026 08:05:05] "GET /odoo/employees/1 HTTP/1.1" 500 - 22 0.026 0.026
2026-02-26 08:05:06,703 24684 ERROR wsi_2026 odoo.sql_db: bad query: b'SELECT "hr_employee"."id", "hr_employee"."resource_id", "hr_employee"."company_id", "hr_employee"."message_main_attachment_id", "hr_employee"."current_version_id", "hr_employee"."name", "hr_employee"."user_id", "hr_employee"."active", "hr_employee"."work_phone", "hr_employee"."mobile_phone", "hr_employee"."work_email", "hr_employee"."work_contact_id", "hr_employee"."legal_name", "hr_employee"."private_phone", "hr_employee"."private_email", "hr_employee"."lang", "hr_employee"."place_of_birth", "hr_employee"."country_of_birth", "hr_employee"."birthday", "hr_employee"."birthday_public_display", "hr_employee"."salary_distribution", "hr_employee"."permit_no", "hr_employee"."visa_no", "hr_employee"."visa_expire", "hr_employee"."work_permit_expiration_date", "hr_employee"."work_permit_scheduled_activity", "hr_employee"."certificate", "hr_employee"."study_field", "hr_employee"."study_school", "hr_employee"."emergency_contact", "hr_employee"."emergency_phone", "hr_employee"."parent_id", "hr_employee"."coach_id", "hr_employee"."color", "hr_employee"."barcode", "hr_employee"."pin", "hr_employee"."private_car_plate", "hr_employee"."create_uid", "hr_employee"."create_date", "hr_employee"."write_uid", "hr_employee"."write_date", "hr_employee"."attendance_manager_id", "hr_employee"."last_attendance_id", "hr_employee"."last_check_in", "hr_employee"."last_check_out", "hr_employee"."leave_manager_id", "hr_employee"."monday_location_id", "hr_employee"."tuesday_location_id", "hr_employee"."wednesday_location_id", "hr_employee"."thursday_location_id", "hr_employee"."friday_location_id", "hr_employee"."saturday_location_id", "hr_employee"."sunday_location_id", "hr_employee"."today_location_name", "hr_employee"."nip", "hr_employee"."nomor_bpjs", "hr_employee"."akun_sosmed" FROM "hr_employee" WHERE "hr_employee"."id" IN (1)'
ERROR: column hr_employee.nip does not exist
LINE 1: ...ocation_id", "hr_employee"."today_location_name", "hr_employ...
                                                             ^
 
2026-02-26 08:05:06,706 24684 ERROR wsi_2026 odoo.http: Exception during request handling. 
Traceback (most recent call last):
  File "C:\Users\wadhi\OneDrive\Documents\KULIAH\MAGANG\wisi-wise-web-odoo\odoo\http.py", line 2800, in __call__
    response = request._serve_db()
               ^^^^^^^^^^^^^^^^^^^
  File "C:\Users\wadhi\OneDrive\Documents\KULIAH\MAGANG\wisi-wise-web-odoo\odoo\http.py", line 2275, in _serve_db
    raise self._update_served_exception(exc)
  File "C:\Users\wadhi\OneDrive\Documents\KULIAH\MAGANG\wisi-wise-web-odoo\odoo\http.py", line 2273, in _serve_db
    return service_model.retrying(serve_func, env=self.env)
           ^^^^^^^^^^^^^^^^^^^^^^^^^^^^^^^^^^^^^^^^^^^^^^^^
  File "C:\Users\wadhi\OneDrive\Documents\KULIAH\MAGANG\wisi-wise-web-odoo\odoo\service\model.py", line 185, in retrying
    result = func()
             ^^^^^^
  File "C:\Users\wadhi\OneDrive\Documents\KULIAH\MAGANG\wisi-wise-web-odoo\odoo\http.py", line 2328, in _serve_ir_http
    response = self.dispatcher.dispatch(rule.endpoint, args)
               ^^^^^^^^^^^^^^^^^^^^^^^^^^^^^^^^^^^^^^^^^^^^^
  File "C:\Users\wadhi\OneDrive\Documents\KULIAH\MAGANG\wisi-wise-web-odoo\odoo\http.py", line 2450, in dispatch
    return self.request.registry['ir.http']._dispatch(endpoint)
           ^^^^^^^^^^^^^^^^^^^^^^^^^^^^^^^^^^^^^^^^^^^^^^^^^^^^
  File "C:\Users\wadhi\OneDrive\Documents\KULIAH\MAGANG\wisi-wise-web-odoo\odoo\addons\base\models\ir_http.py", line 355, in _dispatch
    result = endpoint(**request.params)
             ^^^^^^^^^^^^^^^^^^^^^^^^^^
  File "C:\Users\wadhi\OneDrive\Documents\KULIAH\MAGANG\wisi-wise-web-odoo\odoo\http.py", line 788, in route_wrapper
    result = endpoint(self, *args, **params_ok)
             ^^^^^^^^^^^^^^^^^^^^^^^^^^^^^^^^^^
  File "c:\users\wadhi\onedrive\documents\kuliah\magang\wisi-wise-web-odoo\addons\portal\controllers\web.py", line 27, in web_client
    return super().web_client(s_action, **kw)
           ^^^^^^^^^^^^^^^^^^^^^^^^^^^^^^^^^^
  File "C:\Users\wadhi\OneDrive\Documents\KULIAH\MAGANG\wisi-wise-web-odoo\odoo\http.py", line 788, in route_wrapper
    result = endpoint(self, *args, **params_ok)
             ^^^^^^^^^^^^^^^^^^^^^^^^^^^^^^^^^^
  File "c:\users\wadhi\onedrive\documents\kuliah\magang\wisi-wise-web-odoo\addons\web\controllers\home.py", line 68, in web_client
    context = request.env['ir.http'].webclient_rendering_context()
              ^^^^^^^^^^^^^^^^^^^^^^^^^^^^^^^^^^^^^^^^^^^^^^^^^^^^
  File "c:\users\wadhi\onedrive\documents\kuliah\magang\wisi-wise-web-odoo\addons\web\models\ir_http.py", line 69, in webclient_rendering_context
    'session_info': self.session_info(),
                    ^^^^^^^^^^^^^^^^^^^
  File "c:\users\wadhi\onedrive\documents\kuliah\magang\wisi-wise-web-odoo\addons\partner_autocomplete\models\ir_http.py", line 12, in session_info
    session_info = super().session_info()
                   ^^^^^^^^^^^^^^^^^^^^^^
  File "c:\users\wadhi\onedrive\documents\kuliah\magang\wisi-wise-web-odoo\addons\mail\models\ir_http.py", line 22, in session_info
    ResUsers._init_store_data(store)
  File "c:\users\wadhi\onedrive\documents\kuliah\magang\wisi-wise-web-odoo\addons\mail\models\discuss\res_users.py", line 57, in _init_store_data
    super()._init_store_data(store)
  File "c:\users\wadhi\onedrive\documents\kuliah\magang\wisi-wise-web-odoo\addons\mail\models\res_users.py", line 398, in _init_store_data
    store.add_global_values(
  File "c:\users\wadhi\onedrive\documents\kuliah\magang\wisi-wise-web-odoo\addons\mail\tools\discuss.py", line 132, in add_global_values
    self.add_singleton_values("Store", values)
  File "c:\users\wadhi\onedrive\documents\kuliah\magang\wisi-wise-web-odoo\addons\mail\tools\discuss.py", line 181, in add_singleton_values
    self._add_values(values, model_name)
  File "c:\users\wadhi\onedrive\documents\kuliah\magang\wisi-wise-web-odoo\addons\mail\tools\discuss.py", line 232, in _add_values
    val._add_to_store(self, target, key)
  File "c:\users\wadhi\onedrive\documents\kuliah\magang\wisi-wise-web-odoo\addons\mail\tools\discuss.py", line 479, in _add_to_store
    super()._add_to_store(store, target, key)
  File "c:\users\wadhi\onedrive\documents\kuliah\magang\wisi-wise-web-odoo\addons\mail\tools\discuss.py", line 447, in _add_to_store
    store.add(self.records, self.fields, as_thread=self.as_thread, **self.kwargs)
  File "c:\users\wadhi\onedrive\documents\kuliah\magang\wisi-wise-web-odoo\addons\mail\tools\discuss.py", line 124, in add
    self.add_records_fields(records, fields)
  File "c:\users\wadhi\onedrive\documents\kuliah\magang\wisi-wise-web-odoo\addons\mail\tools\discuss.py", line 162, in add_records_fields
    for record, record_data_list in zip(records, self._get_records_data_list(records, fields)):
                                                 ^^^^^^^^^^^^^^^^^^^^^^^^^^^^^^^^^^^^^^^^^^^^
  File "c:\users\wadhi\onedrive\documents\kuliah\magang\wisi-wise-web-odoo\addons\mail\tools\discuss.py", line 268, in _get_records_data_list
    for data_dict in records._read_format(
                     ^^^^^^^^^^^^^^^^^^^^^
  File "C:\Users\wadhi\OneDrive\Documents\KULIAH\MAGANG\wisi-wise-web-odoo\odoo\orm\models.py", line 3747, in _read_format
    vals[name] = convert(record[name], record, use_display_name)
                         ~~~~~~^^^^^^
  File "C:\Users\wadhi\OneDrive\Documents\KULIAH\MAGANG\wisi-wise-web-odoo\odoo\orm\models.py", line 6686, in __getitem__
    return self._fields[key].__get__(self)
           ^^^^^^^^^^^^^^^^^^^^^^^^^^^^^^^
  File "C:\Users\wadhi\OneDrive\Documents\KULIAH\MAGANG\wisi-wise-web-odoo\odoo\orm\fields.py", line 1746, in __get__
    self.compute_value(recs)
  File "C:\Users\wadhi\OneDrive\Documents\KULIAH\MAGANG\wisi-wise-web-odoo\odoo\orm\fields.py", line 1917, in compute_value
    records._compute_field_value(self)
  File "c:\users\wadhi\onedrive\documents\kuliah\magang\wisi-wise-web-odoo\addons\mail\models\mail_thread.py", line 483, in _compute_field_value
    return super()._compute_field_value(field)
           ^^^^^^^^^^^^^^^^^^^^^^^^^^^^^^^^^^^
  File "C:\Users\wadhi\OneDrive\Documents\KULIAH\MAGANG\wisi-wise-web-odoo\odoo\orm\models.py", line 4952, in _compute_field_value
    determine(field.compute, self)
  File "C:\Users\wadhi\OneDrive\Documents\KULIAH\MAGANG\wisi-wise-web-odoo\odoo\orm\fields.py", line 81, in determine
    return needle(*args)
           ^^^^^^^^^^^^^
  File "c:\users\wadhi\onedrive\documents\kuliah\magang\wisi-wise-web-odoo\addons\hr_homeworking\models\res_partner.py", line 13, in _compute_im_status
    location_type = user[dayfield].location_type
                    ~~~~^^^^^^^^^^
  File "C:\Users\wadhi\OneDrive\Documents\KULIAH\MAGANG\wisi-wise-web-odoo\odoo\orm\models.py", line 6686, in __getitem__
    return self._fields[key].__get__(self)
           ^^^^^^^^^^^^^^^^^^^^^^^^^^^^^^^
  File "C:\Users\wadhi\OneDrive\Documents\KULIAH\MAGANG\wisi-wise-web-odoo\odoo\orm\fields_relational.py", line 45, in __get__
    return super().__get__(records, owner)
           ^^^^^^^^^^^^^^^^^^^^^^^^^^^^^^^
  File "C:\Users\wadhi\OneDrive\Documents\KULIAH\MAGANG\wisi-wise-web-odoo\odoo\orm\fields.py", line 1746, in __get__
    self.compute_value(recs)
  File "C:\Users\wadhi\OneDrive\Documents\KULIAH\MAGANG\wisi-wise-web-odoo\odoo\orm\fields.py", line 1917, in compute_value
    records._compute_field_value(self)
  File "C:\Users\wadhi\OneDrive\Documents\KULIAH\MAGANG\wisi-wise-web-odoo\odoo\orm\models.py", line 4952, in _compute_field_value
    determine(field.compute, self)
  File "C:\Users\wadhi\OneDrive\Documents\KULIAH\MAGANG\wisi-wise-web-odoo\odoo\orm\fields.py", line 84, in determine
    return needle(records, *args)
           ^^^^^^^^^^^^^^^^^^^^^^
  File "C:\Users\wadhi\OneDrive\Documents\KULIAH\MAGANG\wisi-wise-web-odoo\odoo\orm\fields.py", line 708, in _compute_related
    values = [next(iter(val := value[name]), val) for value in values]
                               ~~~~~^^^^^^
  File "C:\Users\wadhi\OneDrive\Documents\KULIAH\MAGANG\wisi-wise-web-odoo\odoo\orm\models.py", line 6686, in __getitem__
    return self._fields[key].__get__(self)
           ^^^^^^^^^^^^^^^^^^^^^^^^^^^^^^^
  File "C:\Users\wadhi\OneDrive\Documents\KULIAH\MAGANG\wisi-wise-web-odoo\odoo\orm\fields_relational.py", line 45, in __get__
    return super().__get__(records, owner)
           ^^^^^^^^^^^^^^^^^^^^^^^^^^^^^^^
  File "C:\Users\wadhi\OneDrive\Documents\KULIAH\MAGANG\wisi-wise-web-odoo\odoo\orm\fields.py", line 1746, in __get__
    self.compute_value(recs)
  File "C:\Users\wadhi\OneDrive\Documents\KULIAH\MAGANG\wisi-wise-web-odoo\odoo\orm\fields.py", line 1917, in compute_value
    records._compute_field_value(self)
  File "C:\Users\wadhi\OneDrive\Documents\KULIAH\MAGANG\wisi-wise-web-odoo\odoo\orm\models.py", line 4952, in _compute_field_value
    determine(field.compute, self)
  File "C:\Users\wadhi\OneDrive\Documents\KULIAH\MAGANG\wisi-wise-web-odoo\odoo\orm\fields.py", line 81, in determine
    return needle(*args)
           ^^^^^^^^^^^^^
  File "c:\users\wadhi\onedrive\documents\kuliah\magang\wisi-wise-web-odoo\addons\hr\models\res_users.py", line 268, in _compute_company_employee
    employee.user_id: employee
    ^^^^^^^^^^^^^^^^
  File "C:\Users\wadhi\OneDrive\Documents\KULIAH\MAGANG\wisi-wise-web-odoo\odoo\orm\fields_relational.py", line 45, in __get__
    return super().__get__(records, owner)
           ^^^^^^^^^^^^^^^^^^^^^^^^^^^^^^^
  File "C:\Users\wadhi\OneDrive\Documents\KULIAH\MAGANG\wisi-wise-web-odoo\odoo\orm\fields.py", line 1702, in __get__
    recs._fetch_field(self)
  File "C:\Users\wadhi\OneDrive\Documents\KULIAH\MAGANG\wisi-wise-web-odoo\odoo\orm\models.py", line 3772, in _fetch_field
    self.fetch(fnames)
  File "c:\users\wadhi\onedrive\documents\kuliah\magang\wisi-wise-web-odoo\addons\hr\models\hr_employee.py", line 1109, in fetch
    return super().fetch(field_names)
           ^^^^^^^^^^^^^^^^^^^^^^^^^^
  File "C:\Users\wadhi\OneDrive\Documents\KULIAH\MAGANG\wisi-wise-web-odoo\odoo\orm\models.py", line 3812, in fetch
    fetched = self._fetch_query(query, fields_to_fetch)
              ^^^^^^^^^^^^^^^^^^^^^^^^^^^^^^^^^^^^^^^^^
  File "C:\Users\wadhi\OneDrive\Documents\KULIAH\MAGANG\wisi-wise-web-odoo\odoo\orm\models.py", line 3917, in _fetch_query
    rows = self.env.execute_query(query.select(*sql_terms))
           ^^^^^^^^^^^^^^^^^^^^^^^^^^^^^^^^^^^^^^^^^^^^^^^^
  File "C:\Users\wadhi\OneDrive\Documents\KULIAH\MAGANG\wisi-wise-web-odoo\odoo\orm\environments.py", line 534, in execute_query
    self.cr.execute(query)
  File "C:\Users\wadhi\OneDrive\Documents\KULIAH\MAGANG\wisi-wise-web-odoo\odoo\sql_db.py", line 433, in execute
    self._obj.execute(query, params)
psycopg2.errors.UndefinedColumn: column hr_employee.nip does not exist
LINE 1: ...ocation_id", "hr_employee"."today_location_name", "hr_employ...
                                                             ^

2026-02-26 08:05:06,715 24684 INFO wsi_2026 werkzeug: 127.0.0.1 - - [26/Feb/2026 08:05:06] "GET /odoo/employees/1 HTTP/1.1" 500 - 22 0.036 0.038
2026-02-26 08:05:07,373 24684 INFO wsi_2026 werkzeug: 127.0.0.1 - - [26/Feb/2026 08:05:07] "GET /web/service-worker.js HTTP/1.1" 200 - 1 0.003 0.006
2026-02-26 08:05:08,893 24684 INFO wsi_2026 werkzeug: 127.0.0.1 - - [26/Feb/2026 08:05:08] "GET /web/service-worker.js HTTP/1.1" 200 - 1 0.002 0.004
2026-02-26 08:05:20,806 24684 INFO ? odoo.service.server: Initiating shutdown 
2026-02-26 08:05:20,806 24684 INFO ? odoo.service.server: Hit CTRL-C again or send a second signal to force the shutdown. 
2026-02-26 08:05:21,860 24684 INFO ? odoo.sql_db: ConnectionPool(read/write;used=0/count=0/max=64): Closed 4 connections  
2026-02-26 08:05:21,878 24684 INFO ? odoo.service.server: cron0 max age (0s) reached, releasing connection. 
2026-02-26 08:05:21,878 24684 INFO ? odoo.service.server: cron1 max age (0s) reached, releasing connection. 
2026-02-26 08:05:38,027 24684 ERROR wsi_2026 odoo.sql_db: bad query: b'SELECT "hr_employee"."id", "hr_employee"."resource_id", "hr_employee"."company_id", "hr_employee"."message_main_attachment_id", "hr_employee"."current_version_id", "hr_employee"."name", "hr_employee"."user_id", "hr_employee"."active", "hr_employee"."work_phone", "hr_employee"."mobile_phone", "hr_employee"."work_email", "hr_employee"."work_contact_id", "hr_employee"."legal_name", "hr_employee"."private_phone", "hr_employee"."private_email", "hr_employee"."lang", "hr_employee"."place_of_birth", "hr_employee"."country_of_birth", "hr_employee"."birthday", "hr_employee"."birthday_public_display", "hr_employee"."salary_distribution", "hr_employee"."permit_no", "hr_employee"."visa_no", "hr_employee"."visa_expire", "hr_employee"."work_permit_expiration_date", "hr_employee"."work_permit_scheduled_activity", "hr_employee"."certificate", "hr_employee"."study_field", "hr_employee"."study_school", "hr_employee"."emergency_contact", "hr_employee"."emergency_phone", "hr_employee"."parent_id", "hr_employee"."coach_id", "hr_employee"."color", "hr_employee"."barcode", "hr_employee"."pin", "hr_employee"."private_car_plate", "hr_employee"."create_uid", "hr_employee"."create_date", "hr_employee"."write_uid", "hr_employee"."write_date", "hr_employee"."attendance_manager_id", "hr_employee"."last_attendance_id", "hr_employee"."last_check_in", "hr_employee"."last_check_out", "hr_employee"."leave_manager_id", "hr_employee"."monday_location_id", "hr_employee"."tuesday_location_id", "hr_employee"."wednesday_location_id", "hr_employee"."thursday_location_id", "hr_employee"."friday_location_id", "hr_employee"."saturday_location_id", "hr_employee"."sunday_location_id", "hr_employee"."today_location_name", "hr_employee"."nip", "hr_employee"."nomor_bpjs", "hr_employee"."akun_sosmed" FROM "hr_employee" WHERE "hr_employee"."id" IN (1)'
ERROR: column hr_employee.nip does not exist
LINE 1: ...ocation_id", "hr_employee"."today_location_name", "hr_employ...
                                                             ^
 
2026-02-26 08:05:38,029 24684 ERROR wsi_2026 odoo.http: Exception during request handling. 
Traceback (most recent call last):
  File "C:\Users\wadhi\OneDrive\Documents\KULIAH\MAGANG\wisi-wise-web-odoo\odoo\http.py", line 2800, in __call__
    response = request._serve_db()
               ^^^^^^^^^^^^^^^^^^^
  File "C:\Users\wadhi\OneDrive\Documents\KULIAH\MAGANG\wisi-wise-web-odoo\odoo\http.py", line 2275, in _serve_db
    raise self._update_served_exception(exc)
  File "C:\Users\wadhi\OneDrive\Documents\KULIAH\MAGANG\wisi-wise-web-odoo\odoo\http.py", line 2273, in _serve_db
    return service_model.retrying(serve_func, env=self.env)
           ^^^^^^^^^^^^^^^^^^^^^^^^^^^^^^^^^^^^^^^^^^^^^^^^
  File "C:\Users\wadhi\OneDrive\Documents\KULIAH\MAGANG\wisi-wise-web-odoo\odoo\service\model.py", line 185, in retrying
    result = func()
             ^^^^^^
  File "C:\Users\wadhi\OneDrive\Documents\KULIAH\MAGANG\wisi-wise-web-odoo\odoo\http.py", line 2328, in _serve_ir_http
    response = self.dispatcher.dispatch(rule.endpoint, args)
               ^^^^^^^^^^^^^^^^^^^^^^^^^^^^^^^^^^^^^^^^^^^^^
  File "C:\Users\wadhi\OneDrive\Documents\KULIAH\MAGANG\wisi-wise-web-odoo\odoo\http.py", line 2450, in dispatch
    return self.request.registry['ir.http']._dispatch(endpoint)
           ^^^^^^^^^^^^^^^^^^^^^^^^^^^^^^^^^^^^^^^^^^^^^^^^^^^^
  File "C:\Users\wadhi\OneDrive\Documents\KULIAH\MAGANG\wisi-wise-web-odoo\odoo\addons\base\models\ir_http.py", line 355, in _dispatch
    result = endpoint(**request.params)
             ^^^^^^^^^^^^^^^^^^^^^^^^^^
  File "C:\Users\wadhi\OneDrive\Documents\KULIAH\MAGANG\wisi-wise-web-odoo\odoo\http.py", line 788, in route_wrapper
    result = endpoint(self, *args, **params_ok)
             ^^^^^^^^^^^^^^^^^^^^^^^^^^^^^^^^^^
  File "c:\users\wadhi\onedrive\documents\kuliah\magang\wisi-wise-web-odoo\addons\portal\controllers\web.py", line 27, in web_client
    return super().web_client(s_action, **kw)
           ^^^^^^^^^^^^^^^^^^^^^^^^^^^^^^^^^^
  File "C:\Users\wadhi\OneDrive\Documents\KULIAH\MAGANG\wisi-wise-web-odoo\odoo\http.py", line 788, in route_wrapper
    result = endpoint(self, *args, **params_ok)
             ^^^^^^^^^^^^^^^^^^^^^^^^^^^^^^^^^^
  File "c:\users\wadhi\onedrive\documents\kuliah\magang\wisi-wise-web-odoo\addons\web\controllers\home.py", line 68, in web_client
    context = request.env['ir.http'].webclient_rendering_context()
              ^^^^^^^^^^^^^^^^^^^^^^^^^^^^^^^^^^^^^^^^^^^^^^^^^^^^
  File "c:\users\wadhi\onedrive\documents\kuliah\magang\wisi-wise-web-odoo\addons\web\models\ir_http.py", line 69, in webclient_rendering_context
    'session_info': self.session_info(),
                    ^^^^^^^^^^^^^^^^^^^
  File "c:\users\wadhi\onedrive\documents\kuliah\magang\wisi-wise-web-odoo\addons\partner_autocomplete\models\ir_http.py", line 12, in session_info
    session_info = super().session_info()
                   ^^^^^^^^^^^^^^^^^^^^^^
  File "c:\users\wadhi\onedrive\documents\kuliah\magang\wisi-wise-web-odoo\addons\mail\models\ir_http.py", line 22, in session_info
    ResUsers._init_store_data(store)
  File "c:\users\wadhi\onedrive\documents\kuliah\magang\wisi-wise-web-odoo\addons\mail\models\discuss\res_users.py", line 57, in _init_store_data
    super()._init_store_data(store)
  File "c:\users\wadhi\onedrive\documents\kuliah\magang\wisi-wise-web-odoo\addons\mail\models\res_users.py", line 398, in _init_store_data
    store.add_global_values(
  File "c:\users\wadhi\onedrive\documents\kuliah\magang\wisi-wise-web-odoo\addons\mail\tools\discuss.py", line 132, in add_global_values
    self.add_singleton_values("Store", values)
  File "c:\users\wadhi\onedrive\documents\kuliah\magang\wisi-wise-web-odoo\addons\mail\tools\discuss.py", line 181, in add_singleton_values
    self._add_values(values, model_name)
  File "c:\users\wadhi\onedrive\documents\kuliah\magang\wisi-wise-web-odoo\addons\mail\tools\discuss.py", line 232, in _add_values
    val._add_to_store(self, target, key)
  File "c:\users\wadhi\onedrive\documents\kuliah\magang\wisi-wise-web-odoo\addons\mail\tools\discuss.py", line 479, in _add_to_store
    super()._add_to_store(store, target, key)
  File "c:\users\wadhi\onedrive\documents\kuliah\magang\wisi-wise-web-odoo\addons\mail\tools\discuss.py", line 447, in _add_to_store
    store.add(self.records, self.fields, as_thread=self.as_thread, **self.kwargs)
  File "c:\users\wadhi\onedrive\documents\kuliah\magang\wisi-wise-web-odoo\addons\mail\tools\discuss.py", line 124, in add
    self.add_records_fields(records, fields)
  File "c:\users\wadhi\onedrive\documents\kuliah\magang\wisi-wise-web-odoo\addons\mail\tools\discuss.py", line 162, in add_records_fields
    for record, record_data_list in zip(records, self._get_records_data_list(records, fields)):
                                                 ^^^^^^^^^^^^^^^^^^^^^^^^^^^^^^^^^^^^^^^^^^^^
  File "c:\users\wadhi\onedrive\documents\kuliah\magang\wisi-wise-web-odoo\addons\mail\tools\discuss.py", line 268, in _get_records_data_list
    for data_dict in records._read_format(
                     ^^^^^^^^^^^^^^^^^^^^^
  File "C:\Users\wadhi\OneDrive\Documents\KULIAH\MAGANG\wisi-wise-web-odoo\odoo\orm\models.py", line 3747, in _read_format
    vals[name] = convert(record[name], record, use_display_name)
                         ~~~~~~^^^^^^
  File "C:\Users\wadhi\OneDrive\Documents\KULIAH\MAGANG\wisi-wise-web-odoo\odoo\orm\models.py", line 6686, in __getitem__
    return self._fields[key].__get__(self)
           ^^^^^^^^^^^^^^^^^^^^^^^^^^^^^^^
  File "C:\Users\wadhi\OneDrive\Documents\KULIAH\MAGANG\wisi-wise-web-odoo\odoo\orm\fields.py", line 1746, in __get__
    self.compute_value(recs)
  File "C:\Users\wadhi\OneDrive\Documents\KULIAH\MAGANG\wisi-wise-web-odoo\odoo\orm\fields.py", line 1917, in compute_value
    records._compute_field_value(self)
  File "c:\users\wadhi\onedrive\documents\kuliah\magang\wisi-wise-web-odoo\addons\mail\models\mail_thread.py", line 483, in _compute_field_value
    return super()._compute_field_value(field)
           ^^^^^^^^^^^^^^^^^^^^^^^^^^^^^^^^^^^
  File "C:\Users\wadhi\OneDrive\Documents\KULIAH\MAGANG\wisi-wise-web-odoo\odoo\orm\models.py", line 4952, in _compute_field_value
    determine(field.compute, self)
  File "C:\Users\wadhi\OneDrive\Documents\KULIAH\MAGANG\wisi-wise-web-odoo\odoo\orm\fields.py", line 81, in determine
    return needle(*args)
           ^^^^^^^^^^^^^
  File "c:\users\wadhi\onedrive\documents\kuliah\magang\wisi-wise-web-odoo\addons\hr_homeworking\models\res_partner.py", line 13, in _compute_im_status
    location_type = user[dayfield].location_type
                    ~~~~^^^^^^^^^^
  File "C:\Users\wadhi\OneDrive\Documents\KULIAH\MAGANG\wisi-wise-web-odoo\odoo\orm\models.py", line 6686, in __getitem__
    return self._fields[key].__get__(self)
           ^^^^^^^^^^^^^^^^^^^^^^^^^^^^^^^
  File "C:\Users\wadhi\OneDrive\Documents\KULIAH\MAGANG\wisi-wise-web-odoo\odoo\orm\fields_relational.py", line 45, in __get__
    return super().__get__(records, owner)
           ^^^^^^^^^^^^^^^^^^^^^^^^^^^^^^^
  File "C:\Users\wadhi\OneDrive\Documents\KULIAH\MAGANG\wisi-wise-web-odoo\odoo\orm\fields.py", line 1746, in __get__
    self.compute_value(recs)
  File "C:\Users\wadhi\OneDrive\Documents\KULIAH\MAGANG\wisi-wise-web-odoo\odoo\orm\fields.py", line 1917, in compute_value
    records._compute_field_value(self)
  File "C:\Users\wadhi\OneDrive\Documents\KULIAH\MAGANG\wisi-wise-web-odoo\odoo\orm\models.py", line 4952, in _compute_field_value
    determine(field.compute, self)
  File "C:\Users\wadhi\OneDrive\Documents\KULIAH\MAGANG\wisi-wise-web-odoo\odoo\orm\fields.py", line 84, in determine
    return needle(records, *args)
           ^^^^^^^^^^^^^^^^^^^^^^
  File "C:\Users\wadhi\OneDrive\Documents\KULIAH\MAGANG\wisi-wise-web-odoo\odoo\orm\fields.py", line 708, in _compute_related
    values = [next(iter(val := value[name]), val) for value in values]
                               ~~~~~^^^^^^
  File "C:\Users\wadhi\OneDrive\Documents\KULIAH\MAGANG\wisi-wise-web-odoo\odoo\orm\models.py", line 6686, in __getitem__
    return self._fields[key].__get__(self)
           ^^^^^^^^^^^^^^^^^^^^^^^^^^^^^^^
  File "C:\Users\wadhi\OneDrive\Documents\KULIAH\MAGANG\wisi-wise-web-odoo\odoo\orm\fields_relational.py", line 45, in __get__
    return super().__get__(records, owner)
           ^^^^^^^^^^^^^^^^^^^^^^^^^^^^^^^
  File "C:\Users\wadhi\OneDrive\Documents\KULIAH\MAGANG\wisi-wise-web-odoo\odoo\orm\fields.py", line 1746, in __get__
    self.compute_value(recs)
  File "C:\Users\wadhi\OneDrive\Documents\KULIAH\MAGANG\wisi-wise-web-odoo\odoo\orm\fields.py", line 1917, in compute_value
    records._compute_field_value(self)
  File "C:\Users\wadhi\OneDrive\Documents\KULIAH\MAGANG\wisi-wise-web-odoo\odoo\orm\models.py", line 4952, in _compute_field_value
    determine(field.compute, self)
  File "C:\Users\wadhi\OneDrive\Documents\KULIAH\MAGANG\wisi-wise-web-odoo\odoo\orm\fields.py", line 81, in determine
    return needle(*args)
           ^^^^^^^^^^^^^
  File "c:\users\wadhi\onedrive\documents\kuliah\magang\wisi-wise-web-odoo\addons\hr\models\res_users.py", line 268, in _compute_company_employee
    employee.user_id: employee
    ^^^^^^^^^^^^^^^^
  File "C:\Users\wadhi\OneDrive\Documents\KULIAH\MAGANG\wisi-wise-web-odoo\odoo\orm\fields_relational.py", line 45, in __get__
    return super().__get__(records, owner)
           ^^^^^^^^^^^^^^^^^^^^^^^^^^^^^^^
  File "C:\Users\wadhi\OneDrive\Documents\KULIAH\MAGANG\wisi-wise-web-odoo\odoo\orm\fields.py", line 1702, in __get__
    recs._fetch_field(self)
  File "C:\Users\wadhi\OneDrive\Documents\KULIAH\MAGANG\wisi-wise-web-odoo\odoo\orm\models.py", line 3772, in _fetch_field
    self.fetch(fnames)
  File "c:\users\wadhi\onedrive\documents\kuliah\magang\wisi-wise-web-odoo\addons\hr\models\hr_employee.py", line 1109, in fetch
    return super().fetch(field_names)
           ^^^^^^^^^^^^^^^^^^^^^^^^^^
  File "C:\Users\wadhi\OneDrive\Documents\KULIAH\MAGANG\wisi-wise-web-odoo\odoo\orm\models.py", line 3812, in fetch
    fetched = self._fetch_query(query, fields_to_fetch)
              ^^^^^^^^^^^^^^^^^^^^^^^^^^^^^^^^^^^^^^^^^
  File "C:\Users\wadhi\OneDrive\Documents\KULIAH\MAGANG\wisi-wise-web-odoo\odoo\orm\models.py", line 3917, in _fetch_query
    rows = self.env.execute_query(query.select(*sql_terms))
           ^^^^^^^^^^^^^^^^^^^^^^^^^^^^^^^^^^^^^^^^^^^^^^^^
  File "C:\Users\wadhi\OneDrive\Documents\KULIAH\MAGANG\wisi-wise-web-odoo\odoo\orm\environments.py", line 534, in execute_query
    self.cr.execute(query)
  File "C:\Users\wadhi\OneDrive\Documents\KULIAH\MAGANG\wisi-wise-web-odoo\odoo\sql_db.py", line 433, in execute
    self._obj.execute(query, params)
psycopg2.errors.UndefinedColumn: column hr_employee.nip does not exist
LINE 1: ...ocation_id", "hr_employee"."today_location_name", "hr_employ...
                                                             ^

2026-02-26 08:05:38,034 24684 INFO wsi_2026 werkzeug: 127.0.0.1 - - [26/Feb/2026 08:05:38] "GET /odoo/employees/1 HTTP/1.1" 500 - 22 0.041 0.052
2026-02-26 08:05:47,133 38208 WARNING ? odoo.tools.config: missing --http-interface/http_interface, using 0.0.0.0 by default, will change to 127.0.0.1 in 20.0 
2026-02-26 08:05:47,136 38208 INFO ? odoo: Odoo version 19.0 
2026-02-26 08:05:47,136 38208 INFO ? odoo: Using configuration file at c:\users\wadhi\onedrive\documents\kuliah\magang\wisi-wise-web-odoo\odoo.conf 
2026-02-26 08:05:47,137 38208 INFO ? odoo: addons paths: _NamespacePath(['C:\\Users\\wadhi\\OneDrive\\Documents\\KULIAH\\MAGANG\\wisi-wise-web-odoo\\odoo\\addons', 'C:\\Users\\wadhi\\AppData\\Local\\OpenERP S.A.\\Odoo\\addons\\19.0', 'c:\\users\\wadhi\\onedrive\\documents\\kuliah\\magang\\wisi-wise-web-odoo\\odoo\\addons', 'c:\\users\\wadhi\\onedrive\\documents\\kuliah\\magang\\wisi-wise-web-odoo\\addons', 'c:\\users\\wadhi\\onedrive\\documents\\kuliah\\magang\\wisi-wise-web-odoo\\custom_addons']) 
2026-02-26 08:05:47,137 38208 INFO ? odoo: database: odoo@localhost:5434 
2026-02-26 08:05:47,854 38208 WARNING ? odoo.service.server: 'watchdog' module not installed. Code autoreload feature is disabled 
2026-02-26 08:05:47,867 38208 INFO ? odoo.service.server: HTTP service (werkzeug) running on LAPTOP-B7F6P6QO:8069 
2026-02-26 08:05:50,828 38208 INFO ? odoo.modules.loading: loading 1 modules... 
2026-02-26 08:05:50,836 38208 INFO ? odoo.modules.loading: 1 modules loaded in 0.01s, 0 queries (+0 extra) 
2026-02-26 08:05:50,886 38208 WARNING ? odoo.modules.module: Missing `license` key in manifest for 'wsi_hr_employee', defaulting to LGPL-3 
2026-02-26 08:05:50,904 38208 INFO ? odoo.modules.loading: loading 51 modules... 
2026-02-26 08:05:52,233 38208 INFO ? odoo.modules.loading: 51 modules loaded in 1.33s, 0 queries (+0 extra) 
2026-02-26 08:05:52,440 38208 INFO ? odoo.modules.loading: Modules loaded. 
2026-02-26 08:05:52,493 38208 INFO ? odoo.registry: Registry loaded in 1.715s 
2026-02-26 08:05:52,497 38208 INFO wsi_2026 odoo.addons.base.models.ir_http: Generating routing map for key None 
2026-02-26 08:05:52,658 38208 ERROR wsi_2026 odoo.sql_db: bad query: b'SELECT "hr_employee"."id", "hr_employee"."resource_id", "hr_employee"."company_id", "hr_employee"."message_main_attachment_id", "hr_employee"."current_version_id", "hr_employee"."name", "hr_employee"."user_id", "hr_employee"."active", "hr_employee"."work_phone", "hr_employee"."mobile_phone", "hr_employee"."work_email", "hr_employee"."work_contact_id", "hr_employee"."legal_name", "hr_employee"."private_phone", "hr_employee"."private_email", "hr_employee"."lang", "hr_employee"."place_of_birth", "hr_employee"."country_of_birth", "hr_employee"."birthday", "hr_employee"."birthday_public_display", "hr_employee"."salary_distribution", "hr_employee"."permit_no", "hr_employee"."visa_no", "hr_employee"."visa_expire", "hr_employee"."work_permit_expiration_date", "hr_employee"."work_permit_scheduled_activity", "hr_employee"."certificate", "hr_employee"."study_field", "hr_employee"."study_school", "hr_employee"."emergency_contact", "hr_employee"."emergency_phone", "hr_employee"."parent_id", "hr_employee"."coach_id", "hr_employee"."color", "hr_employee"."barcode", "hr_employee"."pin", "hr_employee"."private_car_plate", "hr_employee"."create_uid", "hr_employee"."create_date", "hr_employee"."write_uid", "hr_employee"."write_date", "hr_employee"."attendance_manager_id", "hr_employee"."last_attendance_id", "hr_employee"."last_check_in", "hr_employee"."last_check_out", "hr_employee"."leave_manager_id", "hr_employee"."monday_location_id", "hr_employee"."tuesday_location_id", "hr_employee"."wednesday_location_id", "hr_employee"."thursday_location_id", "hr_employee"."friday_location_id", "hr_employee"."saturday_location_id", "hr_employee"."sunday_location_id", "hr_employee"."today_location_name", "hr_employee"."nip", "hr_employee"."nomor_bpjs", "hr_employee"."akun_sosmed" FROM "hr_employee" WHERE "hr_employee"."id" IN (1)'
ERROR: column hr_employee.nip does not exist
LINE 1: ...ocation_id", "hr_employee"."today_location_name", "hr_employ...
                                                             ^
 
2026-02-26 08:05:52,659 38208 ERROR wsi_2026 odoo.http: Exception during request handling. 
Traceback (most recent call last):
  File "C:\Users\wadhi\OneDrive\Documents\KULIAH\MAGANG\wisi-wise-web-odoo\odoo\http.py", line 2800, in __call__
    response = request._serve_db()
               ^^^^^^^^^^^^^^^^^^^
  File "C:\Users\wadhi\OneDrive\Documents\KULIAH\MAGANG\wisi-wise-web-odoo\odoo\http.py", line 2275, in _serve_db
    raise self._update_served_exception(exc)
  File "C:\Users\wadhi\OneDrive\Documents\KULIAH\MAGANG\wisi-wise-web-odoo\odoo\http.py", line 2273, in _serve_db
    return service_model.retrying(serve_func, env=self.env)
           ^^^^^^^^^^^^^^^^^^^^^^^^^^^^^^^^^^^^^^^^^^^^^^^^
  File "C:\Users\wadhi\OneDrive\Documents\KULIAH\MAGANG\wisi-wise-web-odoo\odoo\service\model.py", line 185, in retrying
    result = func()
             ^^^^^^
  File "C:\Users\wadhi\OneDrive\Documents\KULIAH\MAGANG\wisi-wise-web-odoo\odoo\http.py", line 2328, in _serve_ir_http
    response = self.dispatcher.dispatch(rule.endpoint, args)
               ^^^^^^^^^^^^^^^^^^^^^^^^^^^^^^^^^^^^^^^^^^^^^
  File "C:\Users\wadhi\OneDrive\Documents\KULIAH\MAGANG\wisi-wise-web-odoo\odoo\http.py", line 2450, in dispatch
    return self.request.registry['ir.http']._dispatch(endpoint)
           ^^^^^^^^^^^^^^^^^^^^^^^^^^^^^^^^^^^^^^^^^^^^^^^^^^^^
  File "C:\Users\wadhi\OneDrive\Documents\KULIAH\MAGANG\wisi-wise-web-odoo\odoo\addons\base\models\ir_http.py", line 355, in _dispatch
    result = endpoint(**request.params)
             ^^^^^^^^^^^^^^^^^^^^^^^^^^
  File "C:\Users\wadhi\OneDrive\Documents\KULIAH\MAGANG\wisi-wise-web-odoo\odoo\http.py", line 788, in route_wrapper
    result = endpoint(self, *args, **params_ok)
             ^^^^^^^^^^^^^^^^^^^^^^^^^^^^^^^^^^
  File "c:\users\wadhi\onedrive\documents\kuliah\magang\wisi-wise-web-odoo\addons\portal\controllers\web.py", line 27, in web_client
    return super().web_client(s_action, **kw)
           ^^^^^^^^^^^^^^^^^^^^^^^^^^^^^^^^^^
  File "C:\Users\wadhi\OneDrive\Documents\KULIAH\MAGANG\wisi-wise-web-odoo\odoo\http.py", line 788, in route_wrapper
    result = endpoint(self, *args, **params_ok)
             ^^^^^^^^^^^^^^^^^^^^^^^^^^^^^^^^^^
  File "c:\users\wadhi\onedrive\documents\kuliah\magang\wisi-wise-web-odoo\addons\web\controllers\home.py", line 68, in web_client
    context = request.env['ir.http'].webclient_rendering_context()
              ^^^^^^^^^^^^^^^^^^^^^^^^^^^^^^^^^^^^^^^^^^^^^^^^^^^^
  File "c:\users\wadhi\onedrive\documents\kuliah\magang\wisi-wise-web-odoo\addons\web\models\ir_http.py", line 69, in webclient_rendering_context
    'session_info': self.session_info(),
                    ^^^^^^^^^^^^^^^^^^^
  File "c:\users\wadhi\onedrive\documents\kuliah\magang\wisi-wise-web-odoo\addons\partner_autocomplete\models\ir_http.py", line 12, in session_info
    session_info = super().session_info()
                   ^^^^^^^^^^^^^^^^^^^^^^
  File "c:\users\wadhi\onedrive\documents\kuliah\magang\wisi-wise-web-odoo\addons\mail\models\ir_http.py", line 22, in session_info
    ResUsers._init_store_data(store)
  File "c:\users\wadhi\onedrive\documents\kuliah\magang\wisi-wise-web-odoo\addons\mail\models\discuss\res_users.py", line 57, in _init_store_data
    super()._init_store_data(store)
  File "c:\users\wadhi\onedrive\documents\kuliah\magang\wisi-wise-web-odoo\addons\mail\models\res_users.py", line 398, in _init_store_data
    store.add_global_values(
  File "c:\users\wadhi\onedrive\documents\kuliah\magang\wisi-wise-web-odoo\addons\mail\tools\discuss.py", line 132, in add_global_values
    self.add_singleton_values("Store", values)
  File "c:\users\wadhi\onedrive\documents\kuliah\magang\wisi-wise-web-odoo\addons\mail\tools\discuss.py", line 181, in add_singleton_values
    self._add_values(values, model_name)
  File "c:\users\wadhi\onedrive\documents\kuliah\magang\wisi-wise-web-odoo\addons\mail\tools\discuss.py", line 232, in _add_values
    val._add_to_store(self, target, key)
  File "c:\users\wadhi\onedrive\documents\kuliah\magang\wisi-wise-web-odoo\addons\mail\tools\discuss.py", line 479, in _add_to_store
    super()._add_to_store(store, target, key)
  File "c:\users\wadhi\onedrive\documents\kuliah\magang\wisi-wise-web-odoo\addons\mail\tools\discuss.py", line 447, in _add_to_store
    store.add(self.records, self.fields, as_thread=self.as_thread, **self.kwargs)
  File "c:\users\wadhi\onedrive\documents\kuliah\magang\wisi-wise-web-odoo\addons\mail\tools\discuss.py", line 124, in add
    self.add_records_fields(records, fields)
  File "c:\users\wadhi\onedrive\documents\kuliah\magang\wisi-wise-web-odoo\addons\mail\tools\discuss.py", line 162, in add_records_fields
    for record, record_data_list in zip(records, self._get_records_data_list(records, fields)):
                                                 ^^^^^^^^^^^^^^^^^^^^^^^^^^^^^^^^^^^^^^^^^^^^
  File "c:\users\wadhi\onedrive\documents\kuliah\magang\wisi-wise-web-odoo\addons\mail\tools\discuss.py", line 268, in _get_records_data_list
    for data_dict in records._read_format(
                     ^^^^^^^^^^^^^^^^^^^^^
  File "C:\Users\wadhi\OneDrive\Documents\KULIAH\MAGANG\wisi-wise-web-odoo\odoo\orm\models.py", line 3747, in _read_format
    vals[name] = convert(record[name], record, use_display_name)
                         ~~~~~~^^^^^^
  File "C:\Users\wadhi\OneDrive\Documents\KULIAH\MAGANG\wisi-wise-web-odoo\odoo\orm\models.py", line 6686, in __getitem__
    return self._fields[key].__get__(self)
           ^^^^^^^^^^^^^^^^^^^^^^^^^^^^^^^
  File "C:\Users\wadhi\OneDrive\Documents\KULIAH\MAGANG\wisi-wise-web-odoo\odoo\orm\fields.py", line 1746, in __get__
    self.compute_value(recs)
  File "C:\Users\wadhi\OneDrive\Documents\KULIAH\MAGANG\wisi-wise-web-odoo\odoo\orm\fields.py", line 1917, in compute_value
    records._compute_field_value(self)
  File "c:\users\wadhi\onedrive\documents\kuliah\magang\wisi-wise-web-odoo\addons\mail\models\mail_thread.py", line 483, in _compute_field_value
    return super()._compute_field_value(field)
           ^^^^^^^^^^^^^^^^^^^^^^^^^^^^^^^^^^^
  File "C:\Users\wadhi\OneDrive\Documents\KULIAH\MAGANG\wisi-wise-web-odoo\odoo\orm\models.py", line 4952, in _compute_field_value
    determine(field.compute, self)
  File "C:\Users\wadhi\OneDrive\Documents\KULIAH\MAGANG\wisi-wise-web-odoo\odoo\orm\fields.py", line 81, in determine
    return needle(*args)
           ^^^^^^^^^^^^^
  File "c:\users\wadhi\onedrive\documents\kuliah\magang\wisi-wise-web-odoo\addons\hr_homeworking\models\res_partner.py", line 13, in _compute_im_status
    location_type = user[dayfield].location_type
                    ~~~~^^^^^^^^^^
  File "C:\Users\wadhi\OneDrive\Documents\KULIAH\MAGANG\wisi-wise-web-odoo\odoo\orm\models.py", line 6686, in __getitem__
    return self._fields[key].__get__(self)
           ^^^^^^^^^^^^^^^^^^^^^^^^^^^^^^^
  File "C:\Users\wadhi\OneDrive\Documents\KULIAH\MAGANG\wisi-wise-web-odoo\odoo\orm\fields_relational.py", line 45, in __get__
    return super().__get__(records, owner)
           ^^^^^^^^^^^^^^^^^^^^^^^^^^^^^^^
  File "C:\Users\wadhi\OneDrive\Documents\KULIAH\MAGANG\wisi-wise-web-odoo\odoo\orm\fields.py", line 1746, in __get__
    self.compute_value(recs)
  File "C:\Users\wadhi\OneDrive\Documents\KULIAH\MAGANG\wisi-wise-web-odoo\odoo\orm\fields.py", line 1917, in compute_value
    records._compute_field_value(self)
  File "C:\Users\wadhi\OneDrive\Documents\KULIAH\MAGANG\wisi-wise-web-odoo\odoo\orm\models.py", line 4952, in _compute_field_value
    determine(field.compute, self)
  File "C:\Users\wadhi\OneDrive\Documents\KULIAH\MAGANG\wisi-wise-web-odoo\odoo\orm\fields.py", line 84, in determine
    return needle(records, *args)
           ^^^^^^^^^^^^^^^^^^^^^^
  File "C:\Users\wadhi\OneDrive\Documents\KULIAH\MAGANG\wisi-wise-web-odoo\odoo\orm\fields.py", line 708, in _compute_related
    values = [next(iter(val := value[name]), val) for value in values]
                               ~~~~~^^^^^^
  File "C:\Users\wadhi\OneDrive\Documents\KULIAH\MAGANG\wisi-wise-web-odoo\odoo\orm\models.py", line 6686, in __getitem__
    return self._fields[key].__get__(self)
           ^^^^^^^^^^^^^^^^^^^^^^^^^^^^^^^
  File "C:\Users\wadhi\OneDrive\Documents\KULIAH\MAGANG\wisi-wise-web-odoo\odoo\orm\fields_relational.py", line 45, in __get__
    return super().__get__(records, owner)
           ^^^^^^^^^^^^^^^^^^^^^^^^^^^^^^^
  File "C:\Users\wadhi\OneDrive\Documents\KULIAH\MAGANG\wisi-wise-web-odoo\odoo\orm\fields.py", line 1746, in __get__
    self.compute_value(recs)
  File "C:\Users\wadhi\OneDrive\Documents\KULIAH\MAGANG\wisi-wise-web-odoo\odoo\orm\fields.py", line 1917, in compute_value
    records._compute_field_value(self)
  File "C:\Users\wadhi\OneDrive\Documents\KULIAH\MAGANG\wisi-wise-web-odoo\odoo\orm\models.py", line 4952, in _compute_field_value
    determine(field.compute, self)
  File "C:\Users\wadhi\OneDrive\Documents\KULIAH\MAGANG\wisi-wise-web-odoo\odoo\orm\fields.py", line 81, in determine
    return needle(*args)
           ^^^^^^^^^^^^^
  File "c:\users\wadhi\onedrive\documents\kuliah\magang\wisi-wise-web-odoo\addons\hr\models\res_users.py", line 268, in _compute_company_employee
    employee.user_id: employee
    ^^^^^^^^^^^^^^^^
  File "C:\Users\wadhi\OneDrive\Documents\KULIAH\MAGANG\wisi-wise-web-odoo\odoo\orm\fields_relational.py", line 45, in __get__
    return super().__get__(records, owner)
           ^^^^^^^^^^^^^^^^^^^^^^^^^^^^^^^
  File "C:\Users\wadhi\OneDrive\Documents\KULIAH\MAGANG\wisi-wise-web-odoo\odoo\orm\fields.py", line 1702, in __get__
    recs._fetch_field(self)
  File "C:\Users\wadhi\OneDrive\Documents\KULIAH\MAGANG\wisi-wise-web-odoo\odoo\orm\models.py", line 3772, in _fetch_field
    self.fetch(fnames)
  File "c:\users\wadhi\onedrive\documents\kuliah\magang\wisi-wise-web-odoo\addons\hr\models\hr_employee.py", line 1109, in fetch
    return super().fetch(field_names)
           ^^^^^^^^^^^^^^^^^^^^^^^^^^
  File "C:\Users\wadhi\OneDrive\Documents\KULIAH\MAGANG\wisi-wise-web-odoo\odoo\orm\models.py", line 3812, in fetch
    fetched = self._fetch_query(query, fields_to_fetch)
              ^^^^^^^^^^^^^^^^^^^^^^^^^^^^^^^^^^^^^^^^^
  File "C:\Users\wadhi\OneDrive\Documents\KULIAH\MAGANG\wisi-wise-web-odoo\odoo\orm\models.py", line 3917, in _fetch_query
    rows = self.env.execute_query(query.select(*sql_terms))
           ^^^^^^^^^^^^^^^^^^^^^^^^^^^^^^^^^^^^^^^^^^^^^^^^
  File "C:\Users\wadhi\OneDrive\Documents\KULIAH\MAGANG\wisi-wise-web-odoo\odoo\orm\environments.py", line 534, in execute_query
    self.cr.execute(query)
  File "C:\Users\wadhi\OneDrive\Documents\KULIAH\MAGANG\wisi-wise-web-odoo\odoo\sql_db.py", line 433, in execute
    self._obj.execute(query, params)
psycopg2.errors.UndefinedColumn: column hr_employee.nip does not exist
LINE 1: ...ocation_id", "hr_employee"."today_location_name", "hr_employ...
                                                             ^

2026-02-26 08:05:52,681 38208 INFO wsi_2026 werkzeug: 127.0.0.1 - - [26/Feb/2026 08:05:52] "GET /odoo/employees/1 HTTP/1.1" 500 - 74 0.129 1.775
2026-02-26 08:05:54,703 38208 INFO wsi_2026 werkzeug: 127.0.0.1 - - [26/Feb/2026 08:05:54] "GET /web/service-worker.js HTTP/1.1" 200 - 1 0.002 0.005
2026-02-26 08:06:05,907 38208 INFO ? odoo.service.server: Initiating shutdown 
2026-02-26 08:06:05,908 38208 INFO ? odoo.service.server: Hit CTRL-C again or send a second signal to force the shutdown. 
2026-02-26 08:06:07,010 38208 INFO ? odoo.service.server: cron0 max age (0s) reached, releasing connection. 
2026-02-26 08:06:07,012 38208 INFO ? odoo.sql_db: ConnectionPool(read/write;used=0/count=0/max=64): Closed 3 connections  
2026-02-26 08:06:07,027 38208 INFO ? odoo.service.server: cron1 max age (0s) reached, releasing connection. 
2026-02-26 08:06:13,367 38208 ERROR wsi_2026 odoo.sql_db: bad query: b'SELECT "hr_employee"."id", "hr_employee"."resource_id", "hr_employee"."company_id", "hr_employee"."message_main_attachment_id", "hr_employee"."current_version_id", "hr_employee"."name", "hr_employee"."user_id", "hr_employee"."active", "hr_employee"."work_phone", "hr_employee"."mobile_phone", "hr_employee"."work_email", "hr_employee"."work_contact_id", "hr_employee"."legal_name", "hr_employee"."private_phone", "hr_employee"."private_email", "hr_employee"."lang", "hr_employee"."place_of_birth", "hr_employee"."country_of_birth", "hr_employee"."birthday", "hr_employee"."birthday_public_display", "hr_employee"."salary_distribution", "hr_employee"."permit_no", "hr_employee"."visa_no", "hr_employee"."visa_expire", "hr_employee"."work_permit_expiration_date", "hr_employee"."work_permit_scheduled_activity", "hr_employee"."certificate", "hr_employee"."study_field", "hr_employee"."study_school", "hr_employee"."emergency_contact", "hr_employee"."emergency_phone", "hr_employee"."parent_id", "hr_employee"."coach_id", "hr_employee"."color", "hr_employee"."barcode", "hr_employee"."pin", "hr_employee"."private_car_plate", "hr_employee"."create_uid", "hr_employee"."create_date", "hr_employee"."write_uid", "hr_employee"."write_date", "hr_employee"."attendance_manager_id", "hr_employee"."last_attendance_id", "hr_employee"."last_check_in", "hr_employee"."last_check_out", "hr_employee"."leave_manager_id", "hr_employee"."monday_location_id", "hr_employee"."tuesday_location_id", "hr_employee"."wednesday_location_id", "hr_employee"."thursday_location_id", "hr_employee"."friday_location_id", "hr_employee"."saturday_location_id", "hr_employee"."sunday_location_id", "hr_employee"."today_location_name", "hr_employee"."nip", "hr_employee"."nomor_bpjs", "hr_employee"."akun_sosmed" FROM "hr_employee" WHERE "hr_employee"."id" IN (1)'
ERROR: column hr_employee.nip does not exist
LINE 1: ...ocation_id", "hr_employee"."today_location_name", "hr_employ...
                                                             ^
 
2026-02-26 08:06:13,368 38208 ERROR wsi_2026 odoo.http: Exception during request handling. 
Traceback (most recent call last):
  File "C:\Users\wadhi\OneDrive\Documents\KULIAH\MAGANG\wisi-wise-web-odoo\odoo\http.py", line 2800, in __call__
    response = request._serve_db()
               ^^^^^^^^^^^^^^^^^^^
  File "C:\Users\wadhi\OneDrive\Documents\KULIAH\MAGANG\wisi-wise-web-odoo\odoo\http.py", line 2275, in _serve_db
    raise self._update_served_exception(exc)
  File "C:\Users\wadhi\OneDrive\Documents\KULIAH\MAGANG\wisi-wise-web-odoo\odoo\http.py", line 2273, in _serve_db
    return service_model.retrying(serve_func, env=self.env)
           ^^^^^^^^^^^^^^^^^^^^^^^^^^^^^^^^^^^^^^^^^^^^^^^^
  File "C:\Users\wadhi\OneDrive\Documents\KULIAH\MAGANG\wisi-wise-web-odoo\odoo\service\model.py", line 185, in retrying
    result = func()
             ^^^^^^
  File "C:\Users\wadhi\OneDrive\Documents\KULIAH\MAGANG\wisi-wise-web-odoo\odoo\http.py", line 2328, in _serve_ir_http
    response = self.dispatcher.dispatch(rule.endpoint, args)
               ^^^^^^^^^^^^^^^^^^^^^^^^^^^^^^^^^^^^^^^^^^^^^
  File "C:\Users\wadhi\OneDrive\Documents\KULIAH\MAGANG\wisi-wise-web-odoo\odoo\http.py", line 2450, in dispatch
    return self.request.registry['ir.http']._dispatch(endpoint)
           ^^^^^^^^^^^^^^^^^^^^^^^^^^^^^^^^^^^^^^^^^^^^^^^^^^^^
  File "C:\Users\wadhi\OneDrive\Documents\KULIAH\MAGANG\wisi-wise-web-odoo\odoo\addons\base\models\ir_http.py", line 355, in _dispatch
    result = endpoint(**request.params)
             ^^^^^^^^^^^^^^^^^^^^^^^^^^
  File "C:\Users\wadhi\OneDrive\Documents\KULIAH\MAGANG\wisi-wise-web-odoo\odoo\http.py", line 788, in route_wrapper
    result = endpoint(self, *args, **params_ok)
             ^^^^^^^^^^^^^^^^^^^^^^^^^^^^^^^^^^
  File "c:\users\wadhi\onedrive\documents\kuliah\magang\wisi-wise-web-odoo\addons\portal\controllers\web.py", line 27, in web_client
    return super().web_client(s_action, **kw)
           ^^^^^^^^^^^^^^^^^^^^^^^^^^^^^^^^^^
  File "C:\Users\wadhi\OneDrive\Documents\KULIAH\MAGANG\wisi-wise-web-odoo\odoo\http.py", line 788, in route_wrapper
    result = endpoint(self, *args, **params_ok)
             ^^^^^^^^^^^^^^^^^^^^^^^^^^^^^^^^^^
  File "c:\users\wadhi\onedrive\documents\kuliah\magang\wisi-wise-web-odoo\addons\web\controllers\home.py", line 68, in web_client
    context = request.env['ir.http'].webclient_rendering_context()
              ^^^^^^^^^^^^^^^^^^^^^^^^^^^^^^^^^^^^^^^^^^^^^^^^^^^^
  File "c:\users\wadhi\onedrive\documents\kuliah\magang\wisi-wise-web-odoo\addons\web\models\ir_http.py", line 69, in webclient_rendering_context
    'session_info': self.session_info(),
                    ^^^^^^^^^^^^^^^^^^^
  File "c:\users\wadhi\onedrive\documents\kuliah\magang\wisi-wise-web-odoo\addons\partner_autocomplete\models\ir_http.py", line 12, in session_info
    session_info = super().session_info()
                   ^^^^^^^^^^^^^^^^^^^^^^
  File "c:\users\wadhi\onedrive\documents\kuliah\magang\wisi-wise-web-odoo\addons\mail\models\ir_http.py", line 22, in session_info
    ResUsers._init_store_data(store)
  File "c:\users\wadhi\onedrive\documents\kuliah\magang\wisi-wise-web-odoo\addons\mail\models\discuss\res_users.py", line 57, in _init_store_data
    super()._init_store_data(store)
  File "c:\users\wadhi\onedrive\documents\kuliah\magang\wisi-wise-web-odoo\addons\mail\models\res_users.py", line 398, in _init_store_data
    store.add_global_values(
  File "c:\users\wadhi\onedrive\documents\kuliah\magang\wisi-wise-web-odoo\addons\mail\tools\discuss.py", line 132, in add_global_values
    self.add_singleton_values("Store", values)
  File "c:\users\wadhi\onedrive\documents\kuliah\magang\wisi-wise-web-odoo\addons\mail\tools\discuss.py", line 181, in add_singleton_values
    self._add_values(values, model_name)
  File "c:\users\wadhi\onedrive\documents\kuliah\magang\wisi-wise-web-odoo\addons\mail\tools\discuss.py", line 232, in _add_values
    val._add_to_store(self, target, key)
  File "c:\users\wadhi\onedrive\documents\kuliah\magang\wisi-wise-web-odoo\addons\mail\tools\discuss.py", line 479, in _add_to_store
    super()._add_to_store(store, target, key)
  File "c:\users\wadhi\onedrive\documents\kuliah\magang\wisi-wise-web-odoo\addons\mail\tools\discuss.py", line 447, in _add_to_store
    store.add(self.records, self.fields, as_thread=self.as_thread, **self.kwargs)
  File "c:\users\wadhi\onedrive\documents\kuliah\magang\wisi-wise-web-odoo\addons\mail\tools\discuss.py", line 124, in add
    self.add_records_fields(records, fields)
  File "c:\users\wadhi\onedrive\documents\kuliah\magang\wisi-wise-web-odoo\addons\mail\tools\discuss.py", line 162, in add_records_fields
    for record, record_data_list in zip(records, self._get_records_data_list(records, fields)):
                                                 ^^^^^^^^^^^^^^^^^^^^^^^^^^^^^^^^^^^^^^^^^^^^
  File "c:\users\wadhi\onedrive\documents\kuliah\magang\wisi-wise-web-odoo\addons\mail\tools\discuss.py", line 268, in _get_records_data_list
    for data_dict in records._read_format(
                     ^^^^^^^^^^^^^^^^^^^^^
  File "C:\Users\wadhi\OneDrive\Documents\KULIAH\MAGANG\wisi-wise-web-odoo\odoo\orm\models.py", line 3747, in _read_format
    vals[name] = convert(record[name], record, use_display_name)
                         ~~~~~~^^^^^^
  File "C:\Users\wadhi\OneDrive\Documents\KULIAH\MAGANG\wisi-wise-web-odoo\odoo\orm\models.py", line 6686, in __getitem__
    return self._fields[key].__get__(self)
           ^^^^^^^^^^^^^^^^^^^^^^^^^^^^^^^
  File "C:\Users\wadhi\OneDrive\Documents\KULIAH\MAGANG\wisi-wise-web-odoo\odoo\orm\fields.py", line 1746, in __get__
    self.compute_value(recs)
  File "C:\Users\wadhi\OneDrive\Documents\KULIAH\MAGANG\wisi-wise-web-odoo\odoo\orm\fields.py", line 1917, in compute_value
    records._compute_field_value(self)
  File "c:\users\wadhi\onedrive\documents\kuliah\magang\wisi-wise-web-odoo\addons\mail\models\mail_thread.py", line 483, in _compute_field_value
    return super()._compute_field_value(field)
           ^^^^^^^^^^^^^^^^^^^^^^^^^^^^^^^^^^^
  File "C:\Users\wadhi\OneDrive\Documents\KULIAH\MAGANG\wisi-wise-web-odoo\odoo\orm\models.py", line 4952, in _compute_field_value
    determine(field.compute, self)
  File "C:\Users\wadhi\OneDrive\Documents\KULIAH\MAGANG\wisi-wise-web-odoo\odoo\orm\fields.py", line 81, in determine
    return needle(*args)
           ^^^^^^^^^^^^^
  File "c:\users\wadhi\onedrive\documents\kuliah\magang\wisi-wise-web-odoo\addons\hr_homeworking\models\res_partner.py", line 13, in _compute_im_status
    location_type = user[dayfield].location_type
                    ~~~~^^^^^^^^^^
  File "C:\Users\wadhi\OneDrive\Documents\KULIAH\MAGANG\wisi-wise-web-odoo\odoo\orm\models.py", line 6686, in __getitem__
    return self._fields[key].__get__(self)
           ^^^^^^^^^^^^^^^^^^^^^^^^^^^^^^^
  File "C:\Users\wadhi\OneDrive\Documents\KULIAH\MAGANG\wisi-wise-web-odoo\odoo\orm\fields_relational.py", line 45, in __get__
    return super().__get__(records, owner)
           ^^^^^^^^^^^^^^^^^^^^^^^^^^^^^^^
  File "C:\Users\wadhi\OneDrive\Documents\KULIAH\MAGANG\wisi-wise-web-odoo\odoo\orm\fields.py", line 1746, in __get__
    self.compute_value(recs)
  File "C:\Users\wadhi\OneDrive\Documents\KULIAH\MAGANG\wisi-wise-web-odoo\odoo\orm\fields.py", line 1917, in compute_value
    records._compute_field_value(self)
  File "C:\Users\wadhi\OneDrive\Documents\KULIAH\MAGANG\wisi-wise-web-odoo\odoo\orm\models.py", line 4952, in _compute_field_value
    determine(field.compute, self)
  File "C:\Users\wadhi\OneDrive\Documents\KULIAH\MAGANG\wisi-wise-web-odoo\odoo\orm\fields.py", line 84, in determine
    return needle(records, *args)
           ^^^^^^^^^^^^^^^^^^^^^^
  File "C:\Users\wadhi\OneDrive\Documents\KULIAH\MAGANG\wisi-wise-web-odoo\odoo\orm\fields.py", line 708, in _compute_related
    values = [next(iter(val := value[name]), val) for value in values]
                               ~~~~~^^^^^^
  File "C:\Users\wadhi\OneDrive\Documents\KULIAH\MAGANG\wisi-wise-web-odoo\odoo\orm\models.py", line 6686, in __getitem__
    return self._fields[key].__get__(self)
           ^^^^^^^^^^^^^^^^^^^^^^^^^^^^^^^
  File "C:\Users\wadhi\OneDrive\Documents\KULIAH\MAGANG\wisi-wise-web-odoo\odoo\orm\fields_relational.py", line 45, in __get__
    return super().__get__(records, owner)
           ^^^^^^^^^^^^^^^^^^^^^^^^^^^^^^^
  File "C:\Users\wadhi\OneDrive\Documents\KULIAH\MAGANG\wisi-wise-web-odoo\odoo\orm\fields.py", line 1746, in __get__
    self.compute_value(recs)
  File "C:\Users\wadhi\OneDrive\Documents\KULIAH\MAGANG\wisi-wise-web-odoo\odoo\orm\fields.py", line 1917, in compute_value
    records._compute_field_value(self)
  File "C:\Users\wadhi\OneDrive\Documents\KULIAH\MAGANG\wisi-wise-web-odoo\odoo\orm\models.py", line 4952, in _compute_field_value
    determine(field.compute, self)
  File "C:\Users\wadhi\OneDrive\Documents\KULIAH\MAGANG\wisi-wise-web-odoo\odoo\orm\fields.py", line 81, in determine
    return needle(*args)
           ^^^^^^^^^^^^^
  File "c:\users\wadhi\onedrive\documents\kuliah\magang\wisi-wise-web-odoo\addons\hr\models\res_users.py", line 268, in _compute_company_employee
    employee.user_id: employee
    ^^^^^^^^^^^^^^^^
  File "C:\Users\wadhi\OneDrive\Documents\KULIAH\MAGANG\wisi-wise-web-odoo\odoo\orm\fields_relational.py", line 45, in __get__
    return super().__get__(records, owner)
           ^^^^^^^^^^^^^^^^^^^^^^^^^^^^^^^
  File "C:\Users\wadhi\OneDrive\Documents\KULIAH\MAGANG\wisi-wise-web-odoo\odoo\orm\fields.py", line 1702, in __get__
    recs._fetch_field(self)
  File "C:\Users\wadhi\OneDrive\Documents\KULIAH\MAGANG\wisi-wise-web-odoo\odoo\orm\models.py", line 3772, in _fetch_field
    self.fetch(fnames)
  File "c:\users\wadhi\onedrive\documents\kuliah\magang\wisi-wise-web-odoo\addons\hr\models\hr_employee.py", line 1109, in fetch
    return super().fetch(field_names)
           ^^^^^^^^^^^^^^^^^^^^^^^^^^
  File "C:\Users\wadhi\OneDrive\Documents\KULIAH\MAGANG\wisi-wise-web-odoo\odoo\orm\models.py", line 3812, in fetch
    fetched = self._fetch_query(query, fields_to_fetch)
              ^^^^^^^^^^^^^^^^^^^^^^^^^^^^^^^^^^^^^^^^^
  File "C:\Users\wadhi\OneDrive\Documents\KULIAH\MAGANG\wisi-wise-web-odoo\odoo\orm\models.py", line 3917, in _fetch_query
    rows = self.env.execute_query(query.select(*sql_terms))
           ^^^^^^^^^^^^^^^^^^^^^^^^^^^^^^^^^^^^^^^^^^^^^^^^
  File "C:\Users\wadhi\OneDrive\Documents\KULIAH\MAGANG\wisi-wise-web-odoo\odoo\orm\environments.py", line 534, in execute_query
    self.cr.execute(query)
  File "C:\Users\wadhi\OneDrive\Documents\KULIAH\MAGANG\wisi-wise-web-odoo\odoo\sql_db.py", line 433, in execute
    self._obj.execute(query, params)
psycopg2.errors.UndefinedColumn: column hr_employee.nip does not exist
LINE 1: ...ocation_id", "hr_employee"."today_location_name", "hr_employ...
                                                             ^

2026-02-26 08:06:13,373 38208 INFO wsi_2026 werkzeug: 127.0.0.1 - - [26/Feb/2026 08:06:13] "GET /odoo/employees/1 HTTP/1.1" 500 - 22 0.024 0.040
2026-02-26 08:06:30,145 34860 WARNING ? odoo.tools.config: missing --http-interface/http_interface, using 0.0.0.0 by default, will change to 127.0.0.1 in 20.0 
2026-02-26 08:06:30,146 34860 INFO ? odoo: Odoo version 19.0 
2026-02-26 08:06:30,147 34860 INFO ? odoo: Using configuration file at c:\users\wadhi\onedrive\documents\kuliah\magang\wisi-wise-web-odoo\odoo.conf 
2026-02-26 08:06:30,147 34860 INFO ? odoo: addons paths: _NamespacePath(['C:\\Users\\wadhi\\OneDrive\\Documents\\KULIAH\\MAGANG\\wisi-wise-web-odoo\\odoo\\addons', 'C:\\Users\\wadhi\\AppData\\Local\\OpenERP S.A.\\Odoo\\addons\\19.0', 'c:\\users\\wadhi\\onedrive\\documents\\kuliah\\magang\\wisi-wise-web-odoo\\odoo\\addons', 'c:\\users\\wadhi\\onedrive\\documents\\kuliah\\magang\\wisi-wise-web-odoo\\addons', 'c:\\users\\wadhi\\onedrive\\documents\\kuliah\\magang\\wisi-wise-web-odoo\\custom_addons']) 
2026-02-26 08:06:30,147 34860 INFO ? odoo: database: odoo@localhost:5434 
2026-02-26 08:06:30,875 34860 WARNING ? odoo.service.server: 'watchdog' module not installed. Code autoreload feature is disabled 
2026-02-26 08:06:30,883 34860 INFO ? odoo.service.server: HTTP service (werkzeug) running on LAPTOP-B7F6P6QO:8069 
2026-02-26 08:06:34,629 34860 INFO ? odoo.modules.loading: loading 1 modules... 
2026-02-26 08:06:34,637 34860 INFO ? odoo.modules.loading: 1 modules loaded in 0.01s, 0 queries (+0 extra) 
2026-02-26 08:06:34,671 34860 WARNING ? odoo.modules.module: Missing `license` key in manifest for 'wsi_hr_employee', defaulting to LGPL-3 
2026-02-26 08:06:34,682 34860 INFO ? odoo.modules.loading: loading 51 modules... 
2026-02-26 08:06:36,006 34860 INFO ? odoo.modules.loading: 51 modules loaded in 1.32s, 0 queries (+0 extra) 
2026-02-26 08:06:36,198 34860 INFO ? odoo.modules.loading: Modules loaded. 
2026-02-26 08:06:36,240 34860 INFO ? odoo.registry: Registry loaded in 1.683s 
2026-02-26 08:06:36,245 34860 INFO wsi_2026 odoo.addons.base.models.ir_http: Generating routing map for key None 
2026-02-26 08:06:36,431 34860 ERROR wsi_2026 odoo.sql_db: bad query: b'SELECT "hr_employee"."id", "hr_employee"."resource_id", "hr_employee"."company_id", "hr_employee"."message_main_attachment_id", "hr_employee"."current_version_id", "hr_employee"."name", "hr_employee"."user_id", "hr_employee"."active", "hr_employee"."work_phone", "hr_employee"."mobile_phone", "hr_employee"."work_email", "hr_employee"."work_contact_id", "hr_employee"."legal_name", "hr_employee"."private_phone", "hr_employee"."private_email", "hr_employee"."lang", "hr_employee"."place_of_birth", "hr_employee"."country_of_birth", "hr_employee"."birthday", "hr_employee"."birthday_public_display", "hr_employee"."salary_distribution", "hr_employee"."permit_no", "hr_employee"."visa_no", "hr_employee"."visa_expire", "hr_employee"."work_permit_expiration_date", "hr_employee"."work_permit_scheduled_activity", "hr_employee"."certificate", "hr_employee"."study_field", "hr_employee"."study_school", "hr_employee"."emergency_contact", "hr_employee"."emergency_phone", "hr_employee"."parent_id", "hr_employee"."coach_id", "hr_employee"."color", "hr_employee"."barcode", "hr_employee"."pin", "hr_employee"."private_car_plate", "hr_employee"."create_uid", "hr_employee"."create_date", "hr_employee"."write_uid", "hr_employee"."write_date", "hr_employee"."attendance_manager_id", "hr_employee"."last_attendance_id", "hr_employee"."last_check_in", "hr_employee"."last_check_out", "hr_employee"."leave_manager_id", "hr_employee"."monday_location_id", "hr_employee"."tuesday_location_id", "hr_employee"."wednesday_location_id", "hr_employee"."thursday_location_id", "hr_employee"."friday_location_id", "hr_employee"."saturday_location_id", "hr_employee"."sunday_location_id", "hr_employee"."today_location_name", "hr_employee"."nip", "hr_employee"."nomor_bpjs", "hr_employee"."akun_sosmed" FROM "hr_employee" WHERE "hr_employee"."id" IN (1)'
ERROR: column hr_employee.nip does not exist
LINE 1: ...ocation_id", "hr_employee"."today_location_name", "hr_employ...
                                                             ^
 
2026-02-26 08:06:36,434 34860 ERROR wsi_2026 odoo.http: Exception during request handling. 
Traceback (most recent call last):
  File "C:\Users\wadhi\OneDrive\Documents\KULIAH\MAGANG\wisi-wise-web-odoo\odoo\http.py", line 2800, in __call__
    response = request._serve_db()
               ^^^^^^^^^^^^^^^^^^^
  File "C:\Users\wadhi\OneDrive\Documents\KULIAH\MAGANG\wisi-wise-web-odoo\odoo\http.py", line 2275, in _serve_db
    raise self._update_served_exception(exc)
  File "C:\Users\wadhi\OneDrive\Documents\KULIAH\MAGANG\wisi-wise-web-odoo\odoo\http.py", line 2273, in _serve_db
    return service_model.retrying(serve_func, env=self.env)
           ^^^^^^^^^^^^^^^^^^^^^^^^^^^^^^^^^^^^^^^^^^^^^^^^
  File "C:\Users\wadhi\OneDrive\Documents\KULIAH\MAGANG\wisi-wise-web-odoo\odoo\service\model.py", line 185, in retrying
    result = func()
             ^^^^^^
  File "C:\Users\wadhi\OneDrive\Documents\KULIAH\MAGANG\wisi-wise-web-odoo\odoo\http.py", line 2328, in _serve_ir_http
    response = self.dispatcher.dispatch(rule.endpoint, args)
               ^^^^^^^^^^^^^^^^^^^^^^^^^^^^^^^^^^^^^^^^^^^^^
  File "C:\Users\wadhi\OneDrive\Documents\KULIAH\MAGANG\wisi-wise-web-odoo\odoo\http.py", line 2450, in dispatch
    return self.request.registry['ir.http']._dispatch(endpoint)
           ^^^^^^^^^^^^^^^^^^^^^^^^^^^^^^^^^^^^^^^^^^^^^^^^^^^^
  File "C:\Users\wadhi\OneDrive\Documents\KULIAH\MAGANG\wisi-wise-web-odoo\odoo\addons\base\models\ir_http.py", line 355, in _dispatch
    result = endpoint(**request.params)
             ^^^^^^^^^^^^^^^^^^^^^^^^^^
  File "C:\Users\wadhi\OneDrive\Documents\KULIAH\MAGANG\wisi-wise-web-odoo\odoo\http.py", line 788, in route_wrapper
    result = endpoint(self, *args, **params_ok)
             ^^^^^^^^^^^^^^^^^^^^^^^^^^^^^^^^^^
  File "c:\users\wadhi\onedrive\documents\kuliah\magang\wisi-wise-web-odoo\addons\portal\controllers\web.py", line 27, in web_client
    return super().web_client(s_action, **kw)
           ^^^^^^^^^^^^^^^^^^^^^^^^^^^^^^^^^^
  File "C:\Users\wadhi\OneDrive\Documents\KULIAH\MAGANG\wisi-wise-web-odoo\odoo\http.py", line 788, in route_wrapper
    result = endpoint(self, *args, **params_ok)
             ^^^^^^^^^^^^^^^^^^^^^^^^^^^^^^^^^^
  File "c:\users\wadhi\onedrive\documents\kuliah\magang\wisi-wise-web-odoo\addons\web\controllers\home.py", line 68, in web_client
    context = request.env['ir.http'].webclient_rendering_context()
              ^^^^^^^^^^^^^^^^^^^^^^^^^^^^^^^^^^^^^^^^^^^^^^^^^^^^
  File "c:\users\wadhi\onedrive\documents\kuliah\magang\wisi-wise-web-odoo\addons\web\models\ir_http.py", line 69, in webclient_rendering_context
    'session_info': self.session_info(),
                    ^^^^^^^^^^^^^^^^^^^
  File "c:\users\wadhi\onedrive\documents\kuliah\magang\wisi-wise-web-odoo\addons\partner_autocomplete\models\ir_http.py", line 12, in session_info
    session_info = super().session_info()
                   ^^^^^^^^^^^^^^^^^^^^^^
  File "c:\users\wadhi\onedrive\documents\kuliah\magang\wisi-wise-web-odoo\addons\mail\models\ir_http.py", line 22, in session_info
    ResUsers._init_store_data(store)
  File "c:\users\wadhi\onedrive\documents\kuliah\magang\wisi-wise-web-odoo\addons\mail\models\discuss\res_users.py", line 57, in _init_store_data
    super()._init_store_data(store)
  File "c:\users\wadhi\onedrive\documents\kuliah\magang\wisi-wise-web-odoo\addons\mail\models\res_users.py", line 398, in _init_store_data
    store.add_global_values(
  File "c:\users\wadhi\onedrive\documents\kuliah\magang\wisi-wise-web-odoo\addons\mail\tools\discuss.py", line 132, in add_global_values
    self.add_singleton_values("Store", values)
  File "c:\users\wadhi\onedrive\documents\kuliah\magang\wisi-wise-web-odoo\addons\mail\tools\discuss.py", line 181, in add_singleton_values
    self._add_values(values, model_name)
  File "c:\users\wadhi\onedrive\documents\kuliah\magang\wisi-wise-web-odoo\addons\mail\tools\discuss.py", line 232, in _add_values
    val._add_to_store(self, target, key)
  File "c:\users\wadhi\onedrive\documents\kuliah\magang\wisi-wise-web-odoo\addons\mail\tools\discuss.py", line 479, in _add_to_store
    super()._add_to_store(store, target, key)
  File "c:\users\wadhi\onedrive\documents\kuliah\magang\wisi-wise-web-odoo\addons\mail\tools\discuss.py", line 447, in _add_to_store
    store.add(self.records, self.fields, as_thread=self.as_thread, **self.kwargs)
  File "c:\users\wadhi\onedrive\documents\kuliah\magang\wisi-wise-web-odoo\addons\mail\tools\discuss.py", line 124, in add
    self.add_records_fields(records, fields)
  File "c:\users\wadhi\onedrive\documents\kuliah\magang\wisi-wise-web-odoo\addons\mail\tools\discuss.py", line 162, in add_records_fields
    for record, record_data_list in zip(records, self._get_records_data_list(records, fields)):
                                                 ^^^^^^^^^^^^^^^^^^^^^^^^^^^^^^^^^^^^^^^^^^^^
  File "c:\users\wadhi\onedrive\documents\kuliah\magang\wisi-wise-web-odoo\addons\mail\tools\discuss.py", line 268, in _get_records_data_list
    for data_dict in records._read_format(
                     ^^^^^^^^^^^^^^^^^^^^^
  File "C:\Users\wadhi\OneDrive\Documents\KULIAH\MAGANG\wisi-wise-web-odoo\odoo\orm\models.py", line 3747, in _read_format
    vals[name] = convert(record[name], record, use_display_name)
                         ~~~~~~^^^^^^
  File "C:\Users\wadhi\OneDrive\Documents\KULIAH\MAGANG\wisi-wise-web-odoo\odoo\orm\models.py", line 6686, in __getitem__
    return self._fields[key].__get__(self)
           ^^^^^^^^^^^^^^^^^^^^^^^^^^^^^^^
  File "C:\Users\wadhi\OneDrive\Documents\KULIAH\MAGANG\wisi-wise-web-odoo\odoo\orm\fields.py", line 1746, in __get__
    self.compute_value(recs)
  File "C:\Users\wadhi\OneDrive\Documents\KULIAH\MAGANG\wisi-wise-web-odoo\odoo\orm\fields.py", line 1917, in compute_value
    records._compute_field_value(self)
  File "c:\users\wadhi\onedrive\documents\kuliah\magang\wisi-wise-web-odoo\addons\mail\models\mail_thread.py", line 483, in _compute_field_value
    return super()._compute_field_value(field)
           ^^^^^^^^^^^^^^^^^^^^^^^^^^^^^^^^^^^
  File "C:\Users\wadhi\OneDrive\Documents\KULIAH\MAGANG\wisi-wise-web-odoo\odoo\orm\models.py", line 4952, in _compute_field_value
    determine(field.compute, self)
  File "C:\Users\wadhi\OneDrive\Documents\KULIAH\MAGANG\wisi-wise-web-odoo\odoo\orm\fields.py", line 81, in determine
    return needle(*args)
           ^^^^^^^^^^^^^
  File "c:\users\wadhi\onedrive\documents\kuliah\magang\wisi-wise-web-odoo\addons\hr_homeworking\models\res_partner.py", line 13, in _compute_im_status
    location_type = user[dayfield].location_type
                    ~~~~^^^^^^^^^^
  File "C:\Users\wadhi\OneDrive\Documents\KULIAH\MAGANG\wisi-wise-web-odoo\odoo\orm\models.py", line 6686, in __getitem__
    return self._fields[key].__get__(self)
           ^^^^^^^^^^^^^^^^^^^^^^^^^^^^^^^
  File "C:\Users\wadhi\OneDrive\Documents\KULIAH\MAGANG\wisi-wise-web-odoo\odoo\orm\fields_relational.py", line 45, in __get__
    return super().__get__(records, owner)
           ^^^^^^^^^^^^^^^^^^^^^^^^^^^^^^^
  File "C:\Users\wadhi\OneDrive\Documents\KULIAH\MAGANG\wisi-wise-web-odoo\odoo\orm\fields.py", line 1746, in __get__
    self.compute_value(recs)
  File "C:\Users\wadhi\OneDrive\Documents\KULIAH\MAGANG\wisi-wise-web-odoo\odoo\orm\fields.py", line 1917, in compute_value
    records._compute_field_value(self)
  File "C:\Users\wadhi\OneDrive\Documents\KULIAH\MAGANG\wisi-wise-web-odoo\odoo\orm\models.py", line 4952, in _compute_field_value
    determine(field.compute, self)
  File "C:\Users\wadhi\OneDrive\Documents\KULIAH\MAGANG\wisi-wise-web-odoo\odoo\orm\fields.py", line 84, in determine
    return needle(records, *args)
           ^^^^^^^^^^^^^^^^^^^^^^
  File "C:\Users\wadhi\OneDrive\Documents\KULIAH\MAGANG\wisi-wise-web-odoo\odoo\orm\fields.py", line 708, in _compute_related
    values = [next(iter(val := value[name]), val) for value in values]
                               ~~~~~^^^^^^
  File "C:\Users\wadhi\OneDrive\Documents\KULIAH\MAGANG\wisi-wise-web-odoo\odoo\orm\models.py", line 6686, in __getitem__
    return self._fields[key].__get__(self)
           ^^^^^^^^^^^^^^^^^^^^^^^^^^^^^^^
  File "C:\Users\wadhi\OneDrive\Documents\KULIAH\MAGANG\wisi-wise-web-odoo\odoo\orm\fields_relational.py", line 45, in __get__
    return super().__get__(records, owner)
           ^^^^^^^^^^^^^^^^^^^^^^^^^^^^^^^
  File "C:\Users\wadhi\OneDrive\Documents\KULIAH\MAGANG\wisi-wise-web-odoo\odoo\orm\fields.py", line 1746, in __get__
    self.compute_value(recs)
  File "C:\Users\wadhi\OneDrive\Documents\KULIAH\MAGANG\wisi-wise-web-odoo\odoo\orm\fields.py", line 1917, in compute_value
    records._compute_field_value(self)
  File "C:\Users\wadhi\OneDrive\Documents\KULIAH\MAGANG\wisi-wise-web-odoo\odoo\orm\models.py", line 4952, in _compute_field_value
    determine(field.compute, self)
  File "C:\Users\wadhi\OneDrive\Documents\KULIAH\MAGANG\wisi-wise-web-odoo\odoo\orm\fields.py", line 81, in determine
    return needle(*args)
           ^^^^^^^^^^^^^
  File "c:\users\wadhi\onedrive\documents\kuliah\magang\wisi-wise-web-odoo\addons\hr\models\res_users.py", line 268, in _compute_company_employee
    employee.user_id: employee
    ^^^^^^^^^^^^^^^^
  File "C:\Users\wadhi\OneDrive\Documents\KULIAH\MAGANG\wisi-wise-web-odoo\odoo\orm\fields_relational.py", line 45, in __get__
    return super().__get__(records, owner)
           ^^^^^^^^^^^^^^^^^^^^^^^^^^^^^^^
  File "C:\Users\wadhi\OneDrive\Documents\KULIAH\MAGANG\wisi-wise-web-odoo\odoo\orm\fields.py", line 1702, in __get__
    recs._fetch_field(self)
  File "C:\Users\wadhi\OneDrive\Documents\KULIAH\MAGANG\wisi-wise-web-odoo\odoo\orm\models.py", line 3772, in _fetch_field
    self.fetch(fnames)
  File "c:\users\wadhi\onedrive\documents\kuliah\magang\wisi-wise-web-odoo\addons\hr\models\hr_employee.py", line 1109, in fetch
    return super().fetch(field_names)
           ^^^^^^^^^^^^^^^^^^^^^^^^^^
  File "C:\Users\wadhi\OneDrive\Documents\KULIAH\MAGANG\wisi-wise-web-odoo\odoo\orm\models.py", line 3812, in fetch
    fetched = self._fetch_query(query, fields_to_fetch)
              ^^^^^^^^^^^^^^^^^^^^^^^^^^^^^^^^^^^^^^^^^
  File "C:\Users\wadhi\OneDrive\Documents\KULIAH\MAGANG\wisi-wise-web-odoo\odoo\orm\models.py", line 3917, in _fetch_query
    rows = self.env.execute_query(query.select(*sql_terms))
           ^^^^^^^^^^^^^^^^^^^^^^^^^^^^^^^^^^^^^^^^^^^^^^^^
  File "C:\Users\wadhi\OneDrive\Documents\KULIAH\MAGANG\wisi-wise-web-odoo\odoo\orm\environments.py", line 534, in execute_query
    self.cr.execute(query)
  File "C:\Users\wadhi\OneDrive\Documents\KULIAH\MAGANG\wisi-wise-web-odoo\odoo\sql_db.py", line 433, in execute
    self._obj.execute(query, params)
psycopg2.errors.UndefinedColumn: column hr_employee.nip does not exist
LINE 1: ...ocation_id", "hr_employee"."today_location_name", "hr_employ...
                                                             ^

2026-02-26 08:06:36,460 34860 INFO wsi_2026 werkzeug: 127.0.0.1 - - [26/Feb/2026 08:06:36] "GET /odoo/employees/1 HTTP/1.1" 500 - 74 0.139 1.766
2026-02-26 08:06:38,498 34860 INFO wsi_2026 werkzeug: 127.0.0.1 - - [26/Feb/2026 08:06:38] "GET /web/service-worker.js HTTP/1.1" 200 - 1 0.004 0.006
2026-02-26 08:06:40,842 34860 INFO ? odoo.service.server: Initiating shutdown 
2026-02-26 08:06:40,842 34860 INFO ? odoo.service.server: Hit CTRL-C again or send a second signal to force the shutdown. 
2026-02-26 08:06:41,914 34860 INFO ? odoo.service.server: cron0 max age (0s) reached, releasing connection. 
2026-02-26 08:06:41,915 34860 INFO ? odoo.sql_db: ConnectionPool(read/write;used=0/count=0/max=64): Closed 3 connections  
2026-02-26 08:06:41,927 34860 INFO ? odoo.service.server: cron1 max age (0s) reached, releasing connection. 
2026-02-26 08:07:03,664 34860 ERROR wsi_2026 odoo.sql_db: bad query: b'SELECT "hr_employee"."id", "hr_employee"."resource_id", "hr_employee"."company_id", "hr_employee"."message_main_attachment_id", "hr_employee"."current_version_id", "hr_employee"."name", "hr_employee"."user_id", "hr_employee"."active", "hr_employee"."work_phone", "hr_employee"."mobile_phone", "hr_employee"."work_email", "hr_employee"."work_contact_id", "hr_employee"."legal_name", "hr_employee"."private_phone", "hr_employee"."private_email", "hr_employee"."lang", "hr_employee"."place_of_birth", "hr_employee"."country_of_birth", "hr_employee"."birthday", "hr_employee"."birthday_public_display", "hr_employee"."salary_distribution", "hr_employee"."permit_no", "hr_employee"."visa_no", "hr_employee"."visa_expire", "hr_employee"."work_permit_expiration_date", "hr_employee"."work_permit_scheduled_activity", "hr_employee"."certificate", "hr_employee"."study_field", "hr_employee"."study_school", "hr_employee"."emergency_contact", "hr_employee"."emergency_phone", "hr_employee"."parent_id", "hr_employee"."coach_id", "hr_employee"."color", "hr_employee"."barcode", "hr_employee"."pin", "hr_employee"."private_car_plate", "hr_employee"."create_uid", "hr_employee"."create_date", "hr_employee"."write_uid", "hr_employee"."write_date", "hr_employee"."attendance_manager_id", "hr_employee"."last_attendance_id", "hr_employee"."last_check_in", "hr_employee"."last_check_out", "hr_employee"."leave_manager_id", "hr_employee"."monday_location_id", "hr_employee"."tuesday_location_id", "hr_employee"."wednesday_location_id", "hr_employee"."thursday_location_id", "hr_employee"."friday_location_id", "hr_employee"."saturday_location_id", "hr_employee"."sunday_location_id", "hr_employee"."today_location_name", "hr_employee"."nip", "hr_employee"."nomor_bpjs", "hr_employee"."akun_sosmed" FROM "hr_employee" WHERE "hr_employee"."id" IN (1)'
ERROR: column hr_employee.nip does not exist
LINE 1: ...ocation_id", "hr_employee"."today_location_name", "hr_employ...
                                                             ^
 
2026-02-26 08:07:03,665 34860 ERROR wsi_2026 odoo.http: Exception during request handling. 
Traceback (most recent call last):
  File "C:\Users\wadhi\OneDrive\Documents\KULIAH\MAGANG\wisi-wise-web-odoo\odoo\http.py", line 2800, in __call__
    response = request._serve_db()
               ^^^^^^^^^^^^^^^^^^^
  File "C:\Users\wadhi\OneDrive\Documents\KULIAH\MAGANG\wisi-wise-web-odoo\odoo\http.py", line 2275, in _serve_db
    raise self._update_served_exception(exc)
  File "C:\Users\wadhi\OneDrive\Documents\KULIAH\MAGANG\wisi-wise-web-odoo\odoo\http.py", line 2273, in _serve_db
    return service_model.retrying(serve_func, env=self.env)
           ^^^^^^^^^^^^^^^^^^^^^^^^^^^^^^^^^^^^^^^^^^^^^^^^
  File "C:\Users\wadhi\OneDrive\Documents\KULIAH\MAGANG\wisi-wise-web-odoo\odoo\service\model.py", line 185, in retrying
    result = func()
             ^^^^^^
  File "C:\Users\wadhi\OneDrive\Documents\KULIAH\MAGANG\wisi-wise-web-odoo\odoo\http.py", line 2328, in _serve_ir_http
    response = self.dispatcher.dispatch(rule.endpoint, args)
               ^^^^^^^^^^^^^^^^^^^^^^^^^^^^^^^^^^^^^^^^^^^^^
  File "C:\Users\wadhi\OneDrive\Documents\KULIAH\MAGANG\wisi-wise-web-odoo\odoo\http.py", line 2450, in dispatch
    return self.request.registry['ir.http']._dispatch(endpoint)
           ^^^^^^^^^^^^^^^^^^^^^^^^^^^^^^^^^^^^^^^^^^^^^^^^^^^^
  File "C:\Users\wadhi\OneDrive\Documents\KULIAH\MAGANG\wisi-wise-web-odoo\odoo\addons\base\models\ir_http.py", line 355, in _dispatch
    result = endpoint(**request.params)
             ^^^^^^^^^^^^^^^^^^^^^^^^^^
  File "C:\Users\wadhi\OneDrive\Documents\KULIAH\MAGANG\wisi-wise-web-odoo\odoo\http.py", line 788, in route_wrapper
    result = endpoint(self, *args, **params_ok)
             ^^^^^^^^^^^^^^^^^^^^^^^^^^^^^^^^^^
  File "c:\users\wadhi\onedrive\documents\kuliah\magang\wisi-wise-web-odoo\addons\portal\controllers\web.py", line 27, in web_client
    return super().web_client(s_action, **kw)
           ^^^^^^^^^^^^^^^^^^^^^^^^^^^^^^^^^^
  File "C:\Users\wadhi\OneDrive\Documents\KULIAH\MAGANG\wisi-wise-web-odoo\odoo\http.py", line 788, in route_wrapper
    result = endpoint(self, *args, **params_ok)
             ^^^^^^^^^^^^^^^^^^^^^^^^^^^^^^^^^^
  File "c:\users\wadhi\onedrive\documents\kuliah\magang\wisi-wise-web-odoo\addons\web\controllers\home.py", line 68, in web_client
    context = request.env['ir.http'].webclient_rendering_context()
              ^^^^^^^^^^^^^^^^^^^^^^^^^^^^^^^^^^^^^^^^^^^^^^^^^^^^
  File "c:\users\wadhi\onedrive\documents\kuliah\magang\wisi-wise-web-odoo\addons\web\models\ir_http.py", line 69, in webclient_rendering_context
    'session_info': self.session_info(),
                    ^^^^^^^^^^^^^^^^^^^
  File "c:\users\wadhi\onedrive\documents\kuliah\magang\wisi-wise-web-odoo\addons\partner_autocomplete\models\ir_http.py", line 12, in session_info
    session_info = super().session_info()
                   ^^^^^^^^^^^^^^^^^^^^^^
  File "c:\users\wadhi\onedrive\documents\kuliah\magang\wisi-wise-web-odoo\addons\mail\models\ir_http.py", line 22, in session_info
    ResUsers._init_store_data(store)
  File "c:\users\wadhi\onedrive\documents\kuliah\magang\wisi-wise-web-odoo\addons\mail\models\discuss\res_users.py", line 57, in _init_store_data
    super()._init_store_data(store)
  File "c:\users\wadhi\onedrive\documents\kuliah\magang\wisi-wise-web-odoo\addons\mail\models\res_users.py", line 398, in _init_store_data
    store.add_global_values(
  File "c:\users\wadhi\onedrive\documents\kuliah\magang\wisi-wise-web-odoo\addons\mail\tools\discuss.py", line 132, in add_global_values
    self.add_singleton_values("Store", values)
  File "c:\users\wadhi\onedrive\documents\kuliah\magang\wisi-wise-web-odoo\addons\mail\tools\discuss.py", line 181, in add_singleton_values
    self._add_values(values, model_name)
  File "c:\users\wadhi\onedrive\documents\kuliah\magang\wisi-wise-web-odoo\addons\mail\tools\discuss.py", line 232, in _add_values
    val._add_to_store(self, target, key)
  File "c:\users\wadhi\onedrive\documents\kuliah\magang\wisi-wise-web-odoo\addons\mail\tools\discuss.py", line 479, in _add_to_store
    super()._add_to_store(store, target, key)
  File "c:\users\wadhi\onedrive\documents\kuliah\magang\wisi-wise-web-odoo\addons\mail\tools\discuss.py", line 447, in _add_to_store
    store.add(self.records, self.fields, as_thread=self.as_thread, **self.kwargs)
  File "c:\users\wadhi\onedrive\documents\kuliah\magang\wisi-wise-web-odoo\addons\mail\tools\discuss.py", line 124, in add
    self.add_records_fields(records, fields)
  File "c:\users\wadhi\onedrive\documents\kuliah\magang\wisi-wise-web-odoo\addons\mail\tools\discuss.py", line 162, in add_records_fields
    for record, record_data_list in zip(records, self._get_records_data_list(records, fields)):
                                                 ^^^^^^^^^^^^^^^^^^^^^^^^^^^^^^^^^^^^^^^^^^^^
  File "c:\users\wadhi\onedrive\documents\kuliah\magang\wisi-wise-web-odoo\addons\mail\tools\discuss.py", line 268, in _get_records_data_list
    for data_dict in records._read_format(
                     ^^^^^^^^^^^^^^^^^^^^^
  File "C:\Users\wadhi\OneDrive\Documents\KULIAH\MAGANG\wisi-wise-web-odoo\odoo\orm\models.py", line 3747, in _read_format
    vals[name] = convert(record[name], record, use_display_name)
                         ~~~~~~^^^^^^
  File "C:\Users\wadhi\OneDrive\Documents\KULIAH\MAGANG\wisi-wise-web-odoo\odoo\orm\models.py", line 6686, in __getitem__
    return self._fields[key].__get__(self)
           ^^^^^^^^^^^^^^^^^^^^^^^^^^^^^^^
  File "C:\Users\wadhi\OneDrive\Documents\KULIAH\MAGANG\wisi-wise-web-odoo\odoo\orm\fields.py", line 1746, in __get__
    self.compute_value(recs)
  File "C:\Users\wadhi\OneDrive\Documents\KULIAH\MAGANG\wisi-wise-web-odoo\odoo\orm\fields.py", line 1917, in compute_value
    records._compute_field_value(self)
  File "c:\users\wadhi\onedrive\documents\kuliah\magang\wisi-wise-web-odoo\addons\mail\models\mail_thread.py", line 483, in _compute_field_value
    return super()._compute_field_value(field)
           ^^^^^^^^^^^^^^^^^^^^^^^^^^^^^^^^^^^
  File "C:\Users\wadhi\OneDrive\Documents\KULIAH\MAGANG\wisi-wise-web-odoo\odoo\orm\models.py", line 4952, in _compute_field_value
    determine(field.compute, self)
  File "C:\Users\wadhi\OneDrive\Documents\KULIAH\MAGANG\wisi-wise-web-odoo\odoo\orm\fields.py", line 81, in determine
    return needle(*args)
           ^^^^^^^^^^^^^
  File "c:\users\wadhi\onedrive\documents\kuliah\magang\wisi-wise-web-odoo\addons\hr_homeworking\models\res_partner.py", line 13, in _compute_im_status
    location_type = user[dayfield].location_type
                    ~~~~^^^^^^^^^^
  File "C:\Users\wadhi\OneDrive\Documents\KULIAH\MAGANG\wisi-wise-web-odoo\odoo\orm\models.py", line 6686, in __getitem__
    return self._fields[key].__get__(self)
           ^^^^^^^^^^^^^^^^^^^^^^^^^^^^^^^
  File "C:\Users\wadhi\OneDrive\Documents\KULIAH\MAGANG\wisi-wise-web-odoo\odoo\orm\fields_relational.py", line 45, in __get__
    return super().__get__(records, owner)
           ^^^^^^^^^^^^^^^^^^^^^^^^^^^^^^^
  File "C:\Users\wadhi\OneDrive\Documents\KULIAH\MAGANG\wisi-wise-web-odoo\odoo\orm\fields.py", line 1746, in __get__
    self.compute_value(recs)
  File "C:\Users\wadhi\OneDrive\Documents\KULIAH\MAGANG\wisi-wise-web-odoo\odoo\orm\fields.py", line 1917, in compute_value
    records._compute_field_value(self)
  File "C:\Users\wadhi\OneDrive\Documents\KULIAH\MAGANG\wisi-wise-web-odoo\odoo\orm\models.py", line 4952, in _compute_field_value
    determine(field.compute, self)
  File "C:\Users\wadhi\OneDrive\Documents\KULIAH\MAGANG\wisi-wise-web-odoo\odoo\orm\fields.py", line 84, in determine
    return needle(records, *args)
           ^^^^^^^^^^^^^^^^^^^^^^
  File "C:\Users\wadhi\OneDrive\Documents\KULIAH\MAGANG\wisi-wise-web-odoo\odoo\orm\fields.py", line 708, in _compute_related
    values = [next(iter(val := value[name]), val) for value in values]
                               ~~~~~^^^^^^
  File "C:\Users\wadhi\OneDrive\Documents\KULIAH\MAGANG\wisi-wise-web-odoo\odoo\orm\models.py", line 6686, in __getitem__
    return self._fields[key].__get__(self)
           ^^^^^^^^^^^^^^^^^^^^^^^^^^^^^^^
  File "C:\Users\wadhi\OneDrive\Documents\KULIAH\MAGANG\wisi-wise-web-odoo\odoo\orm\fields_relational.py", line 45, in __get__
    return super().__get__(records, owner)
           ^^^^^^^^^^^^^^^^^^^^^^^^^^^^^^^
  File "C:\Users\wadhi\OneDrive\Documents\KULIAH\MAGANG\wisi-wise-web-odoo\odoo\orm\fields.py", line 1746, in __get__
    self.compute_value(recs)
  File "C:\Users\wadhi\OneDrive\Documents\KULIAH\MAGANG\wisi-wise-web-odoo\odoo\orm\fields.py", line 1917, in compute_value
    records._compute_field_value(self)
  File "C:\Users\wadhi\OneDrive\Documents\KULIAH\MAGANG\wisi-wise-web-odoo\odoo\orm\models.py", line 4952, in _compute_field_value
    determine(field.compute, self)
  File "C:\Users\wadhi\OneDrive\Documents\KULIAH\MAGANG\wisi-wise-web-odoo\odoo\orm\fields.py", line 81, in determine
    return needle(*args)
           ^^^^^^^^^^^^^
  File "c:\users\wadhi\onedrive\documents\kuliah\magang\wisi-wise-web-odoo\addons\hr\models\res_users.py", line 268, in _compute_company_employee
    employee.user_id: employee
    ^^^^^^^^^^^^^^^^
  File "C:\Users\wadhi\OneDrive\Documents\KULIAH\MAGANG\wisi-wise-web-odoo\odoo\orm\fields_relational.py", line 45, in __get__
    return super().__get__(records, owner)
           ^^^^^^^^^^^^^^^^^^^^^^^^^^^^^^^
  File "C:\Users\wadhi\OneDrive\Documents\KULIAH\MAGANG\wisi-wise-web-odoo\odoo\orm\fields.py", line 1702, in __get__
    recs._fetch_field(self)
  File "C:\Users\wadhi\OneDrive\Documents\KULIAH\MAGANG\wisi-wise-web-odoo\odoo\orm\models.py", line 3772, in _fetch_field
    self.fetch(fnames)
  File "c:\users\wadhi\onedrive\documents\kuliah\magang\wisi-wise-web-odoo\addons\hr\models\hr_employee.py", line 1109, in fetch
    return super().fetch(field_names)
           ^^^^^^^^^^^^^^^^^^^^^^^^^^
  File "C:\Users\wadhi\OneDrive\Documents\KULIAH\MAGANG\wisi-wise-web-odoo\odoo\orm\models.py", line 3812, in fetch
    fetched = self._fetch_query(query, fields_to_fetch)
              ^^^^^^^^^^^^^^^^^^^^^^^^^^^^^^^^^^^^^^^^^
  File "C:\Users\wadhi\OneDrive\Documents\KULIAH\MAGANG\wisi-wise-web-odoo\odoo\orm\models.py", line 3917, in _fetch_query
    rows = self.env.execute_query(query.select(*sql_terms))
           ^^^^^^^^^^^^^^^^^^^^^^^^^^^^^^^^^^^^^^^^^^^^^^^^
  File "C:\Users\wadhi\OneDrive\Documents\KULIAH\MAGANG\wisi-wise-web-odoo\odoo\orm\environments.py", line 534, in execute_query
    self.cr.execute(query)
  File "C:\Users\wadhi\OneDrive\Documents\KULIAH\MAGANG\wisi-wise-web-odoo\odoo\sql_db.py", line 433, in execute
    self._obj.execute(query, params)
psycopg2.errors.UndefinedColumn: column hr_employee.nip does not exist
LINE 1: ...ocation_id", "hr_employee"."today_location_name", "hr_employ...
                                                             ^

2026-02-26 08:07:03,672 34860 INFO wsi_2026 werkzeug: 127.0.0.1 - - [26/Feb/2026 08:07:03] "GET /odoo/employees/1 HTTP/1.1" 500 - 22 0.044 0.064
2026-02-26 08:07:54,158 8148 WARNING ? odoo.tools.config: missing --http-interface/http_interface, using 0.0.0.0 by default, will change to 127.0.0.1 in 20.0 
2026-02-26 08:07:54,160 8148 INFO ? odoo: Odoo version 19.0 
2026-02-26 08:07:54,160 8148 INFO ? odoo: Using configuration file at c:\users\wadhi\onedrive\documents\kuliah\magang\wisi-wise-web-odoo\odoo.conf 
2026-02-26 08:07:54,160 8148 INFO ? odoo: addons paths: _NamespacePath(['C:\\Users\\wadhi\\OneDrive\\Documents\\KULIAH\\MAGANG\\wisi-wise-web-odoo\\odoo\\addons', 'C:\\Users\\wadhi\\AppData\\Local\\OpenERP S.A.\\Odoo\\addons\\19.0', 'c:\\users\\wadhi\\onedrive\\documents\\kuliah\\magang\\wisi-wise-web-odoo\\odoo\\addons', 'c:\\users\\wadhi\\onedrive\\documents\\kuliah\\magang\\wisi-wise-web-odoo\\addons', 'c:\\users\\wadhi\\onedrive\\documents\\kuliah\\magang\\wisi-wise-web-odoo\\custom_addons']) 
2026-02-26 08:07:54,160 8148 INFO ? odoo: database: odoo@localhost:5434 
2026-02-26 08:07:54,968 8148 INFO ? odoo.service.server: HTTP service (werkzeug) running on LAPTOP-B7F6P6QO:8069 
2026-02-26 08:07:56,847 8148 INFO ? odoo.modules.loading: loading 1 modules... 
2026-02-26 08:07:56,855 8148 INFO ? odoo.modules.loading: 1 modules loaded in 0.01s, 0 queries (+0 extra) 
2026-02-26 08:07:56,891 8148 WARNING ? odoo.modules.module: Missing `license` key in manifest for 'wsi_hr_employee', defaulting to LGPL-3 
2026-02-26 08:07:56,905 8148 INFO ? odoo.modules.loading: loading 51 modules... 
2026-02-26 08:07:58,129 8148 INFO ? odoo.modules.loading: 51 modules loaded in 1.22s, 0 queries (+0 extra) 
2026-02-26 08:07:58,309 8148 INFO ? odoo.modules.loading: Modules loaded. 
2026-02-26 08:07:58,356 8148 INFO ? odoo.registry: Registry loaded in 1.560s 
2026-02-26 08:07:58,361 8148 INFO wsi_2026 odoo.addons.base.models.ir_http: Generating routing map for key None 
2026-02-26 08:07:58,521 8148 ERROR wsi_2026 odoo.sql_db: bad query: b'SELECT "hr_employee"."id", "hr_employee"."resource_id", "hr_employee"."company_id", "hr_employee"."message_main_attachment_id", "hr_employee"."current_version_id", "hr_employee"."name", "hr_employee"."user_id", "hr_employee"."active", "hr_employee"."work_phone", "hr_employee"."mobile_phone", "hr_employee"."work_email", "hr_employee"."work_contact_id", "hr_employee"."legal_name", "hr_employee"."private_phone", "hr_employee"."private_email", "hr_employee"."lang", "hr_employee"."place_of_birth", "hr_employee"."country_of_birth", "hr_employee"."birthday", "hr_employee"."birthday_public_display", "hr_employee"."salary_distribution", "hr_employee"."permit_no", "hr_employee"."visa_no", "hr_employee"."visa_expire", "hr_employee"."work_permit_expiration_date", "hr_employee"."work_permit_scheduled_activity", "hr_employee"."certificate", "hr_employee"."study_field", "hr_employee"."study_school", "hr_employee"."emergency_contact", "hr_employee"."emergency_phone", "hr_employee"."parent_id", "hr_employee"."coach_id", "hr_employee"."color", "hr_employee"."barcode", "hr_employee"."pin", "hr_employee"."private_car_plate", "hr_employee"."create_uid", "hr_employee"."create_date", "hr_employee"."write_uid", "hr_employee"."write_date", "hr_employee"."attendance_manager_id", "hr_employee"."last_attendance_id", "hr_employee"."last_check_in", "hr_employee"."last_check_out", "hr_employee"."leave_manager_id", "hr_employee"."monday_location_id", "hr_employee"."tuesday_location_id", "hr_employee"."wednesday_location_id", "hr_employee"."thursday_location_id", "hr_employee"."friday_location_id", "hr_employee"."saturday_location_id", "hr_employee"."sunday_location_id", "hr_employee"."today_location_name", "hr_employee"."nip", "hr_employee"."nomor_bpjs", "hr_employee"."akun_sosmed" FROM "hr_employee" WHERE "hr_employee"."id" IN (1)'
ERROR: column hr_employee.nip does not exist
LINE 1: ...ocation_id", "hr_employee"."today_location_name", "hr_employ...
                                                             ^
 
2026-02-26 08:07:58,523 8148 ERROR wsi_2026 odoo.http: Exception during request handling. 
Traceback (most recent call last):
  File "C:\Users\wadhi\OneDrive\Documents\KULIAH\MAGANG\wisi-wise-web-odoo\odoo\http.py", line 2800, in __call__
    response = request._serve_db()
               ^^^^^^^^^^^^^^^^^^^
  File "C:\Users\wadhi\OneDrive\Documents\KULIAH\MAGANG\wisi-wise-web-odoo\odoo\http.py", line 2275, in _serve_db
    raise self._update_served_exception(exc)
  File "C:\Users\wadhi\OneDrive\Documents\KULIAH\MAGANG\wisi-wise-web-odoo\odoo\http.py", line 2273, in _serve_db
    return service_model.retrying(serve_func, env=self.env)
           ^^^^^^^^^^^^^^^^^^^^^^^^^^^^^^^^^^^^^^^^^^^^^^^^
  File "C:\Users\wadhi\OneDrive\Documents\KULIAH\MAGANG\wisi-wise-web-odoo\odoo\service\model.py", line 185, in retrying
    result = func()
             ^^^^^^
  File "C:\Users\wadhi\OneDrive\Documents\KULIAH\MAGANG\wisi-wise-web-odoo\odoo\http.py", line 2328, in _serve_ir_http
    response = self.dispatcher.dispatch(rule.endpoint, args)
               ^^^^^^^^^^^^^^^^^^^^^^^^^^^^^^^^^^^^^^^^^^^^^
  File "C:\Users\wadhi\OneDrive\Documents\KULIAH\MAGANG\wisi-wise-web-odoo\odoo\http.py", line 2450, in dispatch
    return self.request.registry['ir.http']._dispatch(endpoint)
           ^^^^^^^^^^^^^^^^^^^^^^^^^^^^^^^^^^^^^^^^^^^^^^^^^^^^
  File "C:\Users\wadhi\OneDrive\Documents\KULIAH\MAGANG\wisi-wise-web-odoo\odoo\addons\base\models\ir_http.py", line 355, in _dispatch
    result = endpoint(**request.params)
             ^^^^^^^^^^^^^^^^^^^^^^^^^^
  File "C:\Users\wadhi\OneDrive\Documents\KULIAH\MAGANG\wisi-wise-web-odoo\odoo\http.py", line 788, in route_wrapper
    result = endpoint(self, *args, **params_ok)
             ^^^^^^^^^^^^^^^^^^^^^^^^^^^^^^^^^^
  File "c:\users\wadhi\onedrive\documents\kuliah\magang\wisi-wise-web-odoo\addons\portal\controllers\web.py", line 27, in web_client
    return super().web_client(s_action, **kw)
           ^^^^^^^^^^^^^^^^^^^^^^^^^^^^^^^^^^
  File "C:\Users\wadhi\OneDrive\Documents\KULIAH\MAGANG\wisi-wise-web-odoo\odoo\http.py", line 788, in route_wrapper
    result = endpoint(self, *args, **params_ok)
             ^^^^^^^^^^^^^^^^^^^^^^^^^^^^^^^^^^
  File "c:\users\wadhi\onedrive\documents\kuliah\magang\wisi-wise-web-odoo\addons\web\controllers\home.py", line 68, in web_client
    context = request.env['ir.http'].webclient_rendering_context()
              ^^^^^^^^^^^^^^^^^^^^^^^^^^^^^^^^^^^^^^^^^^^^^^^^^^^^
  File "c:\users\wadhi\onedrive\documents\kuliah\magang\wisi-wise-web-odoo\addons\web\models\ir_http.py", line 69, in webclient_rendering_context
    'session_info': self.session_info(),
                    ^^^^^^^^^^^^^^^^^^^
  File "c:\users\wadhi\onedrive\documents\kuliah\magang\wisi-wise-web-odoo\addons\partner_autocomplete\models\ir_http.py", line 12, in session_info
    session_info = super().session_info()
                   ^^^^^^^^^^^^^^^^^^^^^^
  File "c:\users\wadhi\onedrive\documents\kuliah\magang\wisi-wise-web-odoo\addons\mail\models\ir_http.py", line 22, in session_info
    ResUsers._init_store_data(store)
  File "c:\users\wadhi\onedrive\documents\kuliah\magang\wisi-wise-web-odoo\addons\mail\models\discuss\res_users.py", line 57, in _init_store_data
    super()._init_store_data(store)
  File "c:\users\wadhi\onedrive\documents\kuliah\magang\wisi-wise-web-odoo\addons\mail\models\res_users.py", line 398, in _init_store_data
    store.add_global_values(
  File "c:\users\wadhi\onedrive\documents\kuliah\magang\wisi-wise-web-odoo\addons\mail\tools\discuss.py", line 132, in add_global_values
    self.add_singleton_values("Store", values)
  File "c:\users\wadhi\onedrive\documents\kuliah\magang\wisi-wise-web-odoo\addons\mail\tools\discuss.py", line 181, in add_singleton_values
    self._add_values(values, model_name)
  File "c:\users\wadhi\onedrive\documents\kuliah\magang\wisi-wise-web-odoo\addons\mail\tools\discuss.py", line 232, in _add_values
    val._add_to_store(self, target, key)
  File "c:\users\wadhi\onedrive\documents\kuliah\magang\wisi-wise-web-odoo\addons\mail\tools\discuss.py", line 479, in _add_to_store
    super()._add_to_store(store, target, key)
  File "c:\users\wadhi\onedrive\documents\kuliah\magang\wisi-wise-web-odoo\addons\mail\tools\discuss.py", line 447, in _add_to_store
    store.add(self.records, self.fields, as_thread=self.as_thread, **self.kwargs)
  File "c:\users\wadhi\onedrive\documents\kuliah\magang\wisi-wise-web-odoo\addons\mail\tools\discuss.py", line 124, in add
    self.add_records_fields(records, fields)
  File "c:\users\wadhi\onedrive\documents\kuliah\magang\wisi-wise-web-odoo\addons\mail\tools\discuss.py", line 162, in add_records_fields
    for record, record_data_list in zip(records, self._get_records_data_list(records, fields)):
                                                 ^^^^^^^^^^^^^^^^^^^^^^^^^^^^^^^^^^^^^^^^^^^^
  File "c:\users\wadhi\onedrive\documents\kuliah\magang\wisi-wise-web-odoo\addons\mail\tools\discuss.py", line 268, in _get_records_data_list
    for data_dict in records._read_format(
                     ^^^^^^^^^^^^^^^^^^^^^
  File "C:\Users\wadhi\OneDrive\Documents\KULIAH\MAGANG\wisi-wise-web-odoo\odoo\orm\models.py", line 3747, in _read_format
    vals[name] = convert(record[name], record, use_display_name)
                         ~~~~~~^^^^^^
  File "C:\Users\wadhi\OneDrive\Documents\KULIAH\MAGANG\wisi-wise-web-odoo\odoo\orm\models.py", line 6686, in __getitem__
    return self._fields[key].__get__(self)
           ^^^^^^^^^^^^^^^^^^^^^^^^^^^^^^^
  File "C:\Users\wadhi\OneDrive\Documents\KULIAH\MAGANG\wisi-wise-web-odoo\odoo\orm\fields.py", line 1746, in __get__
    self.compute_value(recs)
  File "C:\Users\wadhi\OneDrive\Documents\KULIAH\MAGANG\wisi-wise-web-odoo\odoo\orm\fields.py", line 1917, in compute_value
    records._compute_field_value(self)
  File "c:\users\wadhi\onedrive\documents\kuliah\magang\wisi-wise-web-odoo\addons\mail\models\mail_thread.py", line 483, in _compute_field_value
    return super()._compute_field_value(field)
           ^^^^^^^^^^^^^^^^^^^^^^^^^^^^^^^^^^^
  File "C:\Users\wadhi\OneDrive\Documents\KULIAH\MAGANG\wisi-wise-web-odoo\odoo\orm\models.py", line 4952, in _compute_field_value
    determine(field.compute, self)
  File "C:\Users\wadhi\OneDrive\Documents\KULIAH\MAGANG\wisi-wise-web-odoo\odoo\orm\fields.py", line 81, in determine
    return needle(*args)
           ^^^^^^^^^^^^^
  File "c:\users\wadhi\onedrive\documents\kuliah\magang\wisi-wise-web-odoo\addons\hr_homeworking\models\res_partner.py", line 13, in _compute_im_status
    location_type = user[dayfield].location_type
                    ~~~~^^^^^^^^^^
  File "C:\Users\wadhi\OneDrive\Documents\KULIAH\MAGANG\wisi-wise-web-odoo\odoo\orm\models.py", line 6686, in __getitem__
    return self._fields[key].__get__(self)
           ^^^^^^^^^^^^^^^^^^^^^^^^^^^^^^^
  File "C:\Users\wadhi\OneDrive\Documents\KULIAH\MAGANG\wisi-wise-web-odoo\odoo\orm\fields_relational.py", line 45, in __get__
    return super().__get__(records, owner)
           ^^^^^^^^^^^^^^^^^^^^^^^^^^^^^^^
  File "C:\Users\wadhi\OneDrive\Documents\KULIAH\MAGANG\wisi-wise-web-odoo\odoo\orm\fields.py", line 1746, in __get__
    self.compute_value(recs)
  File "C:\Users\wadhi\OneDrive\Documents\KULIAH\MAGANG\wisi-wise-web-odoo\odoo\orm\fields.py", line 1917, in compute_value
    records._compute_field_value(self)
  File "C:\Users\wadhi\OneDrive\Documents\KULIAH\MAGANG\wisi-wise-web-odoo\odoo\orm\models.py", line 4952, in _compute_field_value
    determine(field.compute, self)
  File "C:\Users\wadhi\OneDrive\Documents\KULIAH\MAGANG\wisi-wise-web-odoo\odoo\orm\fields.py", line 84, in determine
    return needle(records, *args)
           ^^^^^^^^^^^^^^^^^^^^^^
  File "C:\Users\wadhi\OneDrive\Documents\KULIAH\MAGANG\wisi-wise-web-odoo\odoo\orm\fields.py", line 708, in _compute_related
    values = [next(iter(val := value[name]), val) for value in values]
                               ~~~~~^^^^^^
  File "C:\Users\wadhi\OneDrive\Documents\KULIAH\MAGANG\wisi-wise-web-odoo\odoo\orm\models.py", line 6686, in __getitem__
    return self._fields[key].__get__(self)
           ^^^^^^^^^^^^^^^^^^^^^^^^^^^^^^^
  File "C:\Users\wadhi\OneDrive\Documents\KULIAH\MAGANG\wisi-wise-web-odoo\odoo\orm\fields_relational.py", line 45, in __get__
    return super().__get__(records, owner)
           ^^^^^^^^^^^^^^^^^^^^^^^^^^^^^^^
  File "C:\Users\wadhi\OneDrive\Documents\KULIAH\MAGANG\wisi-wise-web-odoo\odoo\orm\fields.py", line 1746, in __get__
    self.compute_value(recs)
  File "C:\Users\wadhi\OneDrive\Documents\KULIAH\MAGANG\wisi-wise-web-odoo\odoo\orm\fields.py", line 1917, in compute_value
    records._compute_field_value(self)
  File "C:\Users\wadhi\OneDrive\Documents\KULIAH\MAGANG\wisi-wise-web-odoo\odoo\orm\models.py", line 4952, in _compute_field_value
    determine(field.compute, self)
  File "C:\Users\wadhi\OneDrive\Documents\KULIAH\MAGANG\wisi-wise-web-odoo\odoo\orm\fields.py", line 81, in determine
    return needle(*args)
           ^^^^^^^^^^^^^
  File "c:\users\wadhi\onedrive\documents\kuliah\magang\wisi-wise-web-odoo\addons\hr\models\res_users.py", line 268, in _compute_company_employee
    employee.user_id: employee
    ^^^^^^^^^^^^^^^^
  File "C:\Users\wadhi\OneDrive\Documents\KULIAH\MAGANG\wisi-wise-web-odoo\odoo\orm\fields_relational.py", line 45, in __get__
    return super().__get__(records, owner)
           ^^^^^^^^^^^^^^^^^^^^^^^^^^^^^^^
  File "C:\Users\wadhi\OneDrive\Documents\KULIAH\MAGANG\wisi-wise-web-odoo\odoo\orm\fields.py", line 1702, in __get__
    recs._fetch_field(self)
  File "C:\Users\wadhi\OneDrive\Documents\KULIAH\MAGANG\wisi-wise-web-odoo\odoo\orm\models.py", line 3772, in _fetch_field
    self.fetch(fnames)
  File "c:\users\wadhi\onedrive\documents\kuliah\magang\wisi-wise-web-odoo\addons\hr\models\hr_employee.py", line 1109, in fetch
    return super().fetch(field_names)
           ^^^^^^^^^^^^^^^^^^^^^^^^^^
  File "C:\Users\wadhi\OneDrive\Documents\KULIAH\MAGANG\wisi-wise-web-odoo\odoo\orm\models.py", line 3812, in fetch
    fetched = self._fetch_query(query, fields_to_fetch)
              ^^^^^^^^^^^^^^^^^^^^^^^^^^^^^^^^^^^^^^^^^
  File "C:\Users\wadhi\OneDrive\Documents\KULIAH\MAGANG\wisi-wise-web-odoo\odoo\orm\models.py", line 3917, in _fetch_query
    rows = self.env.execute_query(query.select(*sql_terms))
           ^^^^^^^^^^^^^^^^^^^^^^^^^^^^^^^^^^^^^^^^^^^^^^^^
  File "C:\Users\wadhi\OneDrive\Documents\KULIAH\MAGANG\wisi-wise-web-odoo\odoo\orm\environments.py", line 534, in execute_query
    self.cr.execute(query)
  File "C:\Users\wadhi\OneDrive\Documents\KULIAH\MAGANG\wisi-wise-web-odoo\odoo\sql_db.py", line 433, in execute
    self._obj.execute(query, params)
psycopg2.errors.UndefinedColumn: column hr_employee.nip does not exist
LINE 1: ...ocation_id", "hr_employee"."today_location_name", "hr_employ...
                                                             ^

2026-02-26 08:07:58,543 8148 INFO wsi_2026 werkzeug: 127.0.0.1 - - [26/Feb/2026 08:07:58] "GET /odoo/employees/1 HTTP/1.1" 500 - 74 0.124 1.625
2026-02-26 08:08:00,561 8148 INFO wsi_2026 werkzeug: 127.0.0.1 - - [26/Feb/2026 08:08:00] "GET /web/service-worker.js HTTP/1.1" 200 - 1 0.002 0.004
2026-02-26 08:08:02,319 8148 ERROR wsi_2026 odoo.sql_db: bad query: b'SELECT "hr_employee"."id", "hr_employee"."resource_id", "hr_employee"."company_id", "hr_employee"."message_main_attachment_id", "hr_employee"."current_version_id", "hr_employee"."name", "hr_employee"."user_id", "hr_employee"."active", "hr_employee"."work_phone", "hr_employee"."mobile_phone", "hr_employee"."work_email", "hr_employee"."work_contact_id", "hr_employee"."legal_name", "hr_employee"."private_phone", "hr_employee"."private_email", "hr_employee"."lang", "hr_employee"."place_of_birth", "hr_employee"."country_of_birth", "hr_employee"."birthday", "hr_employee"."birthday_public_display", "hr_employee"."salary_distribution", "hr_employee"."permit_no", "hr_employee"."visa_no", "hr_employee"."visa_expire", "hr_employee"."work_permit_expiration_date", "hr_employee"."work_permit_scheduled_activity", "hr_employee"."certificate", "hr_employee"."study_field", "hr_employee"."study_school", "hr_employee"."emergency_contact", "hr_employee"."emergency_phone", "hr_employee"."parent_id", "hr_employee"."coach_id", "hr_employee"."color", "hr_employee"."barcode", "hr_employee"."pin", "hr_employee"."private_car_plate", "hr_employee"."create_uid", "hr_employee"."create_date", "hr_employee"."write_uid", "hr_employee"."write_date", "hr_employee"."attendance_manager_id", "hr_employee"."last_attendance_id", "hr_employee"."last_check_in", "hr_employee"."last_check_out", "hr_employee"."leave_manager_id", "hr_employee"."monday_location_id", "hr_employee"."tuesday_location_id", "hr_employee"."wednesday_location_id", "hr_employee"."thursday_location_id", "hr_employee"."friday_location_id", "hr_employee"."saturday_location_id", "hr_employee"."sunday_location_id", "hr_employee"."today_location_name", "hr_employee"."nip", "hr_employee"."nomor_bpjs", "hr_employee"."akun_sosmed" FROM "hr_employee" WHERE "hr_employee"."id" IN (1)'
ERROR: column hr_employee.nip does not exist
LINE 1: ...ocation_id", "hr_employee"."today_location_name", "hr_employ...
                                                             ^
 
2026-02-26 08:08:02,320 8148 ERROR wsi_2026 odoo.http: Exception during request handling. 
Traceback (most recent call last):
  File "C:\Users\wadhi\OneDrive\Documents\KULIAH\MAGANG\wisi-wise-web-odoo\odoo\http.py", line 2800, in __call__
    response = request._serve_db()
               ^^^^^^^^^^^^^^^^^^^
  File "C:\Users\wadhi\OneDrive\Documents\KULIAH\MAGANG\wisi-wise-web-odoo\odoo\http.py", line 2275, in _serve_db
    raise self._update_served_exception(exc)
  File "C:\Users\wadhi\OneDrive\Documents\KULIAH\MAGANG\wisi-wise-web-odoo\odoo\http.py", line 2273, in _serve_db
    return service_model.retrying(serve_func, env=self.env)
           ^^^^^^^^^^^^^^^^^^^^^^^^^^^^^^^^^^^^^^^^^^^^^^^^
  File "C:\Users\wadhi\OneDrive\Documents\KULIAH\MAGANG\wisi-wise-web-odoo\odoo\service\model.py", line 185, in retrying
    result = func()
             ^^^^^^
  File "C:\Users\wadhi\OneDrive\Documents\KULIAH\MAGANG\wisi-wise-web-odoo\odoo\http.py", line 2328, in _serve_ir_http
    response = self.dispatcher.dispatch(rule.endpoint, args)
               ^^^^^^^^^^^^^^^^^^^^^^^^^^^^^^^^^^^^^^^^^^^^^
  File "C:\Users\wadhi\OneDrive\Documents\KULIAH\MAGANG\wisi-wise-web-odoo\odoo\http.py", line 2450, in dispatch
    return self.request.registry['ir.http']._dispatch(endpoint)
           ^^^^^^^^^^^^^^^^^^^^^^^^^^^^^^^^^^^^^^^^^^^^^^^^^^^^
  File "C:\Users\wadhi\OneDrive\Documents\KULIAH\MAGANG\wisi-wise-web-odoo\odoo\addons\base\models\ir_http.py", line 355, in _dispatch
    result = endpoint(**request.params)
             ^^^^^^^^^^^^^^^^^^^^^^^^^^
  File "C:\Users\wadhi\OneDrive\Documents\KULIAH\MAGANG\wisi-wise-web-odoo\odoo\http.py", line 788, in route_wrapper
    result = endpoint(self, *args, **params_ok)
             ^^^^^^^^^^^^^^^^^^^^^^^^^^^^^^^^^^
  File "c:\users\wadhi\onedrive\documents\kuliah\magang\wisi-wise-web-odoo\addons\portal\controllers\web.py", line 27, in web_client
    return super().web_client(s_action, **kw)
           ^^^^^^^^^^^^^^^^^^^^^^^^^^^^^^^^^^
  File "C:\Users\wadhi\OneDrive\Documents\KULIAH\MAGANG\wisi-wise-web-odoo\odoo\http.py", line 788, in route_wrapper
    result = endpoint(self, *args, **params_ok)
             ^^^^^^^^^^^^^^^^^^^^^^^^^^^^^^^^^^
  File "c:\users\wadhi\onedrive\documents\kuliah\magang\wisi-wise-web-odoo\addons\web\controllers\home.py", line 68, in web_client
    context = request.env['ir.http'].webclient_rendering_context()
              ^^^^^^^^^^^^^^^^^^^^^^^^^^^^^^^^^^^^^^^^^^^^^^^^^^^^
  File "c:\users\wadhi\onedrive\documents\kuliah\magang\wisi-wise-web-odoo\addons\web\models\ir_http.py", line 69, in webclient_rendering_context
    'session_info': self.session_info(),
                    ^^^^^^^^^^^^^^^^^^^
  File "c:\users\wadhi\onedrive\documents\kuliah\magang\wisi-wise-web-odoo\addons\partner_autocomplete\models\ir_http.py", line 12, in session_info
    session_info = super().session_info()
                   ^^^^^^^^^^^^^^^^^^^^^^
  File "c:\users\wadhi\onedrive\documents\kuliah\magang\wisi-wise-web-odoo\addons\mail\models\ir_http.py", line 22, in session_info
    ResUsers._init_store_data(store)
  File "c:\users\wadhi\onedrive\documents\kuliah\magang\wisi-wise-web-odoo\addons\mail\models\discuss\res_users.py", line 57, in _init_store_data
    super()._init_store_data(store)
  File "c:\users\wadhi\onedrive\documents\kuliah\magang\wisi-wise-web-odoo\addons\mail\models\res_users.py", line 398, in _init_store_data
    store.add_global_values(
  File "c:\users\wadhi\onedrive\documents\kuliah\magang\wisi-wise-web-odoo\addons\mail\tools\discuss.py", line 132, in add_global_values
    self.add_singleton_values("Store", values)
  File "c:\users\wadhi\onedrive\documents\kuliah\magang\wisi-wise-web-odoo\addons\mail\tools\discuss.py", line 181, in add_singleton_values
    self._add_values(values, model_name)
  File "c:\users\wadhi\onedrive\documents\kuliah\magang\wisi-wise-web-odoo\addons\mail\tools\discuss.py", line 232, in _add_values
    val._add_to_store(self, target, key)
  File "c:\users\wadhi\onedrive\documents\kuliah\magang\wisi-wise-web-odoo\addons\mail\tools\discuss.py", line 479, in _add_to_store
    super()._add_to_store(store, target, key)
  File "c:\users\wadhi\onedrive\documents\kuliah\magang\wisi-wise-web-odoo\addons\mail\tools\discuss.py", line 447, in _add_to_store
    store.add(self.records, self.fields, as_thread=self.as_thread, **self.kwargs)
  File "c:\users\wadhi\onedrive\documents\kuliah\magang\wisi-wise-web-odoo\addons\mail\tools\discuss.py", line 124, in add
    self.add_records_fields(records, fields)
  File "c:\users\wadhi\onedrive\documents\kuliah\magang\wisi-wise-web-odoo\addons\mail\tools\discuss.py", line 162, in add_records_fields
    for record, record_data_list in zip(records, self._get_records_data_list(records, fields)):
                                                 ^^^^^^^^^^^^^^^^^^^^^^^^^^^^^^^^^^^^^^^^^^^^
  File "c:\users\wadhi\onedrive\documents\kuliah\magang\wisi-wise-web-odoo\addons\mail\tools\discuss.py", line 268, in _get_records_data_list
    for data_dict in records._read_format(
                     ^^^^^^^^^^^^^^^^^^^^^
  File "C:\Users\wadhi\OneDrive\Documents\KULIAH\MAGANG\wisi-wise-web-odoo\odoo\orm\models.py", line 3747, in _read_format
    vals[name] = convert(record[name], record, use_display_name)
                         ~~~~~~^^^^^^
  File "C:\Users\wadhi\OneDrive\Documents\KULIAH\MAGANG\wisi-wise-web-odoo\odoo\orm\models.py", line 6686, in __getitem__
    return self._fields[key].__get__(self)
           ^^^^^^^^^^^^^^^^^^^^^^^^^^^^^^^
  File "C:\Users\wadhi\OneDrive\Documents\KULIAH\MAGANG\wisi-wise-web-odoo\odoo\orm\fields.py", line 1746, in __get__
    self.compute_value(recs)
  File "C:\Users\wadhi\OneDrive\Documents\KULIAH\MAGANG\wisi-wise-web-odoo\odoo\orm\fields.py", line 1917, in compute_value
    records._compute_field_value(self)
  File "c:\users\wadhi\onedrive\documents\kuliah\magang\wisi-wise-web-odoo\addons\mail\models\mail_thread.py", line 483, in _compute_field_value
    return super()._compute_field_value(field)
           ^^^^^^^^^^^^^^^^^^^^^^^^^^^^^^^^^^^
  File "C:\Users\wadhi\OneDrive\Documents\KULIAH\MAGANG\wisi-wise-web-odoo\odoo\orm\models.py", line 4952, in _compute_field_value
    determine(field.compute, self)
  File "C:\Users\wadhi\OneDrive\Documents\KULIAH\MAGANG\wisi-wise-web-odoo\odoo\orm\fields.py", line 81, in determine
    return needle(*args)
           ^^^^^^^^^^^^^
  File "c:\users\wadhi\onedrive\documents\kuliah\magang\wisi-wise-web-odoo\addons\hr_homeworking\models\res_partner.py", line 13, in _compute_im_status
    location_type = user[dayfield].location_type
                    ~~~~^^^^^^^^^^
  File "C:\Users\wadhi\OneDrive\Documents\KULIAH\MAGANG\wisi-wise-web-odoo\odoo\orm\models.py", line 6686, in __getitem__
    return self._fields[key].__get__(self)
           ^^^^^^^^^^^^^^^^^^^^^^^^^^^^^^^
  File "C:\Users\wadhi\OneDrive\Documents\KULIAH\MAGANG\wisi-wise-web-odoo\odoo\orm\fields_relational.py", line 45, in __get__
    return super().__get__(records, owner)
           ^^^^^^^^^^^^^^^^^^^^^^^^^^^^^^^
  File "C:\Users\wadhi\OneDrive\Documents\KULIAH\MAGANG\wisi-wise-web-odoo\odoo\orm\fields.py", line 1746, in __get__
    self.compute_value(recs)
  File "C:\Users\wadhi\OneDrive\Documents\KULIAH\MAGANG\wisi-wise-web-odoo\odoo\orm\fields.py", line 1917, in compute_value
    records._compute_field_value(self)
  File "C:\Users\wadhi\OneDrive\Documents\KULIAH\MAGANG\wisi-wise-web-odoo\odoo\orm\models.py", line 4952, in _compute_field_value
    determine(field.compute, self)
  File "C:\Users\wadhi\OneDrive\Documents\KULIAH\MAGANG\wisi-wise-web-odoo\odoo\orm\fields.py", line 84, in determine
    return needle(records, *args)
           ^^^^^^^^^^^^^^^^^^^^^^
  File "C:\Users\wadhi\OneDrive\Documents\KULIAH\MAGANG\wisi-wise-web-odoo\odoo\orm\fields.py", line 708, in _compute_related
    values = [next(iter(val := value[name]), val) for value in values]
                               ~~~~~^^^^^^
  File "C:\Users\wadhi\OneDrive\Documents\KULIAH\MAGANG\wisi-wise-web-odoo\odoo\orm\models.py", line 6686, in __getitem__
    return self._fields[key].__get__(self)
           ^^^^^^^^^^^^^^^^^^^^^^^^^^^^^^^
  File "C:\Users\wadhi\OneDrive\Documents\KULIAH\MAGANG\wisi-wise-web-odoo\odoo\orm\fields_relational.py", line 45, in __get__
    return super().__get__(records, owner)
           ^^^^^^^^^^^^^^^^^^^^^^^^^^^^^^^
  File "C:\Users\wadhi\OneDrive\Documents\KULIAH\MAGANG\wisi-wise-web-odoo\odoo\orm\fields.py", line 1746, in __get__
    self.compute_value(recs)
  File "C:\Users\wadhi\OneDrive\Documents\KULIAH\MAGANG\wisi-wise-web-odoo\odoo\orm\fields.py", line 1917, in compute_value
    records._compute_field_value(self)
  File "C:\Users\wadhi\OneDrive\Documents\KULIAH\MAGANG\wisi-wise-web-odoo\odoo\orm\models.py", line 4952, in _compute_field_value
    determine(field.compute, self)
  File "C:\Users\wadhi\OneDrive\Documents\KULIAH\MAGANG\wisi-wise-web-odoo\odoo\orm\fields.py", line 81, in determine
    return needle(*args)
           ^^^^^^^^^^^^^
  File "c:\users\wadhi\onedrive\documents\kuliah\magang\wisi-wise-web-odoo\addons\hr\models\res_users.py", line 268, in _compute_company_employee
    employee.user_id: employee
    ^^^^^^^^^^^^^^^^
  File "C:\Users\wadhi\OneDrive\Documents\KULIAH\MAGANG\wisi-wise-web-odoo\odoo\orm\fields_relational.py", line 45, in __get__
    return super().__get__(records, owner)
           ^^^^^^^^^^^^^^^^^^^^^^^^^^^^^^^
  File "C:\Users\wadhi\OneDrive\Documents\KULIAH\MAGANG\wisi-wise-web-odoo\odoo\orm\fields.py", line 1702, in __get__
    recs._fetch_field(self)
  File "C:\Users\wadhi\OneDrive\Documents\KULIAH\MAGANG\wisi-wise-web-odoo\odoo\orm\models.py", line 3772, in _fetch_field
    self.fetch(fnames)
  File "c:\users\wadhi\onedrive\documents\kuliah\magang\wisi-wise-web-odoo\addons\hr\models\hr_employee.py", line 1109, in fetch
    return super().fetch(field_names)
           ^^^^^^^^^^^^^^^^^^^^^^^^^^
  File "C:\Users\wadhi\OneDrive\Documents\KULIAH\MAGANG\wisi-wise-web-odoo\odoo\orm\models.py", line 3812, in fetch
    fetched = self._fetch_query(query, fields_to_fetch)
              ^^^^^^^^^^^^^^^^^^^^^^^^^^^^^^^^^^^^^^^^^
  File "C:\Users\wadhi\OneDrive\Documents\KULIAH\MAGANG\wisi-wise-web-odoo\odoo\orm\models.py", line 3917, in _fetch_query
    rows = self.env.execute_query(query.select(*sql_terms))
           ^^^^^^^^^^^^^^^^^^^^^^^^^^^^^^^^^^^^^^^^^^^^^^^^
  File "C:\Users\wadhi\OneDrive\Documents\KULIAH\MAGANG\wisi-wise-web-odoo\odoo\orm\environments.py", line 534, in execute_query
    self.cr.execute(query)
  File "C:\Users\wadhi\OneDrive\Documents\KULIAH\MAGANG\wisi-wise-web-odoo\odoo\sql_db.py", line 433, in execute
    self._obj.execute(query, params)
psycopg2.errors.UndefinedColumn: column hr_employee.nip does not exist
LINE 1: ...ocation_id", "hr_employee"."today_location_name", "hr_employ...
                                                             ^

2026-02-26 08:08:02,326 8148 INFO wsi_2026 werkzeug: 127.0.0.1 - - [26/Feb/2026 08:08:02] "GET /odoo/employees/1 HTTP/1.1" 500 - 22 0.025 0.028
2026-02-26 08:08:04,330 8148 INFO wsi_2026 werkzeug: 127.0.0.1 - - [26/Feb/2026 08:08:04] "GET /web/service-worker.js HTTP/1.1" 200 - 1 0.001 0.006
2026-02-26 08:08:31,118 8148 INFO ? odoo.service.server: Initiating shutdown 
2026-02-26 08:08:31,118 8148 INFO ? odoo.service.server: Hit CTRL-C again or send a second signal to force the shutdown. 
2026-02-26 08:08:31,141 8148 INFO ? odoo.service.server: cron0 max age (0s) reached, releasing connection. 
2026-02-26 08:08:31,142 8148 INFO ? odoo.sql_db: ConnectionPool(read/write;used=0/count=0/max=64): Closed 3 connections  
2026-02-26 08:08:31,161 8148 INFO ? odoo.service.server: cron1 max age (0s) reached, releasing connection. 
2026-02-26 08:08:38,007 38644 DEBUG ? odoo.netsvc: logger level set: "odoo.http.rpc.request:INFO" 
2026-02-26 08:08:38,007 38644 DEBUG ? odoo.netsvc: logger level set: "odoo.http.rpc.response:INFO" 
2026-02-26 08:08:38,007 38644 DEBUG ? odoo.netsvc: logger level set: ":INFO" 
2026-02-26 08:08:38,007 38644 DEBUG ? odoo.netsvc: logger level set: "odoo:DEBUG" 
2026-02-26 08:08:38,007 38644 DEBUG ? odoo.netsvc: logger level set: "odoo.sql_db:INFO" 
2026-02-26 08:08:38,007 38644 DEBUG ? odoo.netsvc: logger level set: ":INFO" 
2026-02-26 08:08:38,007 38644 WARNING ? odoo.tools.config: missing --http-interface/http_interface, using 0.0.0.0 by default, will change to 127.0.0.1 in 20.0 
2026-02-26 08:08:38,009 38644 INFO ? odoo: Odoo version 19.0 
2026-02-26 08:08:38,009 38644 INFO ? odoo: Using configuration file at c:\users\wadhi\onedrive\documents\kuliah\magang\wisi-wise-web-odoo\odoo.conf 
2026-02-26 08:08:38,009 38644 INFO ? odoo: addons paths: _NamespacePath(['C:\\Users\\wadhi\\OneDrive\\Documents\\KULIAH\\MAGANG\\wisi-wise-web-odoo\\odoo\\addons', 'C:\\Users\\wadhi\\AppData\\Local\\OpenERP S.A.\\Odoo\\addons\\19.0', 'c:\\users\\wadhi\\onedrive\\documents\\kuliah\\magang\\wisi-wise-web-odoo\\odoo\\addons', 'c:\\users\\wadhi\\onedrive\\documents\\kuliah\\magang\\wisi-wise-web-odoo\\addons', 'c:\\users\\wadhi\\onedrive\\documents\\kuliah\\magang\\wisi-wise-web-odoo\\custom_addons']) 
2026-02-26 08:08:38,009 38644 INFO ? odoo: database: odoo@localhost:5434 
2026-02-26 08:08:38,634 38644 DEBUG ? odoo.service.server: Setting signal handlers 
2026-02-26 08:08:38,646 38644 INFO ? odoo.service.server: HTTP service (werkzeug) running on LAPTOP-B7F6P6QO:8069 
2026-02-26 08:08:38,649 38644 DEBUG ? odoo.service.server: cron0 started! 
2026-02-26 08:08:38,649 38644 DEBUG ? odoo.service.server: cron1 started! 
2026-02-26 08:08:42,433 38644 DEBUG ? odoo.http: HTTP sessions stored in: C:\Users\wadhi\AppData\Local\OpenERP S.A.\Odoo\sessions 
2026-02-26 08:08:42,464 38644 DEBUG ? odoo.registry: Multiprocess load registry signaling: [Registry: 5] [Cache default: 1] [Cache assets: 1] [Cache stable: 1] [Cache templates: 1] [Cache routing: 1] [Cache groups: 1] 
2026-02-26 08:08:42,477 38644 INFO ? odoo.modules.loading: loading 1 modules... 
2026-02-26 08:08:42,477 38644 DEBUG ? odoo.modules.loading: Loading module base (1/1) 
2026-02-26 08:08:42,483 38644 DEBUG ? odoo.modules.loading: Module base loaded in 0.01s, 0 queries 
2026-02-26 08:08:42,483 38644 INFO ? odoo.modules.loading: 1 modules loaded in 0.01s, 0 queries (+0 extra) 
2026-02-26 08:08:42,514 38644 WARNING ? odoo.modules.module: Missing `license` key in manifest for 'wsi_hr_employee', defaulting to LGPL-3 
2026-02-26 08:08:42,521 38644 DEBUG ? odoo.modules.loading: Updating graph with 50 more modules 
2026-02-26 08:08:42,522 38644 INFO ? odoo.modules.loading: loading 51 modules... 
2026-02-26 08:08:42,522 38644 DEBUG ? odoo.modules.loading: Loading module rpc (2/51) 
2026-02-26 08:08:42,522 38644 DEBUG ? odoo.modules.loading: Module rpc loaded in 0.00s, 0 queries 
2026-02-26 08:08:42,522 38644 DEBUG ? odoo.modules.loading: Loading module web (3/51) 
2026-02-26 08:08:42,524 38644 DEBUG ? odoo.modules.loading: Module web loaded in 0.00s, 0 queries 
2026-02-26 08:08:42,524 38644 DEBUG ? odoo.modules.loading: Loading module api_doc (4/51) 
2026-02-26 08:08:42,533 38644 DEBUG ? odoo.modules.loading: Module api_doc loaded in 0.01s, 0 queries 
2026-02-26 08:08:42,533 38644 DEBUG ? odoo.modules.loading: Loading module auth_totp (5/51) 
2026-02-26 08:08:42,564 38644 DEBUG ? odoo.modules.loading: Module auth_totp loaded in 0.03s, 0 queries 
2026-02-26 08:08:42,565 38644 DEBUG ? odoo.modules.loading: Loading module barcodes (6/51) 
2026-02-26 08:08:42,570 38644 DEBUG ? odoo.modules.loading: Module barcodes loaded in 0.01s, 0 queries 
2026-02-26 08:08:42,570 38644 DEBUG ? odoo.modules.loading: Loading module base_import (7/51) 
2026-02-26 08:08:42,577 38644 DEBUG ? odoo.modules.loading: Module base_import loaded in 0.01s, 0 queries 
2026-02-26 08:08:42,577 38644 DEBUG ? odoo.modules.loading: Loading module base_import_module (8/51) 
2026-02-26 08:08:42,586 38644 DEBUG ? odoo.modules.loading: Module base_import_module loaded in 0.01s, 0 queries 
2026-02-26 08:08:42,586 38644 DEBUG ? odoo.modules.loading: Loading module base_setup (9/51) 
2026-02-26 08:08:42,594 38644 DEBUG ? odoo.modules.loading: Module base_setup loaded in 0.01s, 0 queries 
2026-02-26 08:08:42,594 38644 DEBUG ? odoo.modules.loading: Loading module bus (10/51) 
2026-02-26 08:08:42,615 38644 DEBUG ? odoo.modules.loading: Module bus loaded in 0.02s, 0 queries 
2026-02-26 08:08:42,615 38644 DEBUG ? odoo.modules.loading: Loading module http_routing (11/51) 
2026-02-26 08:08:42,623 38644 DEBUG ? odoo.modules.loading: Module http_routing loaded in 0.01s, 0 queries 
2026-02-26 08:08:42,624 38644 DEBUG ? odoo.modules.loading: Loading module resource (12/51) 
2026-02-26 08:08:42,635 38644 DEBUG ? odoo.modules.loading: Module resource loaded in 0.01s, 0 queries 
2026-02-26 08:08:42,635 38644 DEBUG ? odoo.modules.loading: Loading module web_hierarchy (13/51) 
2026-02-26 08:08:42,640 38644 DEBUG ? odoo.modules.loading: Module web_hierarchy loaded in 0.01s, 0 queries 
2026-02-26 08:08:42,640 38644 DEBUG ? odoo.modules.loading: Loading module web_tour (14/51) 
2026-02-26 08:08:42,645 38644 DEBUG ? odoo.modules.loading: Module web_tour loaded in 0.01s, 0 queries 
2026-02-26 08:08:42,645 38644 DEBUG ? odoo.modules.loading: Loading module auth_passkey (15/51) 
2026-02-26 08:08:42,737 38644 DEBUG ? odoo.modules.loading: Module auth_passkey loaded in 0.09s, 0 queries 
2026-02-26 08:08:42,737 38644 DEBUG ? odoo.modules.loading: Loading module base_geolocalize (16/51) 
2026-02-26 08:08:42,743 38644 DEBUG ? odoo.modules.loading: Module base_geolocalize loaded in 0.01s, 0 queries 
2026-02-26 08:08:42,743 38644 DEBUG ? odoo.modules.loading: Loading module html_editor (17/51) 
2026-02-26 08:08:43,042 38644 DEBUG ? odoo.modules.loading: Module html_editor loaded in 0.30s, 0 queries 
2026-02-26 08:08:43,042 38644 DEBUG ? odoo.modules.loading: Loading module iap (18/51) 
2026-02-26 08:08:43,042 38644 DEBUG ? odoo.modules.loading: Module iap loaded in 0.00s, 0 queries 
2026-02-26 08:08:43,042 38644 DEBUG ? odoo.modules.loading: Loading module mail (19/51) 
2026-02-26 08:08:43,049 38644 DEBUG ? odoo.modules.loading: Module mail loaded in 0.01s, 0 queries 
2026-02-26 08:08:43,049 38644 DEBUG ? odoo.modules.loading: Loading module web_unsplash (20/51) 
2026-02-26 08:08:43,058 38644 DEBUG ? odoo.modules.loading: Module web_unsplash loaded in 0.01s, 0 queries 
2026-02-26 08:08:43,058 38644 DEBUG ? odoo.modules.loading: Loading module auth_signup (21/51) 
2026-02-26 08:08:43,068 38644 DEBUG ? odoo.modules.loading: Module auth_signup loaded in 0.01s, 0 queries 
2026-02-26 08:08:43,068 38644 DEBUG ? odoo.modules.loading: Loading module auth_totp_mail (22/51) 
2026-02-26 08:08:43,076 38644 DEBUG ? odoo.modules.loading: Module auth_totp_mail loaded in 0.01s, 0 queries 
2026-02-26 08:08:43,076 38644 DEBUG ? odoo.modules.loading: Loading module base_install_request (23/51) 
2026-02-26 08:08:43,085 38644 DEBUG ? odoo.modules.loading: Module base_install_request loaded in 0.01s, 0 queries 
2026-02-26 08:08:43,085 38644 DEBUG ? odoo.modules.loading: Loading module calendar (24/51) 
2026-02-26 08:08:43,113 38644 DEBUG ? odoo.modules.loading: Module calendar loaded in 0.03s, 0 queries 
2026-02-26 08:08:43,113 38644 DEBUG ? odoo.modules.loading: Loading module google_gmail (25/51) 
2026-02-26 08:08:43,125 38644 DEBUG ? odoo.modules.loading: Module google_gmail loaded in 0.01s, 0 queries 
2026-02-26 08:08:43,125 38644 DEBUG ? odoo.modules.loading: Loading module iap_mail (26/51) 
2026-02-26 08:08:43,130 38644 DEBUG ? odoo.modules.loading: Module iap_mail loaded in 0.01s, 0 queries 
2026-02-26 08:08:43,130 38644 DEBUG ? odoo.modules.loading: Loading module mail_bot (27/51) 
2026-02-26 08:08:43,140 38644 DEBUG ? odoo.modules.loading: Module mail_bot loaded in 0.01s, 0 queries 
2026-02-26 08:08:43,140 38644 DEBUG ? odoo.modules.loading: Loading module microsoft_outlook (28/51) 
2026-02-26 08:08:43,153 38644 DEBUG ? odoo.modules.loading: Module microsoft_outlook loaded in 0.01s, 0 queries 
2026-02-26 08:08:43,153 38644 DEBUG ? odoo.modules.loading: Loading module phone_validation (29/51) 
2026-02-26 08:08:43,179 38644 DEBUG ? odoo.modules.loading: Module phone_validation loaded in 0.03s, 0 queries 
2026-02-26 08:08:43,179 38644 DEBUG ? odoo.modules.loading: Loading module privacy_lookup (30/51) 
2026-02-26 08:08:43,189 38644 DEBUG ? odoo.modules.loading: Module privacy_lookup loaded in 0.01s, 0 queries 
2026-02-26 08:08:43,189 38644 DEBUG ? odoo.modules.loading: Loading module resource_mail (31/51) 
2026-02-26 08:08:43,195 38644 DEBUG ? odoo.modules.loading: Module resource_mail loaded in 0.01s, 0 queries 
2026-02-26 08:08:43,195 38644 DEBUG ? odoo.modules.loading: Loading module partner_autocomplete (32/51) 
2026-02-26 08:08:43,219 38644 DEBUG ? odoo.modules.loading: Module partner_autocomplete loaded in 0.02s, 0 queries 
2026-02-26 08:08:43,219 38644 DEBUG ? odoo.modules.loading: Loading module portal (33/51) 
2026-02-26 08:08:43,244 38644 DEBUG ? odoo.modules.loading: Module portal loaded in 0.03s, 0 queries 
2026-02-26 08:08:43,244 38644 DEBUG ? odoo.modules.loading: Loading module sms (34/51) 
2026-02-26 08:08:43,279 38644 DEBUG ? odoo.modules.loading: Module sms loaded in 0.04s, 0 queries 
2026-02-26 08:08:43,279 38644 DEBUG ? odoo.modules.loading: Loading module snailmail (35/51) 
2026-02-26 08:08:43,471 38644 DEBUG ? odoo.modules.loading: Module snailmail loaded in 0.19s, 0 queries 
2026-02-26 08:08:43,471 38644 DEBUG ? odoo.modules.loading: Loading module auth_passkey_portal (36/51) 
2026-02-26 08:08:43,473 38644 DEBUG ? odoo.modules.loading: Module auth_passkey_portal loaded in 0.00s, 0 queries 
2026-02-26 08:08:43,473 38644 DEBUG ? odoo.modules.loading: Loading module auth_totp_portal (37/51) 
2026-02-26 08:08:43,480 38644 DEBUG ? odoo.modules.loading: Module auth_totp_portal loaded in 0.01s, 0 queries 
2026-02-26 08:08:43,480 38644 DEBUG ? odoo.modules.loading: Loading module calendar_sms (38/51) 
2026-02-26 08:08:43,487 38644 DEBUG ? odoo.modules.loading: Module calendar_sms loaded in 0.01s, 0 queries 
2026-02-26 08:08:43,487 38644 DEBUG ? odoo.modules.loading: Loading module digest (39/51) 
2026-02-26 08:08:43,499 38644 DEBUG ? odoo.modules.loading: Module digest loaded in 0.01s, 0 queries 
2026-02-26 08:08:43,499 38644 DEBUG ? odoo.modules.loading: Loading module hr (40/51) 
2026-02-26 08:08:43,550 38644 DEBUG ? odoo.modules.loading: Module hr loaded in 0.05s, 0 queries 
2026-02-26 08:08:43,551 38644 DEBUG ? odoo.modules.loading: Loading module hr_attendance (41/51) 
2026-02-26 08:08:43,575 38644 DEBUG ? odoo.modules.loading: Module hr_attendance loaded in 0.03s, 0 queries 
2026-02-26 08:08:43,576 38644 DEBUG ? odoo.modules.loading: Loading module hr_calendar (42/51) 
2026-02-26 08:08:43,584 38644 DEBUG ? odoo.modules.loading: Module hr_calendar loaded in 0.01s, 0 queries 
2026-02-26 08:08:43,584 38644 DEBUG ? odoo.modules.loading: Loading module hr_holidays (43/51) 
2026-02-26 08:08:43,639 38644 DEBUG ? odoo.modules.loading: Module hr_holidays loaded in 0.05s, 0 queries 
2026-02-26 08:08:43,639 38644 DEBUG ? odoo.modules.loading: Loading module hr_homeworking (44/51) 
2026-02-26 08:08:43,653 38644 DEBUG ? odoo.modules.loading: Module hr_homeworking loaded in 0.01s, 0 queries 
2026-02-26 08:08:43,653 38644 DEBUG ? odoo.modules.loading: Loading module hr_org_chart (45/51) 
2026-02-26 08:08:43,663 38644 DEBUG ? odoo.modules.loading: Module hr_org_chart loaded in 0.01s, 0 queries 
2026-02-26 08:08:43,663 38644 DEBUG ? odoo.modules.loading: Loading module hr_skills (46/51) 
2026-02-26 08:08:43,703 38644 DEBUG ? odoo.modules.loading: Module hr_skills loaded in 0.04s, 0 queries 
2026-02-26 08:08:43,703 38644 DEBUG ? odoo.modules.loading: Loading module mail_bot_hr (47/51) 
2026-02-26 08:08:43,706 38644 DEBUG ? odoo.modules.loading: Module mail_bot_hr loaded in 0.00s, 0 queries 
2026-02-26 08:08:43,706 38644 DEBUG ? odoo.modules.loading: Loading module wsi_hr_employee (48/51) 
2026-02-26 08:08:43,718 38644 DEBUG ? odoo.modules.loading: Module wsi_hr_employee loaded in 0.01s, 0 queries 
2026-02-26 08:08:43,718 38644 DEBUG ? odoo.modules.loading: Loading module hr_holidays_attendance (49/51) 
2026-02-26 08:08:43,737 38644 DEBUG ? odoo.modules.loading: Module hr_holidays_attendance loaded in 0.02s, 0 queries 
2026-02-26 08:08:43,737 38644 DEBUG ? odoo.modules.loading: Loading module hr_holidays_homeworking (50/51) 
2026-02-26 08:08:43,744 38644 DEBUG ? odoo.modules.loading: Module hr_holidays_homeworking loaded in 0.01s, 0 queries 
2026-02-26 08:08:43,746 38644 DEBUG ? odoo.modules.loading: Loading module hr_homeworking_calendar (51/51) 
2026-02-26 08:08:43,758 38644 DEBUG ? odoo.modules.loading: Module hr_homeworking_calendar loaded in 0.01s, 0 queries 
2026-02-26 08:08:43,759 38644 INFO ? odoo.modules.loading: 51 modules loaded in 1.24s, 0 queries (+0 extra) 
2026-02-26 08:08:43,989 38644 INFO ? odoo.modules.loading: Modules loaded. 
2026-02-26 08:08:44,035 38644 INFO ? odoo.registry: Registry loaded in 1.601s 
2026-02-26 08:08:44,040 38644 INFO wsi_2026 odoo.addons.base.models.ir_http: Generating routing map for key None 
2026-02-26 08:08:44,159 38644 DEBUG wsi_2026 odoo.domains: The domain condition [('user_ids', 'in', 2)] should have a list value. 
2026-02-26 08:08:44,174 38644 DEBUG wsi_2026 odoo.domains: The domain condition [('user_consumed_ids', 'not in', 2)] should have a list value. 
2026-02-26 08:08:44,221 38644 ERROR wsi_2026 odoo.sql_db: bad query: b'SELECT "hr_employee"."id", "hr_employee"."resource_id", "hr_employee"."company_id", "hr_employee"."message_main_attachment_id", "hr_employee"."current_version_id", "hr_employee"."name", "hr_employee"."user_id", "hr_employee"."active", "hr_employee"."work_phone", "hr_employee"."mobile_phone", "hr_employee"."work_email", "hr_employee"."work_contact_id", "hr_employee"."legal_name", "hr_employee"."private_phone", "hr_employee"."private_email", "hr_employee"."lang", "hr_employee"."place_of_birth", "hr_employee"."country_of_birth", "hr_employee"."birthday", "hr_employee"."birthday_public_display", "hr_employee"."salary_distribution", "hr_employee"."permit_no", "hr_employee"."visa_no", "hr_employee"."visa_expire", "hr_employee"."work_permit_expiration_date", "hr_employee"."work_permit_scheduled_activity", "hr_employee"."certificate", "hr_employee"."study_field", "hr_employee"."study_school", "hr_employee"."emergency_contact", "hr_employee"."emergency_phone", "hr_employee"."parent_id", "hr_employee"."coach_id", "hr_employee"."color", "hr_employee"."barcode", "hr_employee"."pin", "hr_employee"."private_car_plate", "hr_employee"."create_uid", "hr_employee"."create_date", "hr_employee"."write_uid", "hr_employee"."write_date", "hr_employee"."attendance_manager_id", "hr_employee"."last_attendance_id", "hr_employee"."last_check_in", "hr_employee"."last_check_out", "hr_employee"."leave_manager_id", "hr_employee"."monday_location_id", "hr_employee"."tuesday_location_id", "hr_employee"."wednesday_location_id", "hr_employee"."thursday_location_id", "hr_employee"."friday_location_id", "hr_employee"."saturday_location_id", "hr_employee"."sunday_location_id", "hr_employee"."today_location_name", "hr_employee"."nip", "hr_employee"."nomor_bpjs", "hr_employee"."akun_sosmed" FROM "hr_employee" WHERE "hr_employee"."id" IN (1)'
ERROR: column hr_employee.nip does not exist
LINE 1: ...ocation_id", "hr_employee"."today_location_name", "hr_employ...
                                                             ^
 
2026-02-26 08:08:44,224 38644 ERROR wsi_2026 odoo.http: Exception during request handling. 
Traceback (most recent call last):
  File "C:\Users\wadhi\OneDrive\Documents\KULIAH\MAGANG\wisi-wise-web-odoo\odoo\http.py", line 2800, in __call__
    response = request._serve_db()
               ^^^^^^^^^^^^^^^^^^^
  File "C:\Users\wadhi\OneDrive\Documents\KULIAH\MAGANG\wisi-wise-web-odoo\odoo\http.py", line 2275, in _serve_db
    raise self._update_served_exception(exc)
  File "C:\Users\wadhi\OneDrive\Documents\KULIAH\MAGANG\wisi-wise-web-odoo\odoo\http.py", line 2273, in _serve_db
    return service_model.retrying(serve_func, env=self.env)
           ^^^^^^^^^^^^^^^^^^^^^^^^^^^^^^^^^^^^^^^^^^^^^^^^
  File "C:\Users\wadhi\OneDrive\Documents\KULIAH\MAGANG\wisi-wise-web-odoo\odoo\service\model.py", line 185, in retrying
    result = func()
             ^^^^^^
  File "C:\Users\wadhi\OneDrive\Documents\KULIAH\MAGANG\wisi-wise-web-odoo\odoo\http.py", line 2328, in _serve_ir_http
    response = self.dispatcher.dispatch(rule.endpoint, args)
               ^^^^^^^^^^^^^^^^^^^^^^^^^^^^^^^^^^^^^^^^^^^^^
  File "C:\Users\wadhi\OneDrive\Documents\KULIAH\MAGANG\wisi-wise-web-odoo\odoo\http.py", line 2450, in dispatch
    return self.request.registry['ir.http']._dispatch(endpoint)
           ^^^^^^^^^^^^^^^^^^^^^^^^^^^^^^^^^^^^^^^^^^^^^^^^^^^^
  File "C:\Users\wadhi\OneDrive\Documents\KULIAH\MAGANG\wisi-wise-web-odoo\odoo\addons\base\models\ir_http.py", line 355, in _dispatch
    result = endpoint(**request.params)
             ^^^^^^^^^^^^^^^^^^^^^^^^^^
  File "C:\Users\wadhi\OneDrive\Documents\KULIAH\MAGANG\wisi-wise-web-odoo\odoo\http.py", line 788, in route_wrapper
    result = endpoint(self, *args, **params_ok)
             ^^^^^^^^^^^^^^^^^^^^^^^^^^^^^^^^^^
  File "c:\users\wadhi\onedrive\documents\kuliah\magang\wisi-wise-web-odoo\addons\portal\controllers\web.py", line 27, in web_client
    return super().web_client(s_action, **kw)
           ^^^^^^^^^^^^^^^^^^^^^^^^^^^^^^^^^^
  File "C:\Users\wadhi\OneDrive\Documents\KULIAH\MAGANG\wisi-wise-web-odoo\odoo\http.py", line 788, in route_wrapper
    result = endpoint(self, *args, **params_ok)
             ^^^^^^^^^^^^^^^^^^^^^^^^^^^^^^^^^^
  File "c:\users\wadhi\onedrive\documents\kuliah\magang\wisi-wise-web-odoo\addons\web\controllers\home.py", line 68, in web_client
    context = request.env['ir.http'].webclient_rendering_context()
              ^^^^^^^^^^^^^^^^^^^^^^^^^^^^^^^^^^^^^^^^^^^^^^^^^^^^
  File "c:\users\wadhi\onedrive\documents\kuliah\magang\wisi-wise-web-odoo\addons\web\models\ir_http.py", line 69, in webclient_rendering_context
    'session_info': self.session_info(),
                    ^^^^^^^^^^^^^^^^^^^
  File "c:\users\wadhi\onedrive\documents\kuliah\magang\wisi-wise-web-odoo\addons\partner_autocomplete\models\ir_http.py", line 12, in session_info
    session_info = super().session_info()
                   ^^^^^^^^^^^^^^^^^^^^^^
  File "c:\users\wadhi\onedrive\documents\kuliah\magang\wisi-wise-web-odoo\addons\mail\models\ir_http.py", line 22, in session_info
    ResUsers._init_store_data(store)
  File "c:\users\wadhi\onedrive\documents\kuliah\magang\wisi-wise-web-odoo\addons\mail\models\discuss\res_users.py", line 57, in _init_store_data
    super()._init_store_data(store)
  File "c:\users\wadhi\onedrive\documents\kuliah\magang\wisi-wise-web-odoo\addons\mail\models\res_users.py", line 398, in _init_store_data
    store.add_global_values(
  File "c:\users\wadhi\onedrive\documents\kuliah\magang\wisi-wise-web-odoo\addons\mail\tools\discuss.py", line 132, in add_global_values
    self.add_singleton_values("Store", values)
  File "c:\users\wadhi\onedrive\documents\kuliah\magang\wisi-wise-web-odoo\addons\mail\tools\discuss.py", line 181, in add_singleton_values
    self._add_values(values, model_name)
  File "c:\users\wadhi\onedrive\documents\kuliah\magang\wisi-wise-web-odoo\addons\mail\tools\discuss.py", line 232, in _add_values
    val._add_to_store(self, target, key)
  File "c:\users\wadhi\onedrive\documents\kuliah\magang\wisi-wise-web-odoo\addons\mail\tools\discuss.py", line 479, in _add_to_store
    super()._add_to_store(store, target, key)
  File "c:\users\wadhi\onedrive\documents\kuliah\magang\wisi-wise-web-odoo\addons\mail\tools\discuss.py", line 447, in _add_to_store
    store.add(self.records, self.fields, as_thread=self.as_thread, **self.kwargs)
  File "c:\users\wadhi\onedrive\documents\kuliah\magang\wisi-wise-web-odoo\addons\mail\tools\discuss.py", line 124, in add
    self.add_records_fields(records, fields)
  File "c:\users\wadhi\onedrive\documents\kuliah\magang\wisi-wise-web-odoo\addons\mail\tools\discuss.py", line 162, in add_records_fields
    for record, record_data_list in zip(records, self._get_records_data_list(records, fields)):
                                                 ^^^^^^^^^^^^^^^^^^^^^^^^^^^^^^^^^^^^^^^^^^^^
  File "c:\users\wadhi\onedrive\documents\kuliah\magang\wisi-wise-web-odoo\addons\mail\tools\discuss.py", line 268, in _get_records_data_list
    for data_dict in records._read_format(
                     ^^^^^^^^^^^^^^^^^^^^^
  File "C:\Users\wadhi\OneDrive\Documents\KULIAH\MAGANG\wisi-wise-web-odoo\odoo\orm\models.py", line 3747, in _read_format
    vals[name] = convert(record[name], record, use_display_name)
                         ~~~~~~^^^^^^
  File "C:\Users\wadhi\OneDrive\Documents\KULIAH\MAGANG\wisi-wise-web-odoo\odoo\orm\models.py", line 6686, in __getitem__
    return self._fields[key].__get__(self)
           ^^^^^^^^^^^^^^^^^^^^^^^^^^^^^^^
  File "C:\Users\wadhi\OneDrive\Documents\KULIAH\MAGANG\wisi-wise-web-odoo\odoo\orm\fields.py", line 1746, in __get__
    self.compute_value(recs)
  File "C:\Users\wadhi\OneDrive\Documents\KULIAH\MAGANG\wisi-wise-web-odoo\odoo\orm\fields.py", line 1917, in compute_value
    records._compute_field_value(self)
  File "c:\users\wadhi\onedrive\documents\kuliah\magang\wisi-wise-web-odoo\addons\mail\models\mail_thread.py", line 483, in _compute_field_value
    return super()._compute_field_value(field)
           ^^^^^^^^^^^^^^^^^^^^^^^^^^^^^^^^^^^
  File "C:\Users\wadhi\OneDrive\Documents\KULIAH\MAGANG\wisi-wise-web-odoo\odoo\orm\models.py", line 4952, in _compute_field_value
    determine(field.compute, self)
  File "C:\Users\wadhi\OneDrive\Documents\KULIAH\MAGANG\wisi-wise-web-odoo\odoo\orm\fields.py", line 81, in determine
    return needle(*args)
           ^^^^^^^^^^^^^
  File "c:\users\wadhi\onedrive\documents\kuliah\magang\wisi-wise-web-odoo\addons\hr_homeworking\models\res_partner.py", line 13, in _compute_im_status
    location_type = user[dayfield].location_type
                    ~~~~^^^^^^^^^^
  File "C:\Users\wadhi\OneDrive\Documents\KULIAH\MAGANG\wisi-wise-web-odoo\odoo\orm\models.py", line 6686, in __getitem__
    return self._fields[key].__get__(self)
           ^^^^^^^^^^^^^^^^^^^^^^^^^^^^^^^
  File "C:\Users\wadhi\OneDrive\Documents\KULIAH\MAGANG\wisi-wise-web-odoo\odoo\orm\fields_relational.py", line 45, in __get__
    return super().__get__(records, owner)
           ^^^^^^^^^^^^^^^^^^^^^^^^^^^^^^^
  File "C:\Users\wadhi\OneDrive\Documents\KULIAH\MAGANG\wisi-wise-web-odoo\odoo\orm\fields.py", line 1746, in __get__
    self.compute_value(recs)
  File "C:\Users\wadhi\OneDrive\Documents\KULIAH\MAGANG\wisi-wise-web-odoo\odoo\orm\fields.py", line 1917, in compute_value
    records._compute_field_value(self)
  File "C:\Users\wadhi\OneDrive\Documents\KULIAH\MAGANG\wisi-wise-web-odoo\odoo\orm\models.py", line 4952, in _compute_field_value
    determine(field.compute, self)
  File "C:\Users\wadhi\OneDrive\Documents\KULIAH\MAGANG\wisi-wise-web-odoo\odoo\orm\fields.py", line 84, in determine
    return needle(records, *args)
           ^^^^^^^^^^^^^^^^^^^^^^
  File "C:\Users\wadhi\OneDrive\Documents\KULIAH\MAGANG\wisi-wise-web-odoo\odoo\orm\fields.py", line 708, in _compute_related
    values = [next(iter(val := value[name]), val) for value in values]
                               ~~~~~^^^^^^
  File "C:\Users\wadhi\OneDrive\Documents\KULIAH\MAGANG\wisi-wise-web-odoo\odoo\orm\models.py", line 6686, in __getitem__
    return self._fields[key].__get__(self)
           ^^^^^^^^^^^^^^^^^^^^^^^^^^^^^^^
  File "C:\Users\wadhi\OneDrive\Documents\KULIAH\MAGANG\wisi-wise-web-odoo\odoo\orm\fields_relational.py", line 45, in __get__
    return super().__get__(records, owner)
           ^^^^^^^^^^^^^^^^^^^^^^^^^^^^^^^
  File "C:\Users\wadhi\OneDrive\Documents\KULIAH\MAGANG\wisi-wise-web-odoo\odoo\orm\fields.py", line 1746, in __get__
    self.compute_value(recs)
  File "C:\Users\wadhi\OneDrive\Documents\KULIAH\MAGANG\wisi-wise-web-odoo\odoo\orm\fields.py", line 1917, in compute_value
    records._compute_field_value(self)
  File "C:\Users\wadhi\OneDrive\Documents\KULIAH\MAGANG\wisi-wise-web-odoo\odoo\orm\models.py", line 4952, in _compute_field_value
    determine(field.compute, self)
  File "C:\Users\wadhi\OneDrive\Documents\KULIAH\MAGANG\wisi-wise-web-odoo\odoo\orm\fields.py", line 81, in determine
    return needle(*args)
           ^^^^^^^^^^^^^
  File "c:\users\wadhi\onedrive\documents\kuliah\magang\wisi-wise-web-odoo\addons\hr\models\res_users.py", line 268, in _compute_company_employee
    employee.user_id: employee
    ^^^^^^^^^^^^^^^^
  File "C:\Users\wadhi\OneDrive\Documents\KULIAH\MAGANG\wisi-wise-web-odoo\odoo\orm\fields_relational.py", line 45, in __get__
    return super().__get__(records, owner)
           ^^^^^^^^^^^^^^^^^^^^^^^^^^^^^^^
  File "C:\Users\wadhi\OneDrive\Documents\KULIAH\MAGANG\wisi-wise-web-odoo\odoo\orm\fields.py", line 1702, in __get__
    recs._fetch_field(self)
  File "C:\Users\wadhi\OneDrive\Documents\KULIAH\MAGANG\wisi-wise-web-odoo\odoo\orm\models.py", line 3772, in _fetch_field
    self.fetch(fnames)
  File "c:\users\wadhi\onedrive\documents\kuliah\magang\wisi-wise-web-odoo\addons\hr\models\hr_employee.py", line 1109, in fetch
    return super().fetch(field_names)
           ^^^^^^^^^^^^^^^^^^^^^^^^^^
  File "C:\Users\wadhi\OneDrive\Documents\KULIAH\MAGANG\wisi-wise-web-odoo\odoo\orm\models.py", line 3812, in fetch
    fetched = self._fetch_query(query, fields_to_fetch)
              ^^^^^^^^^^^^^^^^^^^^^^^^^^^^^^^^^^^^^^^^^
  File "C:\Users\wadhi\OneDrive\Documents\KULIAH\MAGANG\wisi-wise-web-odoo\odoo\orm\models.py", line 3917, in _fetch_query
    rows = self.env.execute_query(query.select(*sql_terms))
           ^^^^^^^^^^^^^^^^^^^^^^^^^^^^^^^^^^^^^^^^^^^^^^^^
  File "C:\Users\wadhi\OneDrive\Documents\KULIAH\MAGANG\wisi-wise-web-odoo\odoo\orm\environments.py", line 534, in execute_query
    self.cr.execute(query)
  File "C:\Users\wadhi\OneDrive\Documents\KULIAH\MAGANG\wisi-wise-web-odoo\odoo\sql_db.py", line 433, in execute
    self._obj.execute(query, params)
psycopg2.errors.UndefinedColumn: column hr_employee.nip does not exist
LINE 1: ...ocation_id", "hr_employee"."today_location_name", "hr_employ...
                                                             ^

2026-02-26 08:08:44,249 38644 INFO wsi_2026 werkzeug: 127.0.0.1 - - [26/Feb/2026 08:08:44] "GET /odoo/employees/1 HTTP/1.1" 500 - 74 0.126 1.692
2026-02-26 08:08:46,274 38644 INFO wsi_2026 werkzeug: 127.0.0.1 - - [26/Feb/2026 08:08:46] "GET /web/service-worker.js HTTP/1.1" 200 - 1 0.002 0.007
2026-02-26 08:09:05,144 38644 INFO ? odoo.service.server: Initiating shutdown 
2026-02-26 08:09:05,144 38644 INFO ? odoo.service.server: Hit CTRL-C again or send a second signal to force the shutdown. 
2026-02-26 08:09:05,205 38644 DEBUG ? odoo.service.server: on_close call <bound method Event.set of <threading.Event at 0x27937bb36e0: unset>> 
2026-02-26 08:09:05,206 38644 DEBUG ? odoo.service.server: on_close call <function _kick_all at 0x0000027937BED8A0> 
2026-02-26 08:09:05,206 38644 DEBUG ? odoo.service.server: current thread: <_MainThread(MainThread, started 30236)> 
2026-02-26 08:09:05,206 38644 DEBUG ? odoo.service.server: process <_MainThread(MainThread, started 30236)> (False) 
2026-02-26 08:09:05,206 38644 DEBUG ? odoo.service.server: process <Thread(odoo.service.cron.cron0, started daemon 35628)> (True) 
2026-02-26 08:09:05,206 38644 DEBUG ? odoo.service.server: process <Thread(odoo.service.cron.cron1, started daemon 33148)> (True) 
2026-02-26 08:09:05,206 38644 DEBUG ? odoo.service.server: process <Thread(odoo.service.http.request.38312, started 38312)> (False) 
2026-02-26 08:09:05,206 38644 DEBUG ? odoo.service.server: join and sleep 
2026-02-26 08:09:05,319 38644 DEBUG ? odoo.service.server: join and sleep 
2026-02-26 08:09:05,428 38644 DEBUG ? odoo.service.server: join and sleep 
2026-02-26 08:09:05,537 38644 DEBUG ? odoo.service.server: join and sleep 
2026-02-26 08:09:05,645 38644 DEBUG ? odoo.service.server: join and sleep 
2026-02-26 08:09:05,755 38644 DEBUG ? odoo.service.server: join and sleep 
2026-02-26 08:09:05,865 38644 DEBUG ? odoo.service.server: join and sleep 
2026-02-26 08:09:05,974 38644 DEBUG ? odoo.service.server: join and sleep 
2026-02-26 08:09:06,084 38644 DEBUG ? odoo.service.server: join and sleep 
2026-02-26 08:09:06,195 38644 INFO ? odoo.sql_db: ConnectionPool(read/write;used=0/count=0/max=64): Closed 3 connections  
2026-02-26 08:09:06,221 38644 INFO ? odoo.service.server: cron1 max age (0s) reached, releasing connection. 
2026-02-26 08:09:06,221 38644 INFO ? odoo.service.server: cron0 max age (0s) reached, releasing connection. 
2026-02-26 08:09:06,221 38644 DEBUG ? odoo.service.server: -- 
2026-02-26 08:09:12,127 38644 DEBUG wsi_2026 odoo.domains: The domain condition [('user_consumed_ids', 'not in', 2)] should have a list value. 
2026-02-26 08:09:12,156 38644 ERROR wsi_2026 odoo.sql_db: bad query: b'SELECT "hr_employee"."id", "hr_employee"."resource_id", "hr_employee"."company_id", "hr_employee"."message_main_attachment_id", "hr_employee"."current_version_id", "hr_employee"."name", "hr_employee"."user_id", "hr_employee"."active", "hr_employee"."work_phone", "hr_employee"."mobile_phone", "hr_employee"."work_email", "hr_employee"."work_contact_id", "hr_employee"."legal_name", "hr_employee"."private_phone", "hr_employee"."private_email", "hr_employee"."lang", "hr_employee"."place_of_birth", "hr_employee"."country_of_birth", "hr_employee"."birthday", "hr_employee"."birthday_public_display", "hr_employee"."salary_distribution", "hr_employee"."permit_no", "hr_employee"."visa_no", "hr_employee"."visa_expire", "hr_employee"."work_permit_expiration_date", "hr_employee"."work_permit_scheduled_activity", "hr_employee"."certificate", "hr_employee"."study_field", "hr_employee"."study_school", "hr_employee"."emergency_contact", "hr_employee"."emergency_phone", "hr_employee"."parent_id", "hr_employee"."coach_id", "hr_employee"."color", "hr_employee"."barcode", "hr_employee"."pin", "hr_employee"."private_car_plate", "hr_employee"."create_uid", "hr_employee"."create_date", "hr_employee"."write_uid", "hr_employee"."write_date", "hr_employee"."attendance_manager_id", "hr_employee"."last_attendance_id", "hr_employee"."last_check_in", "hr_employee"."last_check_out", "hr_employee"."leave_manager_id", "hr_employee"."monday_location_id", "hr_employee"."tuesday_location_id", "hr_employee"."wednesday_location_id", "hr_employee"."thursday_location_id", "hr_employee"."friday_location_id", "hr_employee"."saturday_location_id", "hr_employee"."sunday_location_id", "hr_employee"."today_location_name", "hr_employee"."nip", "hr_employee"."nomor_bpjs", "hr_employee"."akun_sosmed" FROM "hr_employee" WHERE "hr_employee"."id" IN (1)'
ERROR: column hr_employee.nip does not exist
LINE 1: ...ocation_id", "hr_employee"."today_location_name", "hr_employ...
                                                             ^
 
2026-02-26 08:09:12,157 38644 ERROR wsi_2026 odoo.http: Exception during request handling. 
Traceback (most recent call last):
  File "C:\Users\wadhi\OneDrive\Documents\KULIAH\MAGANG\wisi-wise-web-odoo\odoo\http.py", line 2800, in __call__
    response = request._serve_db()
               ^^^^^^^^^^^^^^^^^^^
  File "C:\Users\wadhi\OneDrive\Documents\KULIAH\MAGANG\wisi-wise-web-odoo\odoo\http.py", line 2275, in _serve_db
    raise self._update_served_exception(exc)
  File "C:\Users\wadhi\OneDrive\Documents\KULIAH\MAGANG\wisi-wise-web-odoo\odoo\http.py", line 2273, in _serve_db
    return service_model.retrying(serve_func, env=self.env)
           ^^^^^^^^^^^^^^^^^^^^^^^^^^^^^^^^^^^^^^^^^^^^^^^^
  File "C:\Users\wadhi\OneDrive\Documents\KULIAH\MAGANG\wisi-wise-web-odoo\odoo\service\model.py", line 185, in retrying
    result = func()
             ^^^^^^
  File "C:\Users\wadhi\OneDrive\Documents\KULIAH\MAGANG\wisi-wise-web-odoo\odoo\http.py", line 2328, in _serve_ir_http
    response = self.dispatcher.dispatch(rule.endpoint, args)
               ^^^^^^^^^^^^^^^^^^^^^^^^^^^^^^^^^^^^^^^^^^^^^
  File "C:\Users\wadhi\OneDrive\Documents\KULIAH\MAGANG\wisi-wise-web-odoo\odoo\http.py", line 2450, in dispatch
    return self.request.registry['ir.http']._dispatch(endpoint)
           ^^^^^^^^^^^^^^^^^^^^^^^^^^^^^^^^^^^^^^^^^^^^^^^^^^^^
  File "C:\Users\wadhi\OneDrive\Documents\KULIAH\MAGANG\wisi-wise-web-odoo\odoo\addons\base\models\ir_http.py", line 355, in _dispatch
    result = endpoint(**request.params)
             ^^^^^^^^^^^^^^^^^^^^^^^^^^
  File "C:\Users\wadhi\OneDrive\Documents\KULIAH\MAGANG\wisi-wise-web-odoo\odoo\http.py", line 788, in route_wrapper
    result = endpoint(self, *args, **params_ok)
             ^^^^^^^^^^^^^^^^^^^^^^^^^^^^^^^^^^
  File "c:\users\wadhi\onedrive\documents\kuliah\magang\wisi-wise-web-odoo\addons\portal\controllers\web.py", line 27, in web_client
    return super().web_client(s_action, **kw)
           ^^^^^^^^^^^^^^^^^^^^^^^^^^^^^^^^^^
  File "C:\Users\wadhi\OneDrive\Documents\KULIAH\MAGANG\wisi-wise-web-odoo\odoo\http.py", line 788, in route_wrapper
    result = endpoint(self, *args, **params_ok)
             ^^^^^^^^^^^^^^^^^^^^^^^^^^^^^^^^^^
  File "c:\users\wadhi\onedrive\documents\kuliah\magang\wisi-wise-web-odoo\addons\web\controllers\home.py", line 68, in web_client
    context = request.env['ir.http'].webclient_rendering_context()
              ^^^^^^^^^^^^^^^^^^^^^^^^^^^^^^^^^^^^^^^^^^^^^^^^^^^^
  File "c:\users\wadhi\onedrive\documents\kuliah\magang\wisi-wise-web-odoo\addons\web\models\ir_http.py", line 69, in webclient_rendering_context
    'session_info': self.session_info(),
                    ^^^^^^^^^^^^^^^^^^^
  File "c:\users\wadhi\onedrive\documents\kuliah\magang\wisi-wise-web-odoo\addons\partner_autocomplete\models\ir_http.py", line 12, in session_info
    session_info = super().session_info()
                   ^^^^^^^^^^^^^^^^^^^^^^
  File "c:\users\wadhi\onedrive\documents\kuliah\magang\wisi-wise-web-odoo\addons\mail\models\ir_http.py", line 22, in session_info
    ResUsers._init_store_data(store)
  File "c:\users\wadhi\onedrive\documents\kuliah\magang\wisi-wise-web-odoo\addons\mail\models\discuss\res_users.py", line 57, in _init_store_data
    super()._init_store_data(store)
  File "c:\users\wadhi\onedrive\documents\kuliah\magang\wisi-wise-web-odoo\addons\mail\models\res_users.py", line 398, in _init_store_data
    store.add_global_values(
  File "c:\users\wadhi\onedrive\documents\kuliah\magang\wisi-wise-web-odoo\addons\mail\tools\discuss.py", line 132, in add_global_values
    self.add_singleton_values("Store", values)
  File "c:\users\wadhi\onedrive\documents\kuliah\magang\wisi-wise-web-odoo\addons\mail\tools\discuss.py", line 181, in add_singleton_values
    self._add_values(values, model_name)
  File "c:\users\wadhi\onedrive\documents\kuliah\magang\wisi-wise-web-odoo\addons\mail\tools\discuss.py", line 232, in _add_values
    val._add_to_store(self, target, key)
  File "c:\users\wadhi\onedrive\documents\kuliah\magang\wisi-wise-web-odoo\addons\mail\tools\discuss.py", line 479, in _add_to_store
    super()._add_to_store(store, target, key)
  File "c:\users\wadhi\onedrive\documents\kuliah\magang\wisi-wise-web-odoo\addons\mail\tools\discuss.py", line 447, in _add_to_store
    store.add(self.records, self.fields, as_thread=self.as_thread, **self.kwargs)
  File "c:\users\wadhi\onedrive\documents\kuliah\magang\wisi-wise-web-odoo\addons\mail\tools\discuss.py", line 124, in add
    self.add_records_fields(records, fields)
  File "c:\users\wadhi\onedrive\documents\kuliah\magang\wisi-wise-web-odoo\addons\mail\tools\discuss.py", line 162, in add_records_fields
    for record, record_data_list in zip(records, self._get_records_data_list(records, fields)):
                                                 ^^^^^^^^^^^^^^^^^^^^^^^^^^^^^^^^^^^^^^^^^^^^
  File "c:\users\wadhi\onedrive\documents\kuliah\magang\wisi-wise-web-odoo\addons\mail\tools\discuss.py", line 268, in _get_records_data_list
    for data_dict in records._read_format(
                     ^^^^^^^^^^^^^^^^^^^^^
  File "C:\Users\wadhi\OneDrive\Documents\KULIAH\MAGANG\wisi-wise-web-odoo\odoo\orm\models.py", line 3747, in _read_format
    vals[name] = convert(record[name], record, use_display_name)
                         ~~~~~~^^^^^^
  File "C:\Users\wadhi\OneDrive\Documents\KULIAH\MAGANG\wisi-wise-web-odoo\odoo\orm\models.py", line 6686, in __getitem__
    return self._fields[key].__get__(self)
           ^^^^^^^^^^^^^^^^^^^^^^^^^^^^^^^
  File "C:\Users\wadhi\OneDrive\Documents\KULIAH\MAGANG\wisi-wise-web-odoo\odoo\orm\fields.py", line 1746, in __get__
    self.compute_value(recs)
  File "C:\Users\wadhi\OneDrive\Documents\KULIAH\MAGANG\wisi-wise-web-odoo\odoo\orm\fields.py", line 1917, in compute_value
    records._compute_field_value(self)
  File "c:\users\wadhi\onedrive\documents\kuliah\magang\wisi-wise-web-odoo\addons\mail\models\mail_thread.py", line 483, in _compute_field_value
    return super()._compute_field_value(field)
           ^^^^^^^^^^^^^^^^^^^^^^^^^^^^^^^^^^^
  File "C:\Users\wadhi\OneDrive\Documents\KULIAH\MAGANG\wisi-wise-web-odoo\odoo\orm\models.py", line 4952, in _compute_field_value
    determine(field.compute, self)
  File "C:\Users\wadhi\OneDrive\Documents\KULIAH\MAGANG\wisi-wise-web-odoo\odoo\orm\fields.py", line 81, in determine
    return needle(*args)
           ^^^^^^^^^^^^^
  File "c:\users\wadhi\onedrive\documents\kuliah\magang\wisi-wise-web-odoo\addons\hr_homeworking\models\res_partner.py", line 13, in _compute_im_status
    location_type = user[dayfield].location_type
                    ~~~~^^^^^^^^^^
  File "C:\Users\wadhi\OneDrive\Documents\KULIAH\MAGANG\wisi-wise-web-odoo\odoo\orm\models.py", line 6686, in __getitem__
    return self._fields[key].__get__(self)
           ^^^^^^^^^^^^^^^^^^^^^^^^^^^^^^^
  File "C:\Users\wadhi\OneDrive\Documents\KULIAH\MAGANG\wisi-wise-web-odoo\odoo\orm\fields_relational.py", line 45, in __get__
    return super().__get__(records, owner)
           ^^^^^^^^^^^^^^^^^^^^^^^^^^^^^^^
  File "C:\Users\wadhi\OneDrive\Documents\KULIAH\MAGANG\wisi-wise-web-odoo\odoo\orm\fields.py", line 1746, in __get__
    self.compute_value(recs)
  File "C:\Users\wadhi\OneDrive\Documents\KULIAH\MAGANG\wisi-wise-web-odoo\odoo\orm\fields.py", line 1917, in compute_value
    records._compute_field_value(self)
  File "C:\Users\wadhi\OneDrive\Documents\KULIAH\MAGANG\wisi-wise-web-odoo\odoo\orm\models.py", line 4952, in _compute_field_value
    determine(field.compute, self)
  File "C:\Users\wadhi\OneDrive\Documents\KULIAH\MAGANG\wisi-wise-web-odoo\odoo\orm\fields.py", line 84, in determine
    return needle(records, *args)
           ^^^^^^^^^^^^^^^^^^^^^^
  File "C:\Users\wadhi\OneDrive\Documents\KULIAH\MAGANG\wisi-wise-web-odoo\odoo\orm\fields.py", line 708, in _compute_related
    values = [next(iter(val := value[name]), val) for value in values]
                               ~~~~~^^^^^^
  File "C:\Users\wadhi\OneDrive\Documents\KULIAH\MAGANG\wisi-wise-web-odoo\odoo\orm\models.py", line 6686, in __getitem__
    return self._fields[key].__get__(self)
           ^^^^^^^^^^^^^^^^^^^^^^^^^^^^^^^
  File "C:\Users\wadhi\OneDrive\Documents\KULIAH\MAGANG\wisi-wise-web-odoo\odoo\orm\fields_relational.py", line 45, in __get__
    return super().__get__(records, owner)
           ^^^^^^^^^^^^^^^^^^^^^^^^^^^^^^^
  File "C:\Users\wadhi\OneDrive\Documents\KULIAH\MAGANG\wisi-wise-web-odoo\odoo\orm\fields.py", line 1746, in __get__
    self.compute_value(recs)
  File "C:\Users\wadhi\OneDrive\Documents\KULIAH\MAGANG\wisi-wise-web-odoo\odoo\orm\fields.py", line 1917, in compute_value
    records._compute_field_value(self)
  File "C:\Users\wadhi\OneDrive\Documents\KULIAH\MAGANG\wisi-wise-web-odoo\odoo\orm\models.py", line 4952, in _compute_field_value
    determine(field.compute, self)
  File "C:\Users\wadhi\OneDrive\Documents\KULIAH\MAGANG\wisi-wise-web-odoo\odoo\orm\fields.py", line 81, in determine
    return needle(*args)
           ^^^^^^^^^^^^^
  File "c:\users\wadhi\onedrive\documents\kuliah\magang\wisi-wise-web-odoo\addons\hr\models\res_users.py", line 268, in _compute_company_employee
    employee.user_id: employee
    ^^^^^^^^^^^^^^^^
  File "C:\Users\wadhi\OneDrive\Documents\KULIAH\MAGANG\wisi-wise-web-odoo\odoo\orm\fields_relational.py", line 45, in __get__
    return super().__get__(records, owner)
           ^^^^^^^^^^^^^^^^^^^^^^^^^^^^^^^
  File "C:\Users\wadhi\OneDrive\Documents\KULIAH\MAGANG\wisi-wise-web-odoo\odoo\orm\fields.py", line 1702, in __get__
    recs._fetch_field(self)
  File "C:\Users\wadhi\OneDrive\Documents\KULIAH\MAGANG\wisi-wise-web-odoo\odoo\orm\models.py", line 3772, in _fetch_field
    self.fetch(fnames)
  File "c:\users\wadhi\onedrive\documents\kuliah\magang\wisi-wise-web-odoo\addons\hr\models\hr_employee.py", line 1109, in fetch
    return super().fetch(field_names)
           ^^^^^^^^^^^^^^^^^^^^^^^^^^
  File "C:\Users\wadhi\OneDrive\Documents\KULIAH\MAGANG\wisi-wise-web-odoo\odoo\orm\models.py", line 3812, in fetch
    fetched = self._fetch_query(query, fields_to_fetch)
              ^^^^^^^^^^^^^^^^^^^^^^^^^^^^^^^^^^^^^^^^^
  File "C:\Users\wadhi\OneDrive\Documents\KULIAH\MAGANG\wisi-wise-web-odoo\odoo\orm\models.py", line 3917, in _fetch_query
    rows = self.env.execute_query(query.select(*sql_terms))
           ^^^^^^^^^^^^^^^^^^^^^^^^^^^^^^^^^^^^^^^^^^^^^^^^
  File "C:\Users\wadhi\OneDrive\Documents\KULIAH\MAGANG\wisi-wise-web-odoo\odoo\orm\environments.py", line 534, in execute_query
    self.cr.execute(query)
  File "C:\Users\wadhi\OneDrive\Documents\KULIAH\MAGANG\wisi-wise-web-odoo\odoo\sql_db.py", line 433, in execute
    self._obj.execute(query, params)
psycopg2.errors.UndefinedColumn: column hr_employee.nip does not exist
LINE 1: ...ocation_id", "hr_employee"."today_location_name", "hr_employ...
                                                             ^

2026-02-26 08:09:12,163 38644 INFO wsi_2026 werkzeug: 127.0.0.1 - - [26/Feb/2026 08:09:12] "GET /odoo/employees/1 HTTP/1.1" 500 - 22 0.040 0.054
2026-02-26 08:11:16,691 14364 WARNING ? odoo.tools.config: missing --http-interface/http_interface, using 0.0.0.0 by default, will change to 127.0.0.1 in 20.0 
2026-02-26 08:11:16,693 14364 INFO ? odoo: Odoo version 19.0 
2026-02-26 08:11:16,693 14364 INFO ? odoo: Using configuration file at c:\users\wadhi\onedrive\documents\kuliah\magang\wisi-wise-web-odoo\odoo.conf 
2026-02-26 08:11:16,694 14364 INFO ? odoo: addons paths: _NamespacePath(['C:\\Users\\wadhi\\OneDrive\\Documents\\KULIAH\\MAGANG\\wisi-wise-web-odoo\\odoo\\addons', 'C:\\Users\\wadhi\\AppData\\Local\\OpenERP S.A.\\Odoo\\addons\\19.0', 'c:\\users\\wadhi\\onedrive\\documents\\kuliah\\magang\\wisi-wise-web-odoo\\odoo\\addons', 'c:\\users\\wadhi\\onedrive\\documents\\kuliah\\magang\\wisi-wise-web-odoo\\addons', 'c:\\users\\wadhi\\onedrive\\documents\\kuliah\\magang\\wisi-wise-web-odoo\\custom_addons']) 
2026-02-26 08:11:16,694 14364 INFO ? odoo: database: odoo@localhost:5434 
2026-02-26 08:11:17,783 14364 WARNING ? odoo.service.server: 'watchdog' module not installed. Code autoreload feature is disabled 
2026-02-26 08:11:17,813 14364 INFO ? odoo.service.server: HTTP service (werkzeug) running on LAPTOP-B7F6P6QO:8069 
2026-02-26 08:11:20,352 14364 INFO ? odoo.modules.loading: loading 1 modules... 
2026-02-26 08:11:20,361 14364 INFO ? odoo.modules.loading: 1 modules loaded in 0.01s, 0 queries (+0 extra) 
2026-02-26 08:11:20,418 14364 WARNING ? odoo.modules.module: Missing `license` key in manifest for 'wsi_hr_employee', defaulting to LGPL-3 
2026-02-26 08:11:20,438 14364 INFO ? odoo.modules.loading: loading 51 modules... 
2026-02-26 08:11:22,259 14364 INFO ? odoo.modules.loading: 51 modules loaded in 1.82s, 0 queries (+0 extra) 
2026-02-26 08:11:22,487 14364 INFO ? odoo.modules.loading: Modules loaded. 
2026-02-26 08:11:22,559 14364 INFO ? odoo.registry: Registry loaded in 2.393s 
2026-02-26 08:11:22,564 14364 INFO wsi_2026 odoo.addons.base.models.ir_http: Generating routing map for key None 
2026-02-26 08:11:22,677 14364 INFO wsi_2026 werkzeug: 127.0.0.1 - - [26/Feb/2026 08:11:22] "GET / HTTP/1.1" 303 - 29 0.242 2.272
2026-02-26 08:11:22,900 14364 ERROR wsi_2026 odoo.sql_db: bad query: b'SELECT "hr_employee"."id", "hr_employee"."resource_id", "hr_employee"."company_id", "hr_employee"."message_main_attachment_id", "hr_employee"."current_version_id", "hr_employee"."name", "hr_employee"."user_id", "hr_employee"."active", "hr_employee"."work_phone", "hr_employee"."mobile_phone", "hr_employee"."work_email", "hr_employee"."work_contact_id", "hr_employee"."legal_name", "hr_employee"."private_phone", "hr_employee"."private_email", "hr_employee"."lang", "hr_employee"."place_of_birth", "hr_employee"."country_of_birth", "hr_employee"."birthday", "hr_employee"."birthday_public_display", "hr_employee"."salary_distribution", "hr_employee"."permit_no", "hr_employee"."visa_no", "hr_employee"."visa_expire", "hr_employee"."work_permit_expiration_date", "hr_employee"."work_permit_scheduled_activity", "hr_employee"."certificate", "hr_employee"."study_field", "hr_employee"."study_school", "hr_employee"."emergency_contact", "hr_employee"."emergency_phone", "hr_employee"."parent_id", "hr_employee"."coach_id", "hr_employee"."color", "hr_employee"."barcode", "hr_employee"."pin", "hr_employee"."private_car_plate", "hr_employee"."create_uid", "hr_employee"."create_date", "hr_employee"."write_uid", "hr_employee"."write_date", "hr_employee"."attendance_manager_id", "hr_employee"."last_attendance_id", "hr_employee"."last_check_in", "hr_employee"."last_check_out", "hr_employee"."leave_manager_id", "hr_employee"."monday_location_id", "hr_employee"."tuesday_location_id", "hr_employee"."wednesday_location_id", "hr_employee"."thursday_location_id", "hr_employee"."friday_location_id", "hr_employee"."saturday_location_id", "hr_employee"."sunday_location_id", "hr_employee"."today_location_name", "hr_employee"."nip", "hr_employee"."nomor_bpjs", "hr_employee"."akun_sosmed" FROM "hr_employee" WHERE "hr_employee"."id" IN (1)'
ERROR: column hr_employee.nip does not exist
LINE 1: ...ocation_id", "hr_employee"."today_location_name", "hr_employ...
                                                             ^
 
2026-02-26 08:11:22,903 14364 ERROR wsi_2026 odoo.http: Exception during request handling. 
Traceback (most recent call last):
  File "C:\Users\wadhi\OneDrive\Documents\KULIAH\MAGANG\wisi-wise-web-odoo\odoo\http.py", line 2800, in __call__
    response = request._serve_db()
               ^^^^^^^^^^^^^^^^^^^
  File "C:\Users\wadhi\OneDrive\Documents\KULIAH\MAGANG\wisi-wise-web-odoo\odoo\http.py", line 2275, in _serve_db
    raise self._update_served_exception(exc)
  File "C:\Users\wadhi\OneDrive\Documents\KULIAH\MAGANG\wisi-wise-web-odoo\odoo\http.py", line 2273, in _serve_db
    return service_model.retrying(serve_func, env=self.env)
           ^^^^^^^^^^^^^^^^^^^^^^^^^^^^^^^^^^^^^^^^^^^^^^^^
  File "C:\Users\wadhi\OneDrive\Documents\KULIAH\MAGANG\wisi-wise-web-odoo\odoo\service\model.py", line 185, in retrying
    result = func()
             ^^^^^^
  File "C:\Users\wadhi\OneDrive\Documents\KULIAH\MAGANG\wisi-wise-web-odoo\odoo\http.py", line 2328, in _serve_ir_http
    response = self.dispatcher.dispatch(rule.endpoint, args)
               ^^^^^^^^^^^^^^^^^^^^^^^^^^^^^^^^^^^^^^^^^^^^^
  File "C:\Users\wadhi\OneDrive\Documents\KULIAH\MAGANG\wisi-wise-web-odoo\odoo\http.py", line 2450, in dispatch
    return self.request.registry['ir.http']._dispatch(endpoint)
           ^^^^^^^^^^^^^^^^^^^^^^^^^^^^^^^^^^^^^^^^^^^^^^^^^^^^
  File "C:\Users\wadhi\OneDrive\Documents\KULIAH\MAGANG\wisi-wise-web-odoo\odoo\addons\base\models\ir_http.py", line 355, in _dispatch
    result = endpoint(**request.params)
             ^^^^^^^^^^^^^^^^^^^^^^^^^^
  File "C:\Users\wadhi\OneDrive\Documents\KULIAH\MAGANG\wisi-wise-web-odoo\odoo\http.py", line 788, in route_wrapper
    result = endpoint(self, *args, **params_ok)
             ^^^^^^^^^^^^^^^^^^^^^^^^^^^^^^^^^^
  File "c:\users\wadhi\onedrive\documents\kuliah\magang\wisi-wise-web-odoo\addons\portal\controllers\web.py", line 27, in web_client
    return super().web_client(s_action, **kw)
           ^^^^^^^^^^^^^^^^^^^^^^^^^^^^^^^^^^
  File "C:\Users\wadhi\OneDrive\Documents\KULIAH\MAGANG\wisi-wise-web-odoo\odoo\http.py", line 788, in route_wrapper
    result = endpoint(self, *args, **params_ok)
             ^^^^^^^^^^^^^^^^^^^^^^^^^^^^^^^^^^
  File "c:\users\wadhi\onedrive\documents\kuliah\magang\wisi-wise-web-odoo\addons\web\controllers\home.py", line 68, in web_client
    context = request.env['ir.http'].webclient_rendering_context()
              ^^^^^^^^^^^^^^^^^^^^^^^^^^^^^^^^^^^^^^^^^^^^^^^^^^^^
  File "c:\users\wadhi\onedrive\documents\kuliah\magang\wisi-wise-web-odoo\addons\web\models\ir_http.py", line 69, in webclient_rendering_context
    'session_info': self.session_info(),
                    ^^^^^^^^^^^^^^^^^^^
  File "c:\users\wadhi\onedrive\documents\kuliah\magang\wisi-wise-web-odoo\addons\partner_autocomplete\models\ir_http.py", line 12, in session_info
    session_info = super().session_info()
                   ^^^^^^^^^^^^^^^^^^^^^^
  File "c:\users\wadhi\onedrive\documents\kuliah\magang\wisi-wise-web-odoo\addons\mail\models\ir_http.py", line 22, in session_info
    ResUsers._init_store_data(store)
  File "c:\users\wadhi\onedrive\documents\kuliah\magang\wisi-wise-web-odoo\addons\mail\models\discuss\res_users.py", line 57, in _init_store_data
    super()._init_store_data(store)
  File "c:\users\wadhi\onedrive\documents\kuliah\magang\wisi-wise-web-odoo\addons\mail\models\res_users.py", line 398, in _init_store_data
    store.add_global_values(
  File "c:\users\wadhi\onedrive\documents\kuliah\magang\wisi-wise-web-odoo\addons\mail\tools\discuss.py", line 132, in add_global_values
    self.add_singleton_values("Store", values)
  File "c:\users\wadhi\onedrive\documents\kuliah\magang\wisi-wise-web-odoo\addons\mail\tools\discuss.py", line 181, in add_singleton_values
    self._add_values(values, model_name)
  File "c:\users\wadhi\onedrive\documents\kuliah\magang\wisi-wise-web-odoo\addons\mail\tools\discuss.py", line 232, in _add_values
    val._add_to_store(self, target, key)
  File "c:\users\wadhi\onedrive\documents\kuliah\magang\wisi-wise-web-odoo\addons\mail\tools\discuss.py", line 479, in _add_to_store
    super()._add_to_store(store, target, key)
  File "c:\users\wadhi\onedrive\documents\kuliah\magang\wisi-wise-web-odoo\addons\mail\tools\discuss.py", line 447, in _add_to_store
    store.add(self.records, self.fields, as_thread=self.as_thread, **self.kwargs)
  File "c:\users\wadhi\onedrive\documents\kuliah\magang\wisi-wise-web-odoo\addons\mail\tools\discuss.py", line 124, in add
    self.add_records_fields(records, fields)
  File "c:\users\wadhi\onedrive\documents\kuliah\magang\wisi-wise-web-odoo\addons\mail\tools\discuss.py", line 162, in add_records_fields
    for record, record_data_list in zip(records, self._get_records_data_list(records, fields)):
                                                 ^^^^^^^^^^^^^^^^^^^^^^^^^^^^^^^^^^^^^^^^^^^^
  File "c:\users\wadhi\onedrive\documents\kuliah\magang\wisi-wise-web-odoo\addons\mail\tools\discuss.py", line 268, in _get_records_data_list
    for data_dict in records._read_format(
                     ^^^^^^^^^^^^^^^^^^^^^
  File "C:\Users\wadhi\OneDrive\Documents\KULIAH\MAGANG\wisi-wise-web-odoo\odoo\orm\models.py", line 3747, in _read_format
    vals[name] = convert(record[name], record, use_display_name)
                         ~~~~~~^^^^^^
  File "C:\Users\wadhi\OneDrive\Documents\KULIAH\MAGANG\wisi-wise-web-odoo\odoo\orm\models.py", line 6686, in __getitem__
    return self._fields[key].__get__(self)
           ^^^^^^^^^^^^^^^^^^^^^^^^^^^^^^^
  File "C:\Users\wadhi\OneDrive\Documents\KULIAH\MAGANG\wisi-wise-web-odoo\odoo\orm\fields.py", line 1746, in __get__
    self.compute_value(recs)
  File "C:\Users\wadhi\OneDrive\Documents\KULIAH\MAGANG\wisi-wise-web-odoo\odoo\orm\fields.py", line 1917, in compute_value
    records._compute_field_value(self)
  File "c:\users\wadhi\onedrive\documents\kuliah\magang\wisi-wise-web-odoo\addons\mail\models\mail_thread.py", line 483, in _compute_field_value
    return super()._compute_field_value(field)
           ^^^^^^^^^^^^^^^^^^^^^^^^^^^^^^^^^^^
  File "C:\Users\wadhi\OneDrive\Documents\KULIAH\MAGANG\wisi-wise-web-odoo\odoo\orm\models.py", line 4952, in _compute_field_value
    determine(field.compute, self)
  File "C:\Users\wadhi\OneDrive\Documents\KULIAH\MAGANG\wisi-wise-web-odoo\odoo\orm\fields.py", line 81, in determine
    return needle(*args)
           ^^^^^^^^^^^^^
  File "c:\users\wadhi\onedrive\documents\kuliah\magang\wisi-wise-web-odoo\addons\hr_homeworking\models\res_partner.py", line 13, in _compute_im_status
    location_type = user[dayfield].location_type
                    ~~~~^^^^^^^^^^
  File "C:\Users\wadhi\OneDrive\Documents\KULIAH\MAGANG\wisi-wise-web-odoo\odoo\orm\models.py", line 6686, in __getitem__
    return self._fields[key].__get__(self)
           ^^^^^^^^^^^^^^^^^^^^^^^^^^^^^^^
  File "C:\Users\wadhi\OneDrive\Documents\KULIAH\MAGANG\wisi-wise-web-odoo\odoo\orm\fields_relational.py", line 45, in __get__
    return super().__get__(records, owner)
           ^^^^^^^^^^^^^^^^^^^^^^^^^^^^^^^
  File "C:\Users\wadhi\OneDrive\Documents\KULIAH\MAGANG\wisi-wise-web-odoo\odoo\orm\fields.py", line 1746, in __get__
    self.compute_value(recs)
  File "C:\Users\wadhi\OneDrive\Documents\KULIAH\MAGANG\wisi-wise-web-odoo\odoo\orm\fields.py", line 1917, in compute_value
    records._compute_field_value(self)
  File "C:\Users\wadhi\OneDrive\Documents\KULIAH\MAGANG\wisi-wise-web-odoo\odoo\orm\models.py", line 4952, in _compute_field_value
    determine(field.compute, self)
  File "C:\Users\wadhi\OneDrive\Documents\KULIAH\MAGANG\wisi-wise-web-odoo\odoo\orm\fields.py", line 84, in determine
    return needle(records, *args)
           ^^^^^^^^^^^^^^^^^^^^^^
  File "C:\Users\wadhi\OneDrive\Documents\KULIAH\MAGANG\wisi-wise-web-odoo\odoo\orm\fields.py", line 708, in _compute_related
    values = [next(iter(val := value[name]), val) for value in values]
                               ~~~~~^^^^^^
  File "C:\Users\wadhi\OneDrive\Documents\KULIAH\MAGANG\wisi-wise-web-odoo\odoo\orm\models.py", line 6686, in __getitem__
    return self._fields[key].__get__(self)
           ^^^^^^^^^^^^^^^^^^^^^^^^^^^^^^^
  File "C:\Users\wadhi\OneDrive\Documents\KULIAH\MAGANG\wisi-wise-web-odoo\odoo\orm\fields_relational.py", line 45, in __get__
    return super().__get__(records, owner)
           ^^^^^^^^^^^^^^^^^^^^^^^^^^^^^^^
  File "C:\Users\wadhi\OneDrive\Documents\KULIAH\MAGANG\wisi-wise-web-odoo\odoo\orm\fields.py", line 1746, in __get__
    self.compute_value(recs)
  File "C:\Users\wadhi\OneDrive\Documents\KULIAH\MAGANG\wisi-wise-web-odoo\odoo\orm\fields.py", line 1917, in compute_value
    records._compute_field_value(self)
  File "C:\Users\wadhi\OneDrive\Documents\KULIAH\MAGANG\wisi-wise-web-odoo\odoo\orm\models.py", line 4952, in _compute_field_value
    determine(field.compute, self)
  File "C:\Users\wadhi\OneDrive\Documents\KULIAH\MAGANG\wisi-wise-web-odoo\odoo\orm\fields.py", line 81, in determine
    return needle(*args)
           ^^^^^^^^^^^^^
  File "c:\users\wadhi\onedrive\documents\kuliah\magang\wisi-wise-web-odoo\addons\hr\models\res_users.py", line 268, in _compute_company_employee
    employee.user_id: employee
    ^^^^^^^^^^^^^^^^
  File "C:\Users\wadhi\OneDrive\Documents\KULIAH\MAGANG\wisi-wise-web-odoo\odoo\orm\fields_relational.py", line 45, in __get__
    return super().__get__(records, owner)
           ^^^^^^^^^^^^^^^^^^^^^^^^^^^^^^^
  File "C:\Users\wadhi\OneDrive\Documents\KULIAH\MAGANG\wisi-wise-web-odoo\odoo\orm\fields.py", line 1702, in __get__
    recs._fetch_field(self)
  File "C:\Users\wadhi\OneDrive\Documents\KULIAH\MAGANG\wisi-wise-web-odoo\odoo\orm\models.py", line 3772, in _fetch_field
    self.fetch(fnames)
  File "c:\users\wadhi\onedrive\documents\kuliah\magang\wisi-wise-web-odoo\addons\hr\models\hr_employee.py", line 1109, in fetch
    return super().fetch(field_names)
           ^^^^^^^^^^^^^^^^^^^^^^^^^^
  File "C:\Users\wadhi\OneDrive\Documents\KULIAH\MAGANG\wisi-wise-web-odoo\odoo\orm\models.py", line 3812, in fetch
    fetched = self._fetch_query(query, fields_to_fetch)
              ^^^^^^^^^^^^^^^^^^^^^^^^^^^^^^^^^^^^^^^^^
  File "C:\Users\wadhi\OneDrive\Documents\KULIAH\MAGANG\wisi-wise-web-odoo\odoo\orm\models.py", line 3917, in _fetch_query
    rows = self.env.execute_query(query.select(*sql_terms))
           ^^^^^^^^^^^^^^^^^^^^^^^^^^^^^^^^^^^^^^^^^^^^^^^^
  File "C:\Users\wadhi\OneDrive\Documents\KULIAH\MAGANG\wisi-wise-web-odoo\odoo\orm\environments.py", line 534, in execute_query
    self.cr.execute(query)
  File "C:\Users\wadhi\OneDrive\Documents\KULIAH\MAGANG\wisi-wise-web-odoo\odoo\sql_db.py", line 433, in execute
    self._obj.execute(query, params)
psycopg2.errors.UndefinedColumn: column hr_employee.nip does not exist
LINE 1: ...ocation_id", "hr_employee"."today_location_name", "hr_employ...
                                                             ^

2026-02-26 08:11:22,929 14364 INFO wsi_2026 werkzeug: 127.0.0.1 - - [26/Feb/2026 08:11:22] "GET /odoo HTTP/1.1" 500 - 46 0.160 0.079
2026-02-26 08:11:25,028 14364 INFO wsi_2026 werkzeug: 127.0.0.1 - - [26/Feb/2026 08:11:25] "GET /web/service-worker.js HTTP/1.1" 200 - 1 0.002 0.005
2026-02-26 08:12:04,068 14364 INFO ? odoo.service.server: Initiating shutdown 
2026-02-26 08:12:04,068 14364 INFO ? odoo.service.server: Hit CTRL-C again or send a second signal to force the shutdown. 
2026-02-26 08:12:04,304 14364 INFO ? odoo.sql_db: ConnectionPool(read/write;used=0/count=0/max=64): Closed 3 connections  
2026-02-26 08:12:04,324 14364 INFO ? odoo.service.server: cron1 max age (0s) reached, releasing connection. 
2026-02-26 08:12:04,324 14364 INFO ? odoo.service.server: cron0 max age (0s) reached, releasing connection. 
2026-02-26 08:12:12,548 11260 WARNING ? odoo.tools.config: missing --http-interface/http_interface, using 0.0.0.0 by default, will change to 127.0.0.1 in 20.0 
2026-02-26 08:12:12,548 11260 INFO ? odoo: Odoo version 19.0 
2026-02-26 08:12:12,549 11260 INFO ? odoo: Using configuration file at c:\users\wadhi\onedrive\documents\kuliah\magang\wisi-wise-web-odoo\odoo.conf 
2026-02-26 08:12:12,549 11260 INFO ? odoo: addons paths: _NamespacePath(['C:\\Users\\wadhi\\OneDrive\\Documents\\KULIAH\\MAGANG\\wisi-wise-web-odoo\\odoo\\addons', 'C:\\Users\\wadhi\\AppData\\Local\\OpenERP S.A.\\Odoo\\addons\\19.0', 'c:\\users\\wadhi\\onedrive\\documents\\kuliah\\magang\\wisi-wise-web-odoo\\odoo\\addons', 'c:\\users\\wadhi\\onedrive\\documents\\kuliah\\magang\\wisi-wise-web-odoo\\addons', 'c:\\users\\wadhi\\onedrive\\documents\\kuliah\\magang\\wisi-wise-web-odoo\\custom_addons']) 
2026-02-26 08:12:12,549 11260 INFO ? odoo: database: odoo@localhost:5434 
2026-02-26 08:12:13,226 11260 WARNING ? odoo.service.server: 'watchdog' module not installed. Code autoreload feature is disabled 
2026-02-26 08:12:13,237 11260 INFO ? odoo.service.server: HTTP service (werkzeug) running on LAPTOP-B7F6P6QO:8069 
2026-02-26 08:12:14,870 11260 INFO ? odoo.modules.loading: loading 1 modules... 
2026-02-26 08:12:14,875 11260 INFO ? odoo.modules.loading: 1 modules loaded in 0.00s, 0 queries (+0 extra) 
2026-02-26 08:12:14,901 11260 WARNING ? odoo.modules.module: Missing `license` key in manifest for 'wsi_hr_employee', defaulting to LGPL-3 
2026-02-26 08:12:14,913 11260 INFO ? odoo.modules.loading: loading 51 modules... 
2026-02-26 08:12:16,229 11260 INFO ? odoo.modules.loading: 51 modules loaded in 1.31s, 0 queries (+0 extra) 
2026-02-26 08:12:16,367 11260 INFO ? odoo.modules.loading: Modules loaded. 
2026-02-26 08:12:16,410 11260 INFO ? odoo.registry: Registry loaded in 1.591s 
2026-02-26 08:12:16,414 11260 INFO wsi_2026 odoo.addons.base.models.ir_http: Generating routing map for key None 
2026-02-26 08:12:16,546 11260 ERROR wsi_2026 odoo.sql_db: bad query: b'SELECT "hr_employee"."id", "hr_employee"."resource_id", "hr_employee"."company_id", "hr_employee"."message_main_attachment_id", "hr_employee"."current_version_id", "hr_employee"."name", "hr_employee"."user_id", "hr_employee"."active", "hr_employee"."work_phone", "hr_employee"."mobile_phone", "hr_employee"."work_email", "hr_employee"."work_contact_id", "hr_employee"."legal_name", "hr_employee"."private_phone", "hr_employee"."private_email", "hr_employee"."lang", "hr_employee"."place_of_birth", "hr_employee"."country_of_birth", "hr_employee"."birthday", "hr_employee"."birthday_public_display", "hr_employee"."salary_distribution", "hr_employee"."permit_no", "hr_employee"."visa_no", "hr_employee"."visa_expire", "hr_employee"."work_permit_expiration_date", "hr_employee"."work_permit_scheduled_activity", "hr_employee"."certificate", "hr_employee"."study_field", "hr_employee"."study_school", "hr_employee"."emergency_contact", "hr_employee"."emergency_phone", "hr_employee"."parent_id", "hr_employee"."coach_id", "hr_employee"."color", "hr_employee"."barcode", "hr_employee"."pin", "hr_employee"."private_car_plate", "hr_employee"."create_uid", "hr_employee"."create_date", "hr_employee"."write_uid", "hr_employee"."write_date", "hr_employee"."attendance_manager_id", "hr_employee"."last_attendance_id", "hr_employee"."last_check_in", "hr_employee"."last_check_out", "hr_employee"."leave_manager_id", "hr_employee"."monday_location_id", "hr_employee"."tuesday_location_id", "hr_employee"."wednesday_location_id", "hr_employee"."thursday_location_id", "hr_employee"."friday_location_id", "hr_employee"."saturday_location_id", "hr_employee"."sunday_location_id", "hr_employee"."today_location_name", "hr_employee"."nip", "hr_employee"."nomor_bpjs", "hr_employee"."akun_sosmed" FROM "hr_employee" WHERE "hr_employee"."id" IN (1)'
ERROR: column hr_employee.nip does not exist
LINE 1: ...ocation_id", "hr_employee"."today_location_name", "hr_employ...
                                                             ^
 
2026-02-26 08:12:16,549 11260 ERROR wsi_2026 odoo.http: Exception during request handling. 
Traceback (most recent call last):
  File "C:\Users\wadhi\OneDrive\Documents\KULIAH\MAGANG\wisi-wise-web-odoo\odoo\http.py", line 2800, in __call__
    response = request._serve_db()
               ^^^^^^^^^^^^^^^^^^^
  File "C:\Users\wadhi\OneDrive\Documents\KULIAH\MAGANG\wisi-wise-web-odoo\odoo\http.py", line 2275, in _serve_db
    raise self._update_served_exception(exc)
  File "C:\Users\wadhi\OneDrive\Documents\KULIAH\MAGANG\wisi-wise-web-odoo\odoo\http.py", line 2273, in _serve_db
    return service_model.retrying(serve_func, env=self.env)
           ^^^^^^^^^^^^^^^^^^^^^^^^^^^^^^^^^^^^^^^^^^^^^^^^
  File "C:\Users\wadhi\OneDrive\Documents\KULIAH\MAGANG\wisi-wise-web-odoo\odoo\service\model.py", line 185, in retrying
    result = func()
             ^^^^^^
  File "C:\Users\wadhi\OneDrive\Documents\KULIAH\MAGANG\wisi-wise-web-odoo\odoo\http.py", line 2328, in _serve_ir_http
    response = self.dispatcher.dispatch(rule.endpoint, args)
               ^^^^^^^^^^^^^^^^^^^^^^^^^^^^^^^^^^^^^^^^^^^^^
  File "C:\Users\wadhi\OneDrive\Documents\KULIAH\MAGANG\wisi-wise-web-odoo\odoo\http.py", line 2450, in dispatch
    return self.request.registry['ir.http']._dispatch(endpoint)
           ^^^^^^^^^^^^^^^^^^^^^^^^^^^^^^^^^^^^^^^^^^^^^^^^^^^^
  File "C:\Users\wadhi\OneDrive\Documents\KULIAH\MAGANG\wisi-wise-web-odoo\odoo\addons\base\models\ir_http.py", line 355, in _dispatch
    result = endpoint(**request.params)
             ^^^^^^^^^^^^^^^^^^^^^^^^^^
  File "C:\Users\wadhi\OneDrive\Documents\KULIAH\MAGANG\wisi-wise-web-odoo\odoo\http.py", line 788, in route_wrapper
    result = endpoint(self, *args, **params_ok)
             ^^^^^^^^^^^^^^^^^^^^^^^^^^^^^^^^^^
  File "c:\users\wadhi\onedrive\documents\kuliah\magang\wisi-wise-web-odoo\addons\portal\controllers\web.py", line 27, in web_client
    return super().web_client(s_action, **kw)
           ^^^^^^^^^^^^^^^^^^^^^^^^^^^^^^^^^^
  File "C:\Users\wadhi\OneDrive\Documents\KULIAH\MAGANG\wisi-wise-web-odoo\odoo\http.py", line 788, in route_wrapper
    result = endpoint(self, *args, **params_ok)
             ^^^^^^^^^^^^^^^^^^^^^^^^^^^^^^^^^^
  File "c:\users\wadhi\onedrive\documents\kuliah\magang\wisi-wise-web-odoo\addons\web\controllers\home.py", line 68, in web_client
    context = request.env['ir.http'].webclient_rendering_context()
              ^^^^^^^^^^^^^^^^^^^^^^^^^^^^^^^^^^^^^^^^^^^^^^^^^^^^
  File "c:\users\wadhi\onedrive\documents\kuliah\magang\wisi-wise-web-odoo\addons\web\models\ir_http.py", line 69, in webclient_rendering_context
    'session_info': self.session_info(),
                    ^^^^^^^^^^^^^^^^^^^
  File "c:\users\wadhi\onedrive\documents\kuliah\magang\wisi-wise-web-odoo\addons\partner_autocomplete\models\ir_http.py", line 12, in session_info
    session_info = super().session_info()
                   ^^^^^^^^^^^^^^^^^^^^^^
  File "c:\users\wadhi\onedrive\documents\kuliah\magang\wisi-wise-web-odoo\addons\mail\models\ir_http.py", line 22, in session_info
    ResUsers._init_store_data(store)
  File "c:\users\wadhi\onedrive\documents\kuliah\magang\wisi-wise-web-odoo\addons\mail\models\discuss\res_users.py", line 57, in _init_store_data
    super()._init_store_data(store)
  File "c:\users\wadhi\onedrive\documents\kuliah\magang\wisi-wise-web-odoo\addons\mail\models\res_users.py", line 398, in _init_store_data
    store.add_global_values(
  File "c:\users\wadhi\onedrive\documents\kuliah\magang\wisi-wise-web-odoo\addons\mail\tools\discuss.py", line 132, in add_global_values
    self.add_singleton_values("Store", values)
  File "c:\users\wadhi\onedrive\documents\kuliah\magang\wisi-wise-web-odoo\addons\mail\tools\discuss.py", line 181, in add_singleton_values
    self._add_values(values, model_name)
  File "c:\users\wadhi\onedrive\documents\kuliah\magang\wisi-wise-web-odoo\addons\mail\tools\discuss.py", line 232, in _add_values
    val._add_to_store(self, target, key)
  File "c:\users\wadhi\onedrive\documents\kuliah\magang\wisi-wise-web-odoo\addons\mail\tools\discuss.py", line 479, in _add_to_store
    super()._add_to_store(store, target, key)
  File "c:\users\wadhi\onedrive\documents\kuliah\magang\wisi-wise-web-odoo\addons\mail\tools\discuss.py", line 447, in _add_to_store
    store.add(self.records, self.fields, as_thread=self.as_thread, **self.kwargs)
  File "c:\users\wadhi\onedrive\documents\kuliah\magang\wisi-wise-web-odoo\addons\mail\tools\discuss.py", line 124, in add
    self.add_records_fields(records, fields)
  File "c:\users\wadhi\onedrive\documents\kuliah\magang\wisi-wise-web-odoo\addons\mail\tools\discuss.py", line 162, in add_records_fields
    for record, record_data_list in zip(records, self._get_records_data_list(records, fields)):
                                                 ^^^^^^^^^^^^^^^^^^^^^^^^^^^^^^^^^^^^^^^^^^^^
  File "c:\users\wadhi\onedrive\documents\kuliah\magang\wisi-wise-web-odoo\addons\mail\tools\discuss.py", line 268, in _get_records_data_list
    for data_dict in records._read_format(
                     ^^^^^^^^^^^^^^^^^^^^^
  File "C:\Users\wadhi\OneDrive\Documents\KULIAH\MAGANG\wisi-wise-web-odoo\odoo\orm\models.py", line 3747, in _read_format
    vals[name] = convert(record[name], record, use_display_name)
                         ~~~~~~^^^^^^
  File "C:\Users\wadhi\OneDrive\Documents\KULIAH\MAGANG\wisi-wise-web-odoo\odoo\orm\models.py", line 6686, in __getitem__
    return self._fields[key].__get__(self)
           ^^^^^^^^^^^^^^^^^^^^^^^^^^^^^^^
  File "C:\Users\wadhi\OneDrive\Documents\KULIAH\MAGANG\wisi-wise-web-odoo\odoo\orm\fields.py", line 1746, in __get__
    self.compute_value(recs)
  File "C:\Users\wadhi\OneDrive\Documents\KULIAH\MAGANG\wisi-wise-web-odoo\odoo\orm\fields.py", line 1917, in compute_value
    records._compute_field_value(self)
  File "c:\users\wadhi\onedrive\documents\kuliah\magang\wisi-wise-web-odoo\addons\mail\models\mail_thread.py", line 483, in _compute_field_value
    return super()._compute_field_value(field)
           ^^^^^^^^^^^^^^^^^^^^^^^^^^^^^^^^^^^
  File "C:\Users\wadhi\OneDrive\Documents\KULIAH\MAGANG\wisi-wise-web-odoo\odoo\orm\models.py", line 4952, in _compute_field_value
    determine(field.compute, self)
  File "C:\Users\wadhi\OneDrive\Documents\KULIAH\MAGANG\wisi-wise-web-odoo\odoo\orm\fields.py", line 81, in determine
    return needle(*args)
           ^^^^^^^^^^^^^
  File "c:\users\wadhi\onedrive\documents\kuliah\magang\wisi-wise-web-odoo\addons\hr_homeworking\models\res_partner.py", line 13, in _compute_im_status
    location_type = user[dayfield].location_type
                    ~~~~^^^^^^^^^^
  File "C:\Users\wadhi\OneDrive\Documents\KULIAH\MAGANG\wisi-wise-web-odoo\odoo\orm\models.py", line 6686, in __getitem__
    return self._fields[key].__get__(self)
           ^^^^^^^^^^^^^^^^^^^^^^^^^^^^^^^
  File "C:\Users\wadhi\OneDrive\Documents\KULIAH\MAGANG\wisi-wise-web-odoo\odoo\orm\fields_relational.py", line 45, in __get__
    return super().__get__(records, owner)
           ^^^^^^^^^^^^^^^^^^^^^^^^^^^^^^^
  File "C:\Users\wadhi\OneDrive\Documents\KULIAH\MAGANG\wisi-wise-web-odoo\odoo\orm\fields.py", line 1746, in __get__
    self.compute_value(recs)
  File "C:\Users\wadhi\OneDrive\Documents\KULIAH\MAGANG\wisi-wise-web-odoo\odoo\orm\fields.py", line 1917, in compute_value
    records._compute_field_value(self)
  File "C:\Users\wadhi\OneDrive\Documents\KULIAH\MAGANG\wisi-wise-web-odoo\odoo\orm\models.py", line 4952, in _compute_field_value
    determine(field.compute, self)
  File "C:\Users\wadhi\OneDrive\Documents\KULIAH\MAGANG\wisi-wise-web-odoo\odoo\orm\fields.py", line 84, in determine
    return needle(records, *args)
           ^^^^^^^^^^^^^^^^^^^^^^
  File "C:\Users\wadhi\OneDrive\Documents\KULIAH\MAGANG\wisi-wise-web-odoo\odoo\orm\fields.py", line 708, in _compute_related
    values = [next(iter(val := value[name]), val) for value in values]
                               ~~~~~^^^^^^
  File "C:\Users\wadhi\OneDrive\Documents\KULIAH\MAGANG\wisi-wise-web-odoo\odoo\orm\models.py", line 6686, in __getitem__
    return self._fields[key].__get__(self)
           ^^^^^^^^^^^^^^^^^^^^^^^^^^^^^^^
  File "C:\Users\wadhi\OneDrive\Documents\KULIAH\MAGANG\wisi-wise-web-odoo\odoo\orm\fields_relational.py", line 45, in __get__
    return super().__get__(records, owner)
           ^^^^^^^^^^^^^^^^^^^^^^^^^^^^^^^
  File "C:\Users\wadhi\OneDrive\Documents\KULIAH\MAGANG\wisi-wise-web-odoo\odoo\orm\fields.py", line 1746, in __get__
    self.compute_value(recs)
  File "C:\Users\wadhi\OneDrive\Documents\KULIAH\MAGANG\wisi-wise-web-odoo\odoo\orm\fields.py", line 1917, in compute_value
    records._compute_field_value(self)
  File "C:\Users\wadhi\OneDrive\Documents\KULIAH\MAGANG\wisi-wise-web-odoo\odoo\orm\models.py", line 4952, in _compute_field_value
    determine(field.compute, self)
  File "C:\Users\wadhi\OneDrive\Documents\KULIAH\MAGANG\wisi-wise-web-odoo\odoo\orm\fields.py", line 81, in determine
    return needle(*args)
           ^^^^^^^^^^^^^
  File "c:\users\wadhi\onedrive\documents\kuliah\magang\wisi-wise-web-odoo\addons\hr\models\res_users.py", line 268, in _compute_company_employee
    employee.user_id: employee
    ^^^^^^^^^^^^^^^^
  File "C:\Users\wadhi\OneDrive\Documents\KULIAH\MAGANG\wisi-wise-web-odoo\odoo\orm\fields_relational.py", line 45, in __get__
    return super().__get__(records, owner)
           ^^^^^^^^^^^^^^^^^^^^^^^^^^^^^^^
  File "C:\Users\wadhi\OneDrive\Documents\KULIAH\MAGANG\wisi-wise-web-odoo\odoo\orm\fields.py", line 1702, in __get__
    recs._fetch_field(self)
  File "C:\Users\wadhi\OneDrive\Documents\KULIAH\MAGANG\wisi-wise-web-odoo\odoo\orm\models.py", line 3772, in _fetch_field
    self.fetch(fnames)
  File "c:\users\wadhi\onedrive\documents\kuliah\magang\wisi-wise-web-odoo\addons\hr\models\hr_employee.py", line 1109, in fetch
    return super().fetch(field_names)
           ^^^^^^^^^^^^^^^^^^^^^^^^^^
  File "C:\Users\wadhi\OneDrive\Documents\KULIAH\MAGANG\wisi-wise-web-odoo\odoo\orm\models.py", line 3812, in fetch
    fetched = self._fetch_query(query, fields_to_fetch)
              ^^^^^^^^^^^^^^^^^^^^^^^^^^^^^^^^^^^^^^^^^
  File "C:\Users\wadhi\OneDrive\Documents\KULIAH\MAGANG\wisi-wise-web-odoo\odoo\orm\models.py", line 3917, in _fetch_query
    rows = self.env.execute_query(query.select(*sql_terms))
           ^^^^^^^^^^^^^^^^^^^^^^^^^^^^^^^^^^^^^^^^^^^^^^^^
  File "C:\Users\wadhi\OneDrive\Documents\KULIAH\MAGANG\wisi-wise-web-odoo\odoo\orm\environments.py", line 534, in execute_query
    self.cr.execute(query)
  File "C:\Users\wadhi\OneDrive\Documents\KULIAH\MAGANG\wisi-wise-web-odoo\odoo\sql_db.py", line 433, in execute
    self._obj.execute(query, params)
psycopg2.errors.UndefinedColumn: column hr_employee.nip does not exist
LINE 1: ...ocation_id", "hr_employee"."today_location_name", "hr_employ...
                                                             ^

2026-02-26 08:12:16,571 11260 INFO wsi_2026 werkzeug: 127.0.0.1 - - [26/Feb/2026 08:12:16] "GET /odoo HTTP/1.1" 500 - 74 0.105 1.648
2026-02-26 08:12:18,601 11260 INFO wsi_2026 werkzeug: 127.0.0.1 - - [26/Feb/2026 08:12:18] "GET /web/service-worker.js HTTP/1.1" 200 - 1 0.001 0.005
2026-02-26 08:15:13,243 11260 WARNING ? odoo.service.server: Thread <Thread(odoo.service.http.request.28820, started 28820)> virtual real time limit (178/120s) reached. 
2026-02-26 08:15:13,243 11260 INFO ? odoo.service.server: Dumping stacktrace of limit exceeding threads before reloading 
2026-02-26 08:15:13,351 11260 INFO ? odoo.tools.misc: 
# Thread: <Thread(odoo.service.http.request.28820, started 28820)> (db:n/a) (uid:n/a) (url:n/a) (qc:n/a qt:n/a pt:n/a)
File: "C:\Program Files\Python312\Lib\threading.py", line 1030, in _bootstrap
  self._bootstrap_inner()
File: "C:\Program Files\Python312\Lib\threading.py", line 1073, in _bootstrap_inner
  self.run()
File: "C:\Program Files\Python312\Lib\threading.py", line 1010, in run
  self._target(*self._args, **self._kwargs)
File: "C:\Program Files\Python312\Lib\socketserver.py", line 692, in process_request_thread
  self.finish_request(request, client_address)
File: "C:\Program Files\Python312\Lib\socketserver.py", line 362, in finish_request
  self.RequestHandlerClass(request, client_address, self)
File: "C:\Program Files\Python312\Lib\socketserver.py", line 761, in __init__
  self.handle()
File: "C:\Users\wadhi\OneDrive\Documents\KULIAH\MAGANG\wisi-wise-web-odoo\.venv\Lib\site-packages\werkzeug\serving.py", line 390, in handle
  super().handle()
File: "C:\Program Files\Python312\Lib\http\server.py", line 436, in handle
  self.handle_one_request()
File: "C:\Program Files\Python312\Lib\http\server.py", line 404, in handle_one_request
  self.raw_requestline = self.rfile.readline(65537)
File: "C:\Program Files\Python312\Lib\socket.py", line 707, in readinto
  return self._sock.recv_into(b) 
2026-02-26 08:15:30,288 31888 WARNING ? odoo.tools.config: missing --http-interface/http_interface, using 0.0.0.0 by default, will change to 127.0.0.1 in 20.0 
2026-02-26 08:15:30,289 31888 INFO ? odoo: Odoo version 19.0 
2026-02-26 08:15:30,289 31888 INFO ? odoo: Using configuration file at c:\users\wadhi\onedrive\documents\kuliah\magang\wisi-wise-web-odoo\odoo.conf 
2026-02-26 08:15:30,290 31888 INFO ? odoo: addons paths: _NamespacePath(['C:\\Users\\wadhi\\OneDrive\\Documents\\KULIAH\\MAGANG\\wisi-wise-web-odoo\\odoo\\addons', 'C:\\Users\\wadhi\\AppData\\Local\\OpenERP S.A.\\Odoo\\addons\\19.0', 'c:\\users\\wadhi\\onedrive\\documents\\kuliah\\magang\\wisi-wise-web-odoo\\odoo\\addons', 'c:\\users\\wadhi\\onedrive\\documents\\kuliah\\magang\\wisi-wise-web-odoo\\addons', 'c:\\users\\wadhi\\onedrive\\documents\\kuliah\\magang\\wisi-wise-web-odoo\\custom_addons']) 
2026-02-26 08:15:30,290 31888 INFO ? odoo: database: odoo@localhost:5434 
2026-02-26 08:15:31,212 31888 WARNING ? odoo.service.server: 'watchdog' module not installed. Code autoreload feature is disabled 
2026-02-26 08:15:31,223 31888 INFO ? odoo.service.server: HTTP service (werkzeug) running on LAPTOP-B7F6P6QO:8069 
2026-02-26 08:15:33,144 31888 INFO ? odoo.modules.loading: loading 1 modules... 
2026-02-26 08:15:33,150 31888 INFO ? odoo.modules.loading: 1 modules loaded in 0.01s, 0 queries (+0 extra) 
2026-02-26 08:15:33,198 31888 WARNING ? odoo.modules.module: Missing `license` key in manifest for 'wsi_hr_employee', defaulting to LGPL-3 
2026-02-26 08:15:33,215 31888 INFO ? odoo.modules.loading: loading 51 modules... 
2026-02-26 08:15:34,309 31888 INFO ? odoo.modules.loading: 51 modules loaded in 1.09s, 0 queries (+0 extra) 
2026-02-26 08:15:34,516 31888 INFO ? odoo.modules.loading: Modules loaded. 
2026-02-26 08:15:34,573 31888 INFO ? odoo.registry: Registry loaded in 1.484s 
2026-02-26 08:15:34,577 31888 INFO wsi_2026 odoo.addons.base.models.ir_http: Generating routing map for key None 
2026-02-26 08:15:34,737 31888 ERROR wsi_2026 odoo.sql_db: bad query: b'SELECT "hr_employee"."id", "hr_employee"."resource_id", "hr_employee"."company_id", "hr_employee"."message_main_attachment_id", "hr_employee"."current_version_id", "hr_employee"."name", "hr_employee"."user_id", "hr_employee"."active", "hr_employee"."work_phone", "hr_employee"."mobile_phone", "hr_employee"."work_email", "hr_employee"."work_contact_id", "hr_employee"."legal_name", "hr_employee"."private_phone", "hr_employee"."private_email", "hr_employee"."lang", "hr_employee"."place_of_birth", "hr_employee"."country_of_birth", "hr_employee"."birthday", "hr_employee"."birthday_public_display", "hr_employee"."salary_distribution", "hr_employee"."permit_no", "hr_employee"."visa_no", "hr_employee"."visa_expire", "hr_employee"."work_permit_expiration_date", "hr_employee"."work_permit_scheduled_activity", "hr_employee"."certificate", "hr_employee"."study_field", "hr_employee"."study_school", "hr_employee"."emergency_contact", "hr_employee"."emergency_phone", "hr_employee"."parent_id", "hr_employee"."coach_id", "hr_employee"."color", "hr_employee"."barcode", "hr_employee"."pin", "hr_employee"."private_car_plate", "hr_employee"."create_uid", "hr_employee"."create_date", "hr_employee"."write_uid", "hr_employee"."write_date", "hr_employee"."attendance_manager_id", "hr_employee"."last_attendance_id", "hr_employee"."last_check_in", "hr_employee"."last_check_out", "hr_employee"."leave_manager_id", "hr_employee"."monday_location_id", "hr_employee"."tuesday_location_id", "hr_employee"."wednesday_location_id", "hr_employee"."thursday_location_id", "hr_employee"."friday_location_id", "hr_employee"."saturday_location_id", "hr_employee"."sunday_location_id", "hr_employee"."today_location_name", "hr_employee"."nip", "hr_employee"."nomor_bpjs", "hr_employee"."akun_sosmed" FROM "hr_employee" WHERE "hr_employee"."id" IN (1)'
ERROR: column hr_employee.nip does not exist
LINE 1: ...ocation_id", "hr_employee"."today_location_name", "hr_employ...
                                                             ^
 
2026-02-26 08:15:34,740 31888 ERROR wsi_2026 odoo.http: Exception during request handling. 
Traceback (most recent call last):
  File "C:\Users\wadhi\OneDrive\Documents\KULIAH\MAGANG\wisi-wise-web-odoo\odoo\http.py", line 2800, in __call__
    response = request._serve_db()
               ^^^^^^^^^^^^^^^^^^^
  File "C:\Users\wadhi\OneDrive\Documents\KULIAH\MAGANG\wisi-wise-web-odoo\odoo\http.py", line 2275, in _serve_db
    raise self._update_served_exception(exc)
  File "C:\Users\wadhi\OneDrive\Documents\KULIAH\MAGANG\wisi-wise-web-odoo\odoo\http.py", line 2273, in _serve_db
    return service_model.retrying(serve_func, env=self.env)
           ^^^^^^^^^^^^^^^^^^^^^^^^^^^^^^^^^^^^^^^^^^^^^^^^
  File "C:\Users\wadhi\OneDrive\Documents\KULIAH\MAGANG\wisi-wise-web-odoo\odoo\service\model.py", line 185, in retrying
    result = func()
             ^^^^^^
  File "C:\Users\wadhi\OneDrive\Documents\KULIAH\MAGANG\wisi-wise-web-odoo\odoo\http.py", line 2328, in _serve_ir_http
    response = self.dispatcher.dispatch(rule.endpoint, args)
               ^^^^^^^^^^^^^^^^^^^^^^^^^^^^^^^^^^^^^^^^^^^^^
  File "C:\Users\wadhi\OneDrive\Documents\KULIAH\MAGANG\wisi-wise-web-odoo\odoo\http.py", line 2450, in dispatch
    return self.request.registry['ir.http']._dispatch(endpoint)
           ^^^^^^^^^^^^^^^^^^^^^^^^^^^^^^^^^^^^^^^^^^^^^^^^^^^^
  File "C:\Users\wadhi\OneDrive\Documents\KULIAH\MAGANG\wisi-wise-web-odoo\odoo\addons\base\models\ir_http.py", line 355, in _dispatch
    result = endpoint(**request.params)
             ^^^^^^^^^^^^^^^^^^^^^^^^^^
  File "C:\Users\wadhi\OneDrive\Documents\KULIAH\MAGANG\wisi-wise-web-odoo\odoo\http.py", line 788, in route_wrapper
    result = endpoint(self, *args, **params_ok)
             ^^^^^^^^^^^^^^^^^^^^^^^^^^^^^^^^^^
  File "c:\users\wadhi\onedrive\documents\kuliah\magang\wisi-wise-web-odoo\addons\portal\controllers\web.py", line 27, in web_client
    return super().web_client(s_action, **kw)
           ^^^^^^^^^^^^^^^^^^^^^^^^^^^^^^^^^^
  File "C:\Users\wadhi\OneDrive\Documents\KULIAH\MAGANG\wisi-wise-web-odoo\odoo\http.py", line 788, in route_wrapper
    result = endpoint(self, *args, **params_ok)
             ^^^^^^^^^^^^^^^^^^^^^^^^^^^^^^^^^^
  File "c:\users\wadhi\onedrive\documents\kuliah\magang\wisi-wise-web-odoo\addons\web\controllers\home.py", line 68, in web_client
    context = request.env['ir.http'].webclient_rendering_context()
              ^^^^^^^^^^^^^^^^^^^^^^^^^^^^^^^^^^^^^^^^^^^^^^^^^^^^
  File "c:\users\wadhi\onedrive\documents\kuliah\magang\wisi-wise-web-odoo\addons\web\models\ir_http.py", line 69, in webclient_rendering_context
    'session_info': self.session_info(),
                    ^^^^^^^^^^^^^^^^^^^
  File "c:\users\wadhi\onedrive\documents\kuliah\magang\wisi-wise-web-odoo\addons\partner_autocomplete\models\ir_http.py", line 12, in session_info
    session_info = super().session_info()
                   ^^^^^^^^^^^^^^^^^^^^^^
  File "c:\users\wadhi\onedrive\documents\kuliah\magang\wisi-wise-web-odoo\addons\mail\models\ir_http.py", line 22, in session_info
    ResUsers._init_store_data(store)
  File "c:\users\wadhi\onedrive\documents\kuliah\magang\wisi-wise-web-odoo\addons\mail\models\discuss\res_users.py", line 57, in _init_store_data
    super()._init_store_data(store)
  File "c:\users\wadhi\onedrive\documents\kuliah\magang\wisi-wise-web-odoo\addons\mail\models\res_users.py", line 398, in _init_store_data
    store.add_global_values(
  File "c:\users\wadhi\onedrive\documents\kuliah\magang\wisi-wise-web-odoo\addons\mail\tools\discuss.py", line 132, in add_global_values
    self.add_singleton_values("Store", values)
  File "c:\users\wadhi\onedrive\documents\kuliah\magang\wisi-wise-web-odoo\addons\mail\tools\discuss.py", line 181, in add_singleton_values
    self._add_values(values, model_name)
  File "c:\users\wadhi\onedrive\documents\kuliah\magang\wisi-wise-web-odoo\addons\mail\tools\discuss.py", line 232, in _add_values
    val._add_to_store(self, target, key)
  File "c:\users\wadhi\onedrive\documents\kuliah\magang\wisi-wise-web-odoo\addons\mail\tools\discuss.py", line 479, in _add_to_store
    super()._add_to_store(store, target, key)
  File "c:\users\wadhi\onedrive\documents\kuliah\magang\wisi-wise-web-odoo\addons\mail\tools\discuss.py", line 447, in _add_to_store
    store.add(self.records, self.fields, as_thread=self.as_thread, **self.kwargs)
  File "c:\users\wadhi\onedrive\documents\kuliah\magang\wisi-wise-web-odoo\addons\mail\tools\discuss.py", line 124, in add
    self.add_records_fields(records, fields)
  File "c:\users\wadhi\onedrive\documents\kuliah\magang\wisi-wise-web-odoo\addons\mail\tools\discuss.py", line 162, in add_records_fields
    for record, record_data_list in zip(records, self._get_records_data_list(records, fields)):
                                                 ^^^^^^^^^^^^^^^^^^^^^^^^^^^^^^^^^^^^^^^^^^^^
  File "c:\users\wadhi\onedrive\documents\kuliah\magang\wisi-wise-web-odoo\addons\mail\tools\discuss.py", line 268, in _get_records_data_list
    for data_dict in records._read_format(
                     ^^^^^^^^^^^^^^^^^^^^^
  File "C:\Users\wadhi\OneDrive\Documents\KULIAH\MAGANG\wisi-wise-web-odoo\odoo\orm\models.py", line 3747, in _read_format
    vals[name] = convert(record[name], record, use_display_name)
                         ~~~~~~^^^^^^
  File "C:\Users\wadhi\OneDrive\Documents\KULIAH\MAGANG\wisi-wise-web-odoo\odoo\orm\models.py", line 6686, in __getitem__
    return self._fields[key].__get__(self)
           ^^^^^^^^^^^^^^^^^^^^^^^^^^^^^^^
  File "C:\Users\wadhi\OneDrive\Documents\KULIAH\MAGANG\wisi-wise-web-odoo\odoo\orm\fields.py", line 1746, in __get__
    self.compute_value(recs)
  File "C:\Users\wadhi\OneDrive\Documents\KULIAH\MAGANG\wisi-wise-web-odoo\odoo\orm\fields.py", line 1917, in compute_value
    records._compute_field_value(self)
  File "c:\users\wadhi\onedrive\documents\kuliah\magang\wisi-wise-web-odoo\addons\mail\models\mail_thread.py", line 483, in _compute_field_value
    return super()._compute_field_value(field)
           ^^^^^^^^^^^^^^^^^^^^^^^^^^^^^^^^^^^
  File "C:\Users\wadhi\OneDrive\Documents\KULIAH\MAGANG\wisi-wise-web-odoo\odoo\orm\models.py", line 4952, in _compute_field_value
    determine(field.compute, self)
  File "C:\Users\wadhi\OneDrive\Documents\KULIAH\MAGANG\wisi-wise-web-odoo\odoo\orm\fields.py", line 81, in determine
    return needle(*args)
           ^^^^^^^^^^^^^
  File "c:\users\wadhi\onedrive\documents\kuliah\magang\wisi-wise-web-odoo\addons\hr_homeworking\models\res_partner.py", line 13, in _compute_im_status
    location_type = user[dayfield].location_type
                    ~~~~^^^^^^^^^^
  File "C:\Users\wadhi\OneDrive\Documents\KULIAH\MAGANG\wisi-wise-web-odoo\odoo\orm\models.py", line 6686, in __getitem__
    return self._fields[key].__get__(self)
           ^^^^^^^^^^^^^^^^^^^^^^^^^^^^^^^
  File "C:\Users\wadhi\OneDrive\Documents\KULIAH\MAGANG\wisi-wise-web-odoo\odoo\orm\fields_relational.py", line 45, in __get__
    return super().__get__(records, owner)
           ^^^^^^^^^^^^^^^^^^^^^^^^^^^^^^^
  File "C:\Users\wadhi\OneDrive\Documents\KULIAH\MAGANG\wisi-wise-web-odoo\odoo\orm\fields.py", line 1746, in __get__
    self.compute_value(recs)
  File "C:\Users\wadhi\OneDrive\Documents\KULIAH\MAGANG\wisi-wise-web-odoo\odoo\orm\fields.py", line 1917, in compute_value
    records._compute_field_value(self)
  File "C:\Users\wadhi\OneDrive\Documents\KULIAH\MAGANG\wisi-wise-web-odoo\odoo\orm\models.py", line 4952, in _compute_field_value
    determine(field.compute, self)
  File "C:\Users\wadhi\OneDrive\Documents\KULIAH\MAGANG\wisi-wise-web-odoo\odoo\orm\fields.py", line 84, in determine
    return needle(records, *args)
           ^^^^^^^^^^^^^^^^^^^^^^
  File "C:\Users\wadhi\OneDrive\Documents\KULIAH\MAGANG\wisi-wise-web-odoo\odoo\orm\fields.py", line 708, in _compute_related
    values = [next(iter(val := value[name]), val) for value in values]
                               ~~~~~^^^^^^
  File "C:\Users\wadhi\OneDrive\Documents\KULIAH\MAGANG\wisi-wise-web-odoo\odoo\orm\models.py", line 6686, in __getitem__
    return self._fields[key].__get__(self)
           ^^^^^^^^^^^^^^^^^^^^^^^^^^^^^^^
  File "C:\Users\wadhi\OneDrive\Documents\KULIAH\MAGANG\wisi-wise-web-odoo\odoo\orm\fields_relational.py", line 45, in __get__
    return super().__get__(records, owner)
           ^^^^^^^^^^^^^^^^^^^^^^^^^^^^^^^
  File "C:\Users\wadhi\OneDrive\Documents\KULIAH\MAGANG\wisi-wise-web-odoo\odoo\orm\fields.py", line 1746, in __get__
    self.compute_value(recs)
  File "C:\Users\wadhi\OneDrive\Documents\KULIAH\MAGANG\wisi-wise-web-odoo\odoo\orm\fields.py", line 1917, in compute_value
    records._compute_field_value(self)
  File "C:\Users\wadhi\OneDrive\Documents\KULIAH\MAGANG\wisi-wise-web-odoo\odoo\orm\models.py", line 4952, in _compute_field_value
    determine(field.compute, self)
  File "C:\Users\wadhi\OneDrive\Documents\KULIAH\MAGANG\wisi-wise-web-odoo\odoo\orm\fields.py", line 81, in determine
    return needle(*args)
           ^^^^^^^^^^^^^
  File "c:\users\wadhi\onedrive\documents\kuliah\magang\wisi-wise-web-odoo\addons\hr\models\res_users.py", line 268, in _compute_company_employee
    employee.user_id: employee
    ^^^^^^^^^^^^^^^^
  File "C:\Users\wadhi\OneDrive\Documents\KULIAH\MAGANG\wisi-wise-web-odoo\odoo\orm\fields_relational.py", line 45, in __get__
    return super().__get__(records, owner)
           ^^^^^^^^^^^^^^^^^^^^^^^^^^^^^^^
  File "C:\Users\wadhi\OneDrive\Documents\KULIAH\MAGANG\wisi-wise-web-odoo\odoo\orm\fields.py", line 1702, in __get__
    recs._fetch_field(self)
  File "C:\Users\wadhi\OneDrive\Documents\KULIAH\MAGANG\wisi-wise-web-odoo\odoo\orm\models.py", line 3772, in _fetch_field
    self.fetch(fnames)
  File "c:\users\wadhi\onedrive\documents\kuliah\magang\wisi-wise-web-odoo\addons\hr\models\hr_employee.py", line 1109, in fetch
    return super().fetch(field_names)
           ^^^^^^^^^^^^^^^^^^^^^^^^^^
  File "C:\Users\wadhi\OneDrive\Documents\KULIAH\MAGANG\wisi-wise-web-odoo\odoo\orm\models.py", line 3812, in fetch
    fetched = self._fetch_query(query, fields_to_fetch)
              ^^^^^^^^^^^^^^^^^^^^^^^^^^^^^^^^^^^^^^^^^
  File "C:\Users\wadhi\OneDrive\Documents\KULIAH\MAGANG\wisi-wise-web-odoo\odoo\orm\models.py", line 3917, in _fetch_query
    rows = self.env.execute_query(query.select(*sql_terms))
           ^^^^^^^^^^^^^^^^^^^^^^^^^^^^^^^^^^^^^^^^^^^^^^^^
  File "C:\Users\wadhi\OneDrive\Documents\KULIAH\MAGANG\wisi-wise-web-odoo\odoo\orm\environments.py", line 534, in execute_query
    self.cr.execute(query)
  File "C:\Users\wadhi\OneDrive\Documents\KULIAH\MAGANG\wisi-wise-web-odoo\odoo\sql_db.py", line 433, in execute
    self._obj.execute(query, params)
psycopg2.errors.UndefinedColumn: column hr_employee.nip does not exist
LINE 1: ...ocation_id", "hr_employee"."today_location_name", "hr_employ...
                                                             ^

2026-02-26 08:15:34,759 31888 INFO wsi_2026 werkzeug: 127.0.0.1 - - [26/Feb/2026 08:15:34] "GET /odoo HTTP/1.1" 500 - 74 0.130 1.541
2026-02-26 08:15:36,782 31888 INFO wsi_2026 werkzeug: 127.0.0.1 - - [26/Feb/2026 08:15:36] "GET /web/service-worker.js HTTP/1.1" 200 - 1 0.001 0.006
2026-02-26 08:15:51,846 31888 INFO ? odoo.service.server: Initiating shutdown 
2026-02-26 08:15:51,846 31888 INFO ? odoo.service.server: Hit CTRL-C again or send a second signal to force the shutdown. 
2026-02-26 08:17:55,550 32944 WARNING ? odoo.tools.config: missing --http-interface/http_interface, using 0.0.0.0 by default, will change to 127.0.0.1 in 20.0 
2026-02-26 08:17:55,551 32944 INFO ? odoo: Odoo version 19.0 
2026-02-26 08:17:55,551 32944 INFO ? odoo: Using configuration file at c:\users\wadhi\onedrive\documents\kuliah\magang\wisi-wise-web-odoo\odoo.conf 
2026-02-26 08:17:55,552 32944 INFO ? odoo: addons paths: _NamespacePath(['C:\\Users\\wadhi\\OneDrive\\Documents\\KULIAH\\MAGANG\\wisi-wise-web-odoo\\odoo\\addons', 'C:\\Users\\wadhi\\AppData\\Local\\OpenERP S.A.\\Odoo\\addons\\19.0', 'c:\\users\\wadhi\\onedrive\\documents\\kuliah\\magang\\wisi-wise-web-odoo\\odoo\\addons', 'c:\\users\\wadhi\\onedrive\\documents\\kuliah\\magang\\wisi-wise-web-odoo\\addons', 'c:\\users\\wadhi\\onedrive\\documents\\kuliah\\magang\\wisi-wise-web-odoo\\custom_addons']) 
2026-02-26 08:17:55,552 32944 INFO ? odoo: database: odoo@localhost:5434 
2026-02-26 08:17:56,535 32944 WARNING ? odoo.service.server: 'watchdog' module not installed. Code autoreload feature is disabled 
2026-02-26 08:17:56,546 32944 INFO ? odoo.service.server: HTTP service (werkzeug) running on LAPTOP-B7F6P6QO:8069 
2026-02-26 08:17:59,579 32944 INFO ? odoo.modules.loading: loading 1 modules... 
2026-02-26 08:17:59,584 32944 INFO ? odoo.modules.loading: 1 modules loaded in 0.01s, 0 queries (+0 extra) 
2026-02-26 08:17:59,620 32944 WARNING ? odoo.modules.module: Missing `license` key in manifest for 'wsi_hr_employee', defaulting to LGPL-3 
2026-02-26 08:17:59,634 32944 INFO ? odoo.modules.loading: loading 51 modules... 
2026-02-26 08:18:00,925 32944 INFO ? odoo.modules.loading: 51 modules loaded in 1.29s, 0 queries (+0 extra) 
2026-02-26 08:18:01,100 32944 INFO ? odoo.modules.loading: Modules loaded. 
2026-02-26 08:18:01,141 32944 INFO ? odoo.registry: Registry loaded in 1.615s 
2026-02-26 08:18:01,147 32944 INFO wsi_2026 odoo.addons.base.models.ir_http: Generating routing map for key None 
2026-02-26 08:18:01,320 32944 ERROR wsi_2026 odoo.sql_db: bad query: b'SELECT "hr_employee"."id", "hr_employee"."resource_id", "hr_employee"."company_id", "hr_employee"."message_main_attachment_id", "hr_employee"."current_version_id", "hr_employee"."name", "hr_employee"."user_id", "hr_employee"."active", "hr_employee"."work_phone", "hr_employee"."mobile_phone", "hr_employee"."work_email", "hr_employee"."work_contact_id", "hr_employee"."legal_name", "hr_employee"."private_phone", "hr_employee"."private_email", "hr_employee"."lang", "hr_employee"."place_of_birth", "hr_employee"."country_of_birth", "hr_employee"."birthday", "hr_employee"."birthday_public_display", "hr_employee"."salary_distribution", "hr_employee"."permit_no", "hr_employee"."visa_no", "hr_employee"."visa_expire", "hr_employee"."work_permit_expiration_date", "hr_employee"."work_permit_scheduled_activity", "hr_employee"."certificate", "hr_employee"."study_field", "hr_employee"."study_school", "hr_employee"."emergency_contact", "hr_employee"."emergency_phone", "hr_employee"."parent_id", "hr_employee"."coach_id", "hr_employee"."color", "hr_employee"."barcode", "hr_employee"."pin", "hr_employee"."private_car_plate", "hr_employee"."create_uid", "hr_employee"."create_date", "hr_employee"."write_uid", "hr_employee"."write_date", "hr_employee"."attendance_manager_id", "hr_employee"."last_attendance_id", "hr_employee"."last_check_in", "hr_employee"."last_check_out", "hr_employee"."leave_manager_id", "hr_employee"."monday_location_id", "hr_employee"."tuesday_location_id", "hr_employee"."wednesday_location_id", "hr_employee"."thursday_location_id", "hr_employee"."friday_location_id", "hr_employee"."saturday_location_id", "hr_employee"."sunday_location_id", "hr_employee"."today_location_name", "hr_employee"."nip", "hr_employee"."nomor_bpjs", "hr_employee"."akun_sosmed" FROM "hr_employee" WHERE "hr_employee"."id" IN (1)'
ERROR: column hr_employee.nip does not exist
LINE 1: ...ocation_id", "hr_employee"."today_location_name", "hr_employ...
                                                             ^
 
2026-02-26 08:18:01,323 32944 ERROR wsi_2026 odoo.http: Exception during request handling. 
Traceback (most recent call last):
  File "C:\Users\wadhi\OneDrive\Documents\KULIAH\MAGANG\wisi-wise-web-odoo\odoo\http.py", line 2800, in __call__
    response = request._serve_db()
               ^^^^^^^^^^^^^^^^^^^
  File "C:\Users\wadhi\OneDrive\Documents\KULIAH\MAGANG\wisi-wise-web-odoo\odoo\http.py", line 2275, in _serve_db
    raise self._update_served_exception(exc)
  File "C:\Users\wadhi\OneDrive\Documents\KULIAH\MAGANG\wisi-wise-web-odoo\odoo\http.py", line 2273, in _serve_db
    return service_model.retrying(serve_func, env=self.env)
           ^^^^^^^^^^^^^^^^^^^^^^^^^^^^^^^^^^^^^^^^^^^^^^^^
  File "C:\Users\wadhi\OneDrive\Documents\KULIAH\MAGANG\wisi-wise-web-odoo\odoo\service\model.py", line 185, in retrying
    result = func()
             ^^^^^^
  File "C:\Users\wadhi\OneDrive\Documents\KULIAH\MAGANG\wisi-wise-web-odoo\odoo\http.py", line 2328, in _serve_ir_http
    response = self.dispatcher.dispatch(rule.endpoint, args)
               ^^^^^^^^^^^^^^^^^^^^^^^^^^^^^^^^^^^^^^^^^^^^^
  File "C:\Users\wadhi\OneDrive\Documents\KULIAH\MAGANG\wisi-wise-web-odoo\odoo\http.py", line 2450, in dispatch
    return self.request.registry['ir.http']._dispatch(endpoint)
           ^^^^^^^^^^^^^^^^^^^^^^^^^^^^^^^^^^^^^^^^^^^^^^^^^^^^
  File "C:\Users\wadhi\OneDrive\Documents\KULIAH\MAGANG\wisi-wise-web-odoo\odoo\addons\base\models\ir_http.py", line 355, in _dispatch
    result = endpoint(**request.params)
             ^^^^^^^^^^^^^^^^^^^^^^^^^^
  File "C:\Users\wadhi\OneDrive\Documents\KULIAH\MAGANG\wisi-wise-web-odoo\odoo\http.py", line 788, in route_wrapper
    result = endpoint(self, *args, **params_ok)
             ^^^^^^^^^^^^^^^^^^^^^^^^^^^^^^^^^^
  File "c:\users\wadhi\onedrive\documents\kuliah\magang\wisi-wise-web-odoo\addons\portal\controllers\web.py", line 27, in web_client
    return super().web_client(s_action, **kw)
           ^^^^^^^^^^^^^^^^^^^^^^^^^^^^^^^^^^
  File "C:\Users\wadhi\OneDrive\Documents\KULIAH\MAGANG\wisi-wise-web-odoo\odoo\http.py", line 788, in route_wrapper
    result = endpoint(self, *args, **params_ok)
             ^^^^^^^^^^^^^^^^^^^^^^^^^^^^^^^^^^
  File "c:\users\wadhi\onedrive\documents\kuliah\magang\wisi-wise-web-odoo\addons\web\controllers\home.py", line 68, in web_client
    context = request.env['ir.http'].webclient_rendering_context()
              ^^^^^^^^^^^^^^^^^^^^^^^^^^^^^^^^^^^^^^^^^^^^^^^^^^^^
  File "c:\users\wadhi\onedrive\documents\kuliah\magang\wisi-wise-web-odoo\addons\web\models\ir_http.py", line 69, in webclient_rendering_context
    'session_info': self.session_info(),
                    ^^^^^^^^^^^^^^^^^^^
  File "c:\users\wadhi\onedrive\documents\kuliah\magang\wisi-wise-web-odoo\addons\partner_autocomplete\models\ir_http.py", line 12, in session_info
    session_info = super().session_info()
                   ^^^^^^^^^^^^^^^^^^^^^^
  File "c:\users\wadhi\onedrive\documents\kuliah\magang\wisi-wise-web-odoo\addons\mail\models\ir_http.py", line 22, in session_info
    ResUsers._init_store_data(store)
  File "c:\users\wadhi\onedrive\documents\kuliah\magang\wisi-wise-web-odoo\addons\mail\models\discuss\res_users.py", line 57, in _init_store_data
    super()._init_store_data(store)
  File "c:\users\wadhi\onedrive\documents\kuliah\magang\wisi-wise-web-odoo\addons\mail\models\res_users.py", line 398, in _init_store_data
    store.add_global_values(
  File "c:\users\wadhi\onedrive\documents\kuliah\magang\wisi-wise-web-odoo\addons\mail\tools\discuss.py", line 132, in add_global_values
    self.add_singleton_values("Store", values)
  File "c:\users\wadhi\onedrive\documents\kuliah\magang\wisi-wise-web-odoo\addons\mail\tools\discuss.py", line 181, in add_singleton_values
    self._add_values(values, model_name)
  File "c:\users\wadhi\onedrive\documents\kuliah\magang\wisi-wise-web-odoo\addons\mail\tools\discuss.py", line 232, in _add_values
    val._add_to_store(self, target, key)
  File "c:\users\wadhi\onedrive\documents\kuliah\magang\wisi-wise-web-odoo\addons\mail\tools\discuss.py", line 479, in _add_to_store
    super()._add_to_store(store, target, key)
  File "c:\users\wadhi\onedrive\documents\kuliah\magang\wisi-wise-web-odoo\addons\mail\tools\discuss.py", line 447, in _add_to_store
    store.add(self.records, self.fields, as_thread=self.as_thread, **self.kwargs)
  File "c:\users\wadhi\onedrive\documents\kuliah\magang\wisi-wise-web-odoo\addons\mail\tools\discuss.py", line 124, in add
    self.add_records_fields(records, fields)
  File "c:\users\wadhi\onedrive\documents\kuliah\magang\wisi-wise-web-odoo\addons\mail\tools\discuss.py", line 162, in add_records_fields
    for record, record_data_list in zip(records, self._get_records_data_list(records, fields)):
                                                 ^^^^^^^^^^^^^^^^^^^^^^^^^^^^^^^^^^^^^^^^^^^^
  File "c:\users\wadhi\onedrive\documents\kuliah\magang\wisi-wise-web-odoo\addons\mail\tools\discuss.py", line 268, in _get_records_data_list
    for data_dict in records._read_format(
                     ^^^^^^^^^^^^^^^^^^^^^
  File "C:\Users\wadhi\OneDrive\Documents\KULIAH\MAGANG\wisi-wise-web-odoo\odoo\orm\models.py", line 3747, in _read_format
    vals[name] = convert(record[name], record, use_display_name)
                         ~~~~~~^^^^^^
  File "C:\Users\wadhi\OneDrive\Documents\KULIAH\MAGANG\wisi-wise-web-odoo\odoo\orm\models.py", line 6686, in __getitem__
    return self._fields[key].__get__(self)
           ^^^^^^^^^^^^^^^^^^^^^^^^^^^^^^^
  File "C:\Users\wadhi\OneDrive\Documents\KULIAH\MAGANG\wisi-wise-web-odoo\odoo\orm\fields.py", line 1746, in __get__
    self.compute_value(recs)
  File "C:\Users\wadhi\OneDrive\Documents\KULIAH\MAGANG\wisi-wise-web-odoo\odoo\orm\fields.py", line 1917, in compute_value
    records._compute_field_value(self)
  File "c:\users\wadhi\onedrive\documents\kuliah\magang\wisi-wise-web-odoo\addons\mail\models\mail_thread.py", line 483, in _compute_field_value
    return super()._compute_field_value(field)
           ^^^^^^^^^^^^^^^^^^^^^^^^^^^^^^^^^^^
  File "C:\Users\wadhi\OneDrive\Documents\KULIAH\MAGANG\wisi-wise-web-odoo\odoo\orm\models.py", line 4952, in _compute_field_value
    determine(field.compute, self)
  File "C:\Users\wadhi\OneDrive\Documents\KULIAH\MAGANG\wisi-wise-web-odoo\odoo\orm\fields.py", line 81, in determine
    return needle(*args)
           ^^^^^^^^^^^^^
  File "c:\users\wadhi\onedrive\documents\kuliah\magang\wisi-wise-web-odoo\addons\hr_homeworking\models\res_partner.py", line 13, in _compute_im_status
    location_type = user[dayfield].location_type
                    ~~~~^^^^^^^^^^
  File "C:\Users\wadhi\OneDrive\Documents\KULIAH\MAGANG\wisi-wise-web-odoo\odoo\orm\models.py", line 6686, in __getitem__
    return self._fields[key].__get__(self)
           ^^^^^^^^^^^^^^^^^^^^^^^^^^^^^^^
  File "C:\Users\wadhi\OneDrive\Documents\KULIAH\MAGANG\wisi-wise-web-odoo\odoo\orm\fields_relational.py", line 45, in __get__
    return super().__get__(records, owner)
           ^^^^^^^^^^^^^^^^^^^^^^^^^^^^^^^
  File "C:\Users\wadhi\OneDrive\Documents\KULIAH\MAGANG\wisi-wise-web-odoo\odoo\orm\fields.py", line 1746, in __get__
    self.compute_value(recs)
  File "C:\Users\wadhi\OneDrive\Documents\KULIAH\MAGANG\wisi-wise-web-odoo\odoo\orm\fields.py", line 1917, in compute_value
    records._compute_field_value(self)
  File "C:\Users\wadhi\OneDrive\Documents\KULIAH\MAGANG\wisi-wise-web-odoo\odoo\orm\models.py", line 4952, in _compute_field_value
    determine(field.compute, self)
  File "C:\Users\wadhi\OneDrive\Documents\KULIAH\MAGANG\wisi-wise-web-odoo\odoo\orm\fields.py", line 84, in determine
    return needle(records, *args)
           ^^^^^^^^^^^^^^^^^^^^^^
  File "C:\Users\wadhi\OneDrive\Documents\KULIAH\MAGANG\wisi-wise-web-odoo\odoo\orm\fields.py", line 708, in _compute_related
    values = [next(iter(val := value[name]), val) for value in values]
                               ~~~~~^^^^^^
  File "C:\Users\wadhi\OneDrive\Documents\KULIAH\MAGANG\wisi-wise-web-odoo\odoo\orm\models.py", line 6686, in __getitem__
    return self._fields[key].__get__(self)
           ^^^^^^^^^^^^^^^^^^^^^^^^^^^^^^^
  File "C:\Users\wadhi\OneDrive\Documents\KULIAH\MAGANG\wisi-wise-web-odoo\odoo\orm\fields_relational.py", line 45, in __get__
    return super().__get__(records, owner)
           ^^^^^^^^^^^^^^^^^^^^^^^^^^^^^^^
  File "C:\Users\wadhi\OneDrive\Documents\KULIAH\MAGANG\wisi-wise-web-odoo\odoo\orm\fields.py", line 1746, in __get__
    self.compute_value(recs)
  File "C:\Users\wadhi\OneDrive\Documents\KULIAH\MAGANG\wisi-wise-web-odoo\odoo\orm\fields.py", line 1917, in compute_value
    records._compute_field_value(self)
  File "C:\Users\wadhi\OneDrive\Documents\KULIAH\MAGANG\wisi-wise-web-odoo\odoo\orm\models.py", line 4952, in _compute_field_value
    determine(field.compute, self)
  File "C:\Users\wadhi\OneDrive\Documents\KULIAH\MAGANG\wisi-wise-web-odoo\odoo\orm\fields.py", line 81, in determine
    return needle(*args)
           ^^^^^^^^^^^^^
  File "c:\users\wadhi\onedrive\documents\kuliah\magang\wisi-wise-web-odoo\addons\hr\models\res_users.py", line 268, in _compute_company_employee
    employee.user_id: employee
    ^^^^^^^^^^^^^^^^
  File "C:\Users\wadhi\OneDrive\Documents\KULIAH\MAGANG\wisi-wise-web-odoo\odoo\orm\fields_relational.py", line 45, in __get__
    return super().__get__(records, owner)
           ^^^^^^^^^^^^^^^^^^^^^^^^^^^^^^^
  File "C:\Users\wadhi\OneDrive\Documents\KULIAH\MAGANG\wisi-wise-web-odoo\odoo\orm\fields.py", line 1702, in __get__
    recs._fetch_field(self)
  File "C:\Users\wadhi\OneDrive\Documents\KULIAH\MAGANG\wisi-wise-web-odoo\odoo\orm\models.py", line 3772, in _fetch_field
    self.fetch(fnames)
  File "c:\users\wadhi\onedrive\documents\kuliah\magang\wisi-wise-web-odoo\addons\hr\models\hr_employee.py", line 1109, in fetch
    return super().fetch(field_names)
           ^^^^^^^^^^^^^^^^^^^^^^^^^^
  File "C:\Users\wadhi\OneDrive\Documents\KULIAH\MAGANG\wisi-wise-web-odoo\odoo\orm\models.py", line 3812, in fetch
    fetched = self._fetch_query(query, fields_to_fetch)
              ^^^^^^^^^^^^^^^^^^^^^^^^^^^^^^^^^^^^^^^^^
  File "C:\Users\wadhi\OneDrive\Documents\KULIAH\MAGANG\wisi-wise-web-odoo\odoo\orm\models.py", line 3917, in _fetch_query
    rows = self.env.execute_query(query.select(*sql_terms))
           ^^^^^^^^^^^^^^^^^^^^^^^^^^^^^^^^^^^^^^^^^^^^^^^^
  File "C:\Users\wadhi\OneDrive\Documents\KULIAH\MAGANG\wisi-wise-web-odoo\odoo\orm\environments.py", line 534, in execute_query
    self.cr.execute(query)
  File "C:\Users\wadhi\OneDrive\Documents\KULIAH\MAGANG\wisi-wise-web-odoo\odoo\sql_db.py", line 433, in execute
    self._obj.execute(query, params)
psycopg2.errors.UndefinedColumn: column hr_employee.nip does not exist
LINE 1: ...ocation_id", "hr_employee"."today_location_name", "hr_employ...
                                                             ^

2026-02-26 08:18:01,339 32944 INFO wsi_2026 werkzeug: 127.0.0.1 - - [26/Feb/2026 08:18:01] "GET /odoo HTTP/1.1" 500 - 74 0.124 1.691
2026-02-26 08:18:03,376 32944 INFO wsi_2026 werkzeug: 127.0.0.1 - - [26/Feb/2026 08:18:03] "GET /web/service-worker.js HTTP/1.1" 200 - 1 0.003 0.005
2026-02-26 08:19:06,730 32944 INFO ? odoo.service.server: Initiating shutdown 
2026-02-26 08:19:06,730 32944 INFO ? odoo.service.server: Hit CTRL-C again or send a second signal to force the shutdown. 
2026-02-26 08:19:07,742 32944 INFO ? odoo.service.server: cron0 max age (0s) reached, releasing connection. 
2026-02-26 08:19:07,743 32944 INFO ? odoo.sql_db: ConnectionPool(read/write;used=0/count=0/max=64): Closed 3 connections  
2026-02-26 08:19:07,763 32944 INFO ? odoo.service.server: cron1 max age (0s) reached, releasing connection. 
2026-02-26 08:20:40,885 30860 WARNING ? odoo.tools.config: missing --http-interface/http_interface, using 0.0.0.0 by default, will change to 127.0.0.1 in 20.0 
2026-02-26 08:20:40,886 30860 INFO ? odoo: Odoo version 19.0 
2026-02-26 08:20:40,886 30860 INFO ? odoo: Using configuration file at c:\users\wadhi\onedrive\documents\kuliah\magang\wisi-wise-web-odoo\odoo.conf 
2026-02-26 08:20:40,886 30860 INFO ? odoo: addons paths: _NamespacePath(['C:\\Users\\wadhi\\OneDrive\\Documents\\KULIAH\\MAGANG\\wisi-wise-web-odoo\\odoo\\addons', 'C:\\Users\\wadhi\\AppData\\Local\\OpenERP S.A.\\Odoo\\addons\\19.0', 'c:\\users\\wadhi\\onedrive\\documents\\kuliah\\magang\\wisi-wise-web-odoo\\odoo\\addons', 'c:\\users\\wadhi\\onedrive\\documents\\kuliah\\magang\\wisi-wise-web-odoo\\addons', 'c:\\users\\wadhi\\onedrive\\documents\\kuliah\\magang\\wisi-wise-web-odoo\\custom_addons']) 
2026-02-26 08:20:40,886 30860 INFO ? odoo: database: odoo@localhost:5434 
2026-02-26 08:20:41,526 30860 WARNING ? odoo.service.server: 'watchdog' module not installed. Code autoreload feature is disabled 
2026-02-26 08:20:41,548 30860 INFO ? odoo.service.server: HTTP service (werkzeug) running on LAPTOP-B7F6P6QO:8069 
2026-02-26 08:20:44,324 30860 INFO ? odoo.modules.loading: loading 1 modules... 
2026-02-26 08:20:44,329 30860 INFO ? odoo.modules.loading: 1 modules loaded in 0.01s, 0 queries (+0 extra) 
2026-02-26 08:20:44,359 30860 WARNING ? odoo.modules.module: Missing `license` key in manifest for 'wsi_hr_employee', defaulting to LGPL-3 
2026-02-26 08:20:44,369 30860 INFO ? odoo.modules.loading: loading 51 modules... 
2026-02-26 08:20:45,407 30860 INFO ? odoo.modules.loading: 51 modules loaded in 1.04s, 0 queries (+0 extra) 
2026-02-26 08:20:45,580 30860 INFO ? odoo.modules.loading: Modules loaded. 
2026-02-26 08:20:45,631 30860 INFO ? odoo.registry: Registry loaded in 1.349s 
2026-02-26 08:20:45,636 30860 INFO wsi_2026 odoo.addons.base.models.ir_http: Generating routing map for key None 
2026-02-26 08:20:48,070 30860 INFO wsi_2026 werkzeug: 127.0.0.1 - - [26/Feb/2026 08:20:48] "GET /odoo HTTP/1.1" 200 - 111 0.161 3.629
2026-02-26 08:20:48,224 30860 INFO wsi_2026 werkzeug: 127.0.0.1 - - [26/Feb/2026 08:20:48] "GET /web/manifest.webmanifest HTTP/1.1" 200 - 14 0.049 0.053
2026-02-26 08:20:48,235 30860 INFO wsi_2026 werkzeug: 127.0.0.1 - - [26/Feb/2026 08:20:48] "GET /web/webclient/load_menus HTTP/1.1" 200 - 18 0.074 0.043
2026-02-26 08:20:48,690 30860 INFO wsi_2026 werkzeug: 127.0.0.1 - - [26/Feb/2026 08:20:48] "GET /web/bundle/web_tour.interactive?lang=en_US&debug=1 HTTP/1.1" 200 - 3 0.005 0.046
2026-02-26 08:20:48,691 30860 INFO wsi_2026 werkzeug: 127.0.0.1 - - [26/Feb/2026 08:20:48] "GET /web/webclient/translations?hash=a83becbed84725601497e361b7bcb8c7ce2a2e0c&lang=en_US HTTP/1.1" 200 - 2 0.005 0.048
2026-02-26 08:20:48,725 30860 INFO wsi_2026 werkzeug: 127.0.0.1 - - [26/Feb/2026 08:20:48] "POST /web/dataset/call_kw/ir.http/lazy_session_info#ir.http.lazy_session_info HTTP/1.1" 200 - 6 0.023 0.053
2026-02-26 08:20:48,770 30860 INFO wsi_2026 werkzeug: 127.0.0.1 - - [26/Feb/2026 08:20:48] "POST /web/action/load HTTP/1.1" 200 - 6 0.020 0.013
2026-02-26 08:20:48,829 30860 INFO wsi_2026 werkzeug: 127.0.0.1 - - [26/Feb/2026 08:20:48] "POST /mail/data HTTP/1.1" 200 - 27 0.063 0.029
2026-02-26 08:20:48,897 30860 INFO wsi_2026 werkzeug: 127.0.0.1 - - [26/Feb/2026 08:20:48] "POST /mail/data HTTP/1.1" 200 - 48 0.095 0.065
2026-02-26 08:20:49,023 30860 INFO wsi_2026 werkzeug: 127.0.0.1 - - [26/Feb/2026 08:20:49] "GET /bus/websocket_worker_bundle?v=19.0-2 HTTP/1.1" 304 - 4 0.012 0.013
2026-02-26 08:20:49,048 30860 INFO wsi_2026 werkzeug: 127.0.0.1 - - [26/Feb/2026 08:20:49] "GET /web/image?model=res.users&field=avatar_128&id=2 HTTP/1.1" 304 - 15 0.029 0.023
2026-02-26 08:20:49,197 30860 INFO wsi_2026 werkzeug: 127.0.0.1 - - [26/Feb/2026 08:20:49] "POST /discuss/channel/messages HTTP/1.1" 200 - 25 0.030 0.027
2026-02-26 08:20:49,365 30860 INFO wsi_2026 werkzeug: 127.0.0.1 - - [26/Feb/2026 08:20:49] "GET /web/bundle/web.assets_emoji?lang=en_US&debug=1 HTTP/1.1" 200 - 2 0.006 0.007
2026-02-26 08:20:49,446 30860 INFO wsi_2026 werkzeug: 127.0.0.1 - - [26/Feb/2026 08:20:49] "GET /websocket?version=19.0-2 HTTP/1.1" 101 - 1 0.002 0.006
2026-02-26 08:20:49,471 30860 INFO ? odoo.addons.bus.models.bus: Bus.loop listen imbus on db postgres 
2026-02-26 08:20:50,829 30860 INFO wsi_2026 werkzeug: 127.0.0.1 - - [26/Feb/2026 08:20:50] "GET /web/service-worker.js HTTP/1.1" 200 - 1 0.001 0.005
2026-02-26 08:20:52,383 30860 INFO wsi_2026 werkzeug: 127.0.0.1 - - [26/Feb/2026 08:20:52] "POST /web/action/load HTTP/1.1" 200 - 11 0.025 0.019
2026-02-26 08:20:52,759 30860 INFO wsi_2026 werkzeug: 127.0.0.1 - - [26/Feb/2026 08:20:52] "GET /web/image/res.users/2/avatar_128 HTTP/1.1" 304 - 8 0.044 0.080
2026-02-26 08:20:52,760 30860 INFO wsi_2026 werkzeug: 127.0.0.1 - - [26/Feb/2026 08:20:52] "POST /web/dataset/call_kw/hr.employee/search_panel_select_range#hr.employee.search_panel_select_range HTTP/1.1" 200 - 13 0.082 0.046
2026-02-26 08:20:52,784 30860 INFO wsi_2026 werkzeug: 127.0.0.1 - - [26/Feb/2026 08:20:52] "POST /web/dataset/call_kw/hr.employee/web_search_read#hr.employee.web_search_read HTTP/1.1" 200 - 26 0.091 0.059
2026-02-26 08:20:53,059 30860 INFO wsi_2026 werkzeug: 127.0.0.1 - - [26/Feb/2026 08:20:53] "POST /web/dataset/call_kw/hr.employee/get_views#hr.employee.get_views HTTP/1.1" 200 - 72 0.216 0.248
2026-02-26 08:20:54,641 30860 INFO wsi_2026 werkzeug: 127.0.0.1 - - [26/Feb/2026 08:20:54] "GET /hr_referral/static/description/icon.png HTTP/1.1" 404 - 39 0.113 1.832
2026-02-26 08:20:54,641 30860 INFO wsi_2026 werkzeug: 127.0.0.1 - - [26/Feb/2026 08:20:54] "GET /sign/static/description/icon.png HTTP/1.1" 404 - 39 0.128 1.876
2026-02-26 08:20:54,782 30860 INFO wsi_2026 werkzeug: 127.0.0.1 - - [26/Feb/2026 08:20:54] "GET /hr_payroll/static/description/icon.png HTTP/1.1" 404 - 29 0.047 1.656
2026-02-26 08:20:54,798 30860 INFO wsi_2026 werkzeug: 127.0.0.1 - - [26/Feb/2026 08:20:54] "GET /ai/static/description/icon.png HTTP/1.1" 404 - 29 0.049 1.684
2026-02-26 08:20:54,852 30860 INFO wsi_2026 werkzeug: 127.0.0.1 - - [26/Feb/2026 08:20:54] "GET /planning/static/description/icon.png HTTP/1.1" 404 - 29 0.041 1.702
2026-02-26 08:20:54,958 30860 INFO wsi_2026 werkzeug: 127.0.0.1 - - [26/Feb/2026 08:20:54] "GET /hr_appraisal/static/description/icon.png HTTP/1.1" 404 - 29 0.046 1.537
2026-02-26 08:20:54,988 30860 INFO wsi_2026 werkzeug: 127.0.0.1 - - [26/Feb/2026 08:20:54] "POST /web/dataset/call_kw/hr.version/search_read#hr.version.search_read HTTP/1.1" 200 - 3 0.008 0.026
2026-02-26 08:20:55,108 30860 INFO wsi_2026 werkzeug: 127.0.0.1 - - [26/Feb/2026 08:20:55] "POST /web/dataset/call_kw/hr.version/search_read#hr.version.search_read HTTP/1.1" 200 - 3 0.006 0.012
2026-02-26 08:20:55,114 30860 INFO wsi_2026 werkzeug: 127.0.0.1 - - [26/Feb/2026 08:20:55] "POST /web/dataset/call_kw/hr.employee/web_read#hr.employee.web_read HTTP/1.1" 200 - 55 0.097 0.065
2026-02-26 08:20:55,127 30860 INFO wsi_2026 werkzeug: 127.0.0.1 - - [26/Feb/2026 08:20:55] "POST /web/dataset/call_kw/hr.version/search_read#hr.version.search_read HTTP/1.1" 200 - 3 0.007 0.011
2026-02-26 08:20:55,194 30860 INFO wsi_2026 werkzeug: 127.0.0.1 - - [26/Feb/2026 08:20:55] "POST /hr/get_org_chart HTTP/1.1" 200 - 10 0.014 0.014
2026-02-26 08:20:55,272 30860 INFO wsi_2026 werkzeug: 127.0.0.1 - - [26/Feb/2026 08:20:55] "POST /web/dataset/call_kw/res.users/has_group#res.users.has_group HTTP/1.1" 200 - 1 0.002 0.005
2026-02-26 08:20:55,329 30860 INFO wsi_2026 werkzeug: 127.0.0.1 - - [26/Feb/2026 08:20:55] "GET /documents/static/description/icon.png HTTP/1.1" 404 - 8 0.008 0.017
2026-02-26 08:20:55,791 30860 INFO wsi_2026 werkzeug: 127.0.0.1 - - [26/Feb/2026 08:20:55] "POST /mail/thread/messages HTTP/1.1" 200 - 24 0.039 0.021
2026-02-26 08:20:55,824 30860 INFO wsi_2026 werkzeug: 127.0.0.1 - - [26/Feb/2026 08:20:55] "POST /mail/data HTTP/1.1" 200 - 32 0.054 0.037
2026-02-26 08:21:14,107 30860 INFO wsi_2026 werkzeug: 127.0.0.1 - - [26/Feb/2026 08:21:14] "POST /web/dataset/call_kw/hr.department/web_name_search#hr.department.web_name_search HTTP/1.1" 200 - 2 0.004 0.008
2026-02-26 08:21:34,102 30860 INFO wsi_2026 werkzeug: 127.0.0.1 - - [26/Feb/2026 08:21:34] "GET /web/manifest.webmanifest HTTP/1.1" 200 - 6 0.013 0.019
2026-02-26 08:21:34,119 30860 INFO wsi_2026 werkzeug: 127.0.0.1 - - [26/Feb/2026 08:21:34] "GET /.well-known/appspecific/com.chrome.devtools.json HTTP/1.1" 404 - 8 0.019 0.028
2026-02-26 08:21:34,167 30860 INFO wsi_2026 werkzeug: 127.0.0.1 - - [26/Feb/2026 08:21:34] "GET /odoo/employees/1 HTTP/1.1" 200 - 28 0.060 0.042
2026-02-26 08:21:36,642 30860 INFO wsi_2026 werkzeug: 127.0.0.1 - - [26/Feb/2026 08:21:36] "POST /web/dataset/call_kw/hr.department/web_name_search#hr.department.web_name_search HTTP/1.1" 200 - 2 0.005 0.011
2026-02-26 08:22:48,348 30860 INFO wsi_2026 werkzeug: 127.0.0.1 - - [26/Feb/2026 08:22:48] "POST /web/dataset/call_kw/hr.department/web_name_search#hr.department.web_name_search HTTP/1.1" 200 - 2 0.005 0.007
2026-02-26 08:23:04,253 30860 INFO wsi_2026 werkzeug: 127.0.0.1 - - [26/Feb/2026 08:23:04] "POST /web/dataset/call_kw/hr.version/search_read#hr.version.search_read HTTP/1.1" 200 - 3 0.010 0.015
2026-02-26 08:24:35,605 30860 INFO ? odoo.service.server: Initiating shutdown 
2026-02-26 08:24:35,605 30860 INFO ? odoo.service.server: Hit CTRL-C again or send a second signal to force the shutdown. 
2026-02-26 08:24:35,766 30860 INFO ? odoo.service.server: cron0 max age (0s) reached, releasing connection. 
2026-02-26 08:24:35,766 30860 INFO ? odoo.sql_db: ConnectionPool(read/write;used=0/count=0/max=64): Closed 8 connections  
2026-02-26 08:24:35,784 30860 INFO ? odoo.service.server: cron1 max age (0s) reached, releasing connection. 
2026-02-26 08:25:46,854 26360 WARNING ? odoo.tools.config: missing --http-interface/http_interface, using 0.0.0.0 by default, will change to 127.0.0.1 in 20.0 
2026-02-26 08:25:46,856 26360 INFO ? odoo: Odoo version 19.0 
2026-02-26 08:25:46,856 26360 INFO ? odoo: Using configuration file at c:\users\wadhi\onedrive\documents\kuliah\magang\wisi-wise-web-odoo\odoo.conf 
2026-02-26 08:25:46,856 26360 INFO ? odoo: addons paths: _NamespacePath(['C:\\Users\\wadhi\\OneDrive\\Documents\\KULIAH\\MAGANG\\wisi-wise-web-odoo\\odoo\\addons', 'C:\\Users\\wadhi\\AppData\\Local\\OpenERP S.A.\\Odoo\\addons\\19.0', 'c:\\users\\wadhi\\onedrive\\documents\\kuliah\\magang\\wisi-wise-web-odoo\\odoo\\addons', 'c:\\users\\wadhi\\onedrive\\documents\\kuliah\\magang\\wisi-wise-web-odoo\\addons', 'c:\\users\\wadhi\\onedrive\\documents\\kuliah\\magang\\wisi-wise-web-odoo\\custom_addons']) 
2026-02-26 08:25:46,857 26360 INFO ? odoo: database: odoo@localhost:5434 
2026-02-26 08:25:47,820 26360 WARNING ? odoo.service.server: 'watchdog' module not installed. Code autoreload feature is disabled 
2026-02-26 08:25:47,828 26360 INFO ? odoo.service.server: HTTP service (werkzeug) running on LAPTOP-B7F6P6QO:8069 
2026-02-26 08:25:51,394 26360 INFO ? odoo.modules.loading: loading 1 modules... 
2026-02-26 08:25:51,402 26360 INFO ? odoo.modules.loading: 1 modules loaded in 0.01s, 0 queries (+0 extra) 
2026-02-26 08:25:51,448 26360 WARNING ? odoo.modules.module: Missing `license` key in manifest for 'wsi_hr_employee', defaulting to LGPL-3 
2026-02-26 08:25:51,467 26360 INFO ? odoo.modules.loading: loading 51 modules... 
2026-02-26 08:25:53,251 26360 INFO ? odoo.modules.loading: 51 modules loaded in 1.78s, 0 queries (+0 extra) 
2026-02-26 08:25:53,419 26360 INFO ? odoo.modules.loading: Modules loaded. 
2026-02-26 08:25:53,469 26360 INFO ? odoo.registry: Registry loaded in 2.141s 
2026-02-26 08:25:53,474 26360 INFO wsi_2026 odoo.addons.base.models.ir_http: Generating routing map for key None 
2026-02-26 08:25:53,634 26360 ERROR wsi_2026 odoo.sql_db: bad query: b'SELECT "hr_employee"."id", "hr_employee"."resource_id", "hr_employee"."company_id", "hr_employee"."message_main_attachment_id", "hr_employee"."current_version_id", "hr_employee"."name", "hr_employee"."user_id", "hr_employee"."active", "hr_employee"."work_phone", "hr_employee"."mobile_phone", "hr_employee"."work_email", "hr_employee"."work_contact_id", "hr_employee"."legal_name", "hr_employee"."private_phone", "hr_employee"."private_email", "hr_employee"."lang", "hr_employee"."place_of_birth", "hr_employee"."country_of_birth", "hr_employee"."birthday", "hr_employee"."birthday_public_display", "hr_employee"."salary_distribution", "hr_employee"."permit_no", "hr_employee"."visa_no", "hr_employee"."visa_expire", "hr_employee"."work_permit_expiration_date", "hr_employee"."work_permit_scheduled_activity", "hr_employee"."certificate", "hr_employee"."study_field", "hr_employee"."study_school", "hr_employee"."emergency_contact", "hr_employee"."emergency_phone", "hr_employee"."parent_id", "hr_employee"."coach_id", "hr_employee"."color", "hr_employee"."barcode", "hr_employee"."pin", "hr_employee"."private_car_plate", "hr_employee"."create_uid", "hr_employee"."create_date", "hr_employee"."write_uid", "hr_employee"."write_date", "hr_employee"."attendance_manager_id", "hr_employee"."last_attendance_id", "hr_employee"."last_check_in", "hr_employee"."last_check_out", "hr_employee"."leave_manager_id", "hr_employee"."monday_location_id", "hr_employee"."tuesday_location_id", "hr_employee"."wednesday_location_id", "hr_employee"."thursday_location_id", "hr_employee"."friday_location_id", "hr_employee"."saturday_location_id", "hr_employee"."sunday_location_id", "hr_employee"."today_location_name", "hr_employee"."nip", "hr_employee"."nomor_bpjs", "hr_employee"."akun_sosmed" FROM "hr_employee" WHERE "hr_employee"."id" IN (1)'
ERROR: column hr_employee.nip does not exist
LINE 1: ...ocation_id", "hr_employee"."today_location_name", "hr_employ...
                                                             ^
 
2026-02-26 08:25:53,636 26360 ERROR wsi_2026 odoo.http: Exception during request handling. 
Traceback (most recent call last):
  File "C:\Users\wadhi\OneDrive\Documents\KULIAH\MAGANG\wisi-wise-web-odoo\odoo\http.py", line 2800, in __call__
    response = request._serve_db()
               ^^^^^^^^^^^^^^^^^^^
  File "C:\Users\wadhi\OneDrive\Documents\KULIAH\MAGANG\wisi-wise-web-odoo\odoo\http.py", line 2275, in _serve_db
    raise self._update_served_exception(exc)
  File "C:\Users\wadhi\OneDrive\Documents\KULIAH\MAGANG\wisi-wise-web-odoo\odoo\http.py", line 2273, in _serve_db
    return service_model.retrying(serve_func, env=self.env)
           ^^^^^^^^^^^^^^^^^^^^^^^^^^^^^^^^^^^^^^^^^^^^^^^^
  File "C:\Users\wadhi\OneDrive\Documents\KULIAH\MAGANG\wisi-wise-web-odoo\odoo\service\model.py", line 185, in retrying
    result = func()
             ^^^^^^
  File "C:\Users\wadhi\OneDrive\Documents\KULIAH\MAGANG\wisi-wise-web-odoo\odoo\http.py", line 2328, in _serve_ir_http
    response = self.dispatcher.dispatch(rule.endpoint, args)
               ^^^^^^^^^^^^^^^^^^^^^^^^^^^^^^^^^^^^^^^^^^^^^
  File "C:\Users\wadhi\OneDrive\Documents\KULIAH\MAGANG\wisi-wise-web-odoo\odoo\http.py", line 2450, in dispatch
    return self.request.registry['ir.http']._dispatch(endpoint)
           ^^^^^^^^^^^^^^^^^^^^^^^^^^^^^^^^^^^^^^^^^^^^^^^^^^^^
  File "C:\Users\wadhi\OneDrive\Documents\KULIAH\MAGANG\wisi-wise-web-odoo\odoo\addons\base\models\ir_http.py", line 355, in _dispatch
    result = endpoint(**request.params)
             ^^^^^^^^^^^^^^^^^^^^^^^^^^
  File "C:\Users\wadhi\OneDrive\Documents\KULIAH\MAGANG\wisi-wise-web-odoo\odoo\http.py", line 788, in route_wrapper
    result = endpoint(self, *args, **params_ok)
             ^^^^^^^^^^^^^^^^^^^^^^^^^^^^^^^^^^
  File "c:\users\wadhi\onedrive\documents\kuliah\magang\wisi-wise-web-odoo\addons\portal\controllers\web.py", line 27, in web_client
    return super().web_client(s_action, **kw)
           ^^^^^^^^^^^^^^^^^^^^^^^^^^^^^^^^^^
  File "C:\Users\wadhi\OneDrive\Documents\KULIAH\MAGANG\wisi-wise-web-odoo\odoo\http.py", line 788, in route_wrapper
    result = endpoint(self, *args, **params_ok)
             ^^^^^^^^^^^^^^^^^^^^^^^^^^^^^^^^^^
  File "c:\users\wadhi\onedrive\documents\kuliah\magang\wisi-wise-web-odoo\addons\web\controllers\home.py", line 68, in web_client
    context = request.env['ir.http'].webclient_rendering_context()
              ^^^^^^^^^^^^^^^^^^^^^^^^^^^^^^^^^^^^^^^^^^^^^^^^^^^^
  File "c:\users\wadhi\onedrive\documents\kuliah\magang\wisi-wise-web-odoo\addons\web\models\ir_http.py", line 69, in webclient_rendering_context
    'session_info': self.session_info(),
                    ^^^^^^^^^^^^^^^^^^^
  File "c:\users\wadhi\onedrive\documents\kuliah\magang\wisi-wise-web-odoo\addons\partner_autocomplete\models\ir_http.py", line 12, in session_info
    session_info = super().session_info()
                   ^^^^^^^^^^^^^^^^^^^^^^
  File "c:\users\wadhi\onedrive\documents\kuliah\magang\wisi-wise-web-odoo\addons\mail\models\ir_http.py", line 22, in session_info
    ResUsers._init_store_data(store)
  File "c:\users\wadhi\onedrive\documents\kuliah\magang\wisi-wise-web-odoo\addons\mail\models\discuss\res_users.py", line 57, in _init_store_data
    super()._init_store_data(store)
  File "c:\users\wadhi\onedrive\documents\kuliah\magang\wisi-wise-web-odoo\addons\mail\models\res_users.py", line 398, in _init_store_data
    store.add_global_values(
  File "c:\users\wadhi\onedrive\documents\kuliah\magang\wisi-wise-web-odoo\addons\mail\tools\discuss.py", line 132, in add_global_values
    self.add_singleton_values("Store", values)
  File "c:\users\wadhi\onedrive\documents\kuliah\magang\wisi-wise-web-odoo\addons\mail\tools\discuss.py", line 181, in add_singleton_values
    self._add_values(values, model_name)
  File "c:\users\wadhi\onedrive\documents\kuliah\magang\wisi-wise-web-odoo\addons\mail\tools\discuss.py", line 232, in _add_values
    val._add_to_store(self, target, key)
  File "c:\users\wadhi\onedrive\documents\kuliah\magang\wisi-wise-web-odoo\addons\mail\tools\discuss.py", line 479, in _add_to_store
    super()._add_to_store(store, target, key)
  File "c:\users\wadhi\onedrive\documents\kuliah\magang\wisi-wise-web-odoo\addons\mail\tools\discuss.py", line 447, in _add_to_store
    store.add(self.records, self.fields, as_thread=self.as_thread, **self.kwargs)
  File "c:\users\wadhi\onedrive\documents\kuliah\magang\wisi-wise-web-odoo\addons\mail\tools\discuss.py", line 124, in add
    self.add_records_fields(records, fields)
  File "c:\users\wadhi\onedrive\documents\kuliah\magang\wisi-wise-web-odoo\addons\mail\tools\discuss.py", line 162, in add_records_fields
    for record, record_data_list in zip(records, self._get_records_data_list(records, fields)):
                                                 ^^^^^^^^^^^^^^^^^^^^^^^^^^^^^^^^^^^^^^^^^^^^
  File "c:\users\wadhi\onedrive\documents\kuliah\magang\wisi-wise-web-odoo\addons\mail\tools\discuss.py", line 268, in _get_records_data_list
    for data_dict in records._read_format(
                     ^^^^^^^^^^^^^^^^^^^^^
  File "C:\Users\wadhi\OneDrive\Documents\KULIAH\MAGANG\wisi-wise-web-odoo\odoo\orm\models.py", line 3747, in _read_format
    vals[name] = convert(record[name], record, use_display_name)
                         ~~~~~~^^^^^^
  File "C:\Users\wadhi\OneDrive\Documents\KULIAH\MAGANG\wisi-wise-web-odoo\odoo\orm\models.py", line 6686, in __getitem__
    return self._fields[key].__get__(self)
           ^^^^^^^^^^^^^^^^^^^^^^^^^^^^^^^
  File "C:\Users\wadhi\OneDrive\Documents\KULIAH\MAGANG\wisi-wise-web-odoo\odoo\orm\fields.py", line 1746, in __get__
    self.compute_value(recs)
  File "C:\Users\wadhi\OneDrive\Documents\KULIAH\MAGANG\wisi-wise-web-odoo\odoo\orm\fields.py", line 1917, in compute_value
    records._compute_field_value(self)
  File "c:\users\wadhi\onedrive\documents\kuliah\magang\wisi-wise-web-odoo\addons\mail\models\mail_thread.py", line 483, in _compute_field_value
    return super()._compute_field_value(field)
           ^^^^^^^^^^^^^^^^^^^^^^^^^^^^^^^^^^^
  File "C:\Users\wadhi\OneDrive\Documents\KULIAH\MAGANG\wisi-wise-web-odoo\odoo\orm\models.py", line 4952, in _compute_field_value
    determine(field.compute, self)
  File "C:\Users\wadhi\OneDrive\Documents\KULIAH\MAGANG\wisi-wise-web-odoo\odoo\orm\fields.py", line 81, in determine
    return needle(*args)
           ^^^^^^^^^^^^^
  File "c:\users\wadhi\onedrive\documents\kuliah\magang\wisi-wise-web-odoo\addons\hr_homeworking\models\res_partner.py", line 13, in _compute_im_status
    location_type = user[dayfield].location_type
                    ~~~~^^^^^^^^^^
  File "C:\Users\wadhi\OneDrive\Documents\KULIAH\MAGANG\wisi-wise-web-odoo\odoo\orm\models.py", line 6686, in __getitem__
    return self._fields[key].__get__(self)
           ^^^^^^^^^^^^^^^^^^^^^^^^^^^^^^^
  File "C:\Users\wadhi\OneDrive\Documents\KULIAH\MAGANG\wisi-wise-web-odoo\odoo\orm\fields_relational.py", line 45, in __get__
    return super().__get__(records, owner)
           ^^^^^^^^^^^^^^^^^^^^^^^^^^^^^^^
  File "C:\Users\wadhi\OneDrive\Documents\KULIAH\MAGANG\wisi-wise-web-odoo\odoo\orm\fields.py", line 1746, in __get__
    self.compute_value(recs)
  File "C:\Users\wadhi\OneDrive\Documents\KULIAH\MAGANG\wisi-wise-web-odoo\odoo\orm\fields.py", line 1917, in compute_value
    records._compute_field_value(self)
  File "C:\Users\wadhi\OneDrive\Documents\KULIAH\MAGANG\wisi-wise-web-odoo\odoo\orm\models.py", line 4952, in _compute_field_value
    determine(field.compute, self)
  File "C:\Users\wadhi\OneDrive\Documents\KULIAH\MAGANG\wisi-wise-web-odoo\odoo\orm\fields.py", line 84, in determine
    return needle(records, *args)
           ^^^^^^^^^^^^^^^^^^^^^^
  File "C:\Users\wadhi\OneDrive\Documents\KULIAH\MAGANG\wisi-wise-web-odoo\odoo\orm\fields.py", line 708, in _compute_related
    values = [next(iter(val := value[name]), val) for value in values]
                               ~~~~~^^^^^^
  File "C:\Users\wadhi\OneDrive\Documents\KULIAH\MAGANG\wisi-wise-web-odoo\odoo\orm\models.py", line 6686, in __getitem__
    return self._fields[key].__get__(self)
           ^^^^^^^^^^^^^^^^^^^^^^^^^^^^^^^
  File "C:\Users\wadhi\OneDrive\Documents\KULIAH\MAGANG\wisi-wise-web-odoo\odoo\orm\fields_relational.py", line 45, in __get__
    return super().__get__(records, owner)
           ^^^^^^^^^^^^^^^^^^^^^^^^^^^^^^^
  File "C:\Users\wadhi\OneDrive\Documents\KULIAH\MAGANG\wisi-wise-web-odoo\odoo\orm\fields.py", line 1746, in __get__
    self.compute_value(recs)
  File "C:\Users\wadhi\OneDrive\Documents\KULIAH\MAGANG\wisi-wise-web-odoo\odoo\orm\fields.py", line 1917, in compute_value
    records._compute_field_value(self)
  File "C:\Users\wadhi\OneDrive\Documents\KULIAH\MAGANG\wisi-wise-web-odoo\odoo\orm\models.py", line 4952, in _compute_field_value
    determine(field.compute, self)
  File "C:\Users\wadhi\OneDrive\Documents\KULIAH\MAGANG\wisi-wise-web-odoo\odoo\orm\fields.py", line 81, in determine
    return needle(*args)
           ^^^^^^^^^^^^^
  File "c:\users\wadhi\onedrive\documents\kuliah\magang\wisi-wise-web-odoo\addons\hr\models\res_users.py", line 268, in _compute_company_employee
    employee.user_id: employee
    ^^^^^^^^^^^^^^^^
  File "C:\Users\wadhi\OneDrive\Documents\KULIAH\MAGANG\wisi-wise-web-odoo\odoo\orm\fields_relational.py", line 45, in __get__
    return super().__get__(records, owner)
           ^^^^^^^^^^^^^^^^^^^^^^^^^^^^^^^
  File "C:\Users\wadhi\OneDrive\Documents\KULIAH\MAGANG\wisi-wise-web-odoo\odoo\orm\fields.py", line 1702, in __get__
    recs._fetch_field(self)
  File "C:\Users\wadhi\OneDrive\Documents\KULIAH\MAGANG\wisi-wise-web-odoo\odoo\orm\models.py", line 3772, in _fetch_field
    self.fetch(fnames)
  File "c:\users\wadhi\onedrive\documents\kuliah\magang\wisi-wise-web-odoo\addons\hr\models\hr_employee.py", line 1109, in fetch
    return super().fetch(field_names)
           ^^^^^^^^^^^^^^^^^^^^^^^^^^
  File "C:\Users\wadhi\OneDrive\Documents\KULIAH\MAGANG\wisi-wise-web-odoo\odoo\orm\models.py", line 3812, in fetch
    fetched = self._fetch_query(query, fields_to_fetch)
              ^^^^^^^^^^^^^^^^^^^^^^^^^^^^^^^^^^^^^^^^^
  File "C:\Users\wadhi\OneDrive\Documents\KULIAH\MAGANG\wisi-wise-web-odoo\odoo\orm\models.py", line 3917, in _fetch_query
    rows = self.env.execute_query(query.select(*sql_terms))
           ^^^^^^^^^^^^^^^^^^^^^^^^^^^^^^^^^^^^^^^^^^^^^^^^
  File "C:\Users\wadhi\OneDrive\Documents\KULIAH\MAGANG\wisi-wise-web-odoo\odoo\orm\environments.py", line 534, in execute_query
    self.cr.execute(query)
  File "C:\Users\wadhi\OneDrive\Documents\KULIAH\MAGANG\wisi-wise-web-odoo\odoo\sql_db.py", line 433, in execute
    self._obj.execute(query, params)
psycopg2.errors.UndefinedColumn: column hr_employee.nip does not exist
LINE 1: ...ocation_id", "hr_employee"."today_location_name", "hr_employ...
                                                             ^

2026-02-26 08:25:53,666 26360 INFO wsi_2026 werkzeug: 127.0.0.1 - - [26/Feb/2026 08:25:53] "GET /odoo/employees/1 HTTP/1.1" 500 - 74 0.137 2.204
2026-02-26 08:25:55,697 26360 INFO wsi_2026 werkzeug: 127.0.0.1 - - [26/Feb/2026 08:25:55] "GET /web/service-worker.js HTTP/1.1" 200 - 1 0.002 0.007
2026-02-26 08:26:58,570 26360 INFO ? odoo.service.server: Initiating shutdown 
2026-02-26 08:26:58,570 26360 INFO ? odoo.service.server: Hit CTRL-C again or send a second signal to force the shutdown. 
2026-02-26 08:26:59,605 26360 INFO ? odoo.service.server: cron0 max age (0s) reached, releasing connection. 
2026-02-26 08:26:59,605 26360 INFO ? odoo.sql_db: ConnectionPool(read/write;used=0/count=0/max=64): Closed 3 connections  
2026-02-26 08:26:59,623 26360 INFO ? odoo.service.server: cron1 max age (0s) reached, releasing connection. 
2026-02-26 08:27:19,022 38204 WARNING ? odoo.tools.config: missing --http-interface/http_interface, using 0.0.0.0 by default, will change to 127.0.0.1 in 20.0 
2026-02-26 08:27:19,023 38204 INFO ? odoo: Odoo version 19.0 
2026-02-26 08:27:19,023 38204 INFO ? odoo: Using configuration file at c:\users\wadhi\onedrive\documents\kuliah\magang\wisi-wise-web-odoo\odoo.conf 
2026-02-26 08:27:19,024 38204 INFO ? odoo: addons paths: _NamespacePath(['C:\\Users\\wadhi\\OneDrive\\Documents\\KULIAH\\MAGANG\\wisi-wise-web-odoo\\odoo\\addons', 'C:\\Users\\wadhi\\AppData\\Local\\OpenERP S.A.\\Odoo\\addons\\19.0', 'c:\\users\\wadhi\\onedrive\\documents\\kuliah\\magang\\wisi-wise-web-odoo\\odoo\\addons', 'c:\\users\\wadhi\\onedrive\\documents\\kuliah\\magang\\wisi-wise-web-odoo\\addons', 'c:\\users\\wadhi\\onedrive\\documents\\kuliah\\magang\\wisi-wise-web-odoo\\custom_addons']) 
2026-02-26 08:27:19,024 38204 INFO ? odoo: database: odoo@localhost:5434 
2026-02-26 08:27:19,785 38204 WARNING ? odoo.service.server: 'watchdog' module not installed. Code autoreload feature is disabled 
2026-02-26 08:27:19,800 38204 INFO ? odoo.service.server: HTTP service (werkzeug) running on LAPTOP-B7F6P6QO:8069 
2026-02-26 08:27:22,328 38204 INFO ? odoo.modules.loading: loading 1 modules... 
2026-02-26 08:27:22,339 38204 INFO ? odoo.modules.loading: 1 modules loaded in 0.01s, 0 queries (+0 extra) 
2026-02-26 08:27:22,417 38204 WARNING ? odoo.modules.module: Missing `license` key in manifest for 'wsi_hr_employee', defaulting to LGPL-3 
2026-02-26 08:27:22,433 38204 INFO ? odoo.modules.loading: loading 51 modules... 
2026-02-26 08:27:23,962 38204 INFO ? odoo.modules.loading: 51 modules loaded in 1.53s, 0 queries (+0 extra) 
2026-02-26 08:27:24,200 38204 INFO ? odoo.modules.loading: Modules loaded. 
2026-02-26 08:27:24,265 38204 INFO ? odoo.registry: Registry loaded in 2.045s 
2026-02-26 08:27:24,272 38204 INFO wsi_2026 odoo.addons.base.models.ir_http: Generating routing map for key None 
2026-02-26 08:27:24,493 38204 ERROR wsi_2026 odoo.sql_db: bad query: b'SELECT "hr_employee"."id", "hr_employee"."resource_id", "hr_employee"."company_id", "hr_employee"."message_main_attachment_id", "hr_employee"."current_version_id", "hr_employee"."name", "hr_employee"."user_id", "hr_employee"."active", "hr_employee"."work_phone", "hr_employee"."mobile_phone", "hr_employee"."work_email", "hr_employee"."work_contact_id", "hr_employee"."legal_name", "hr_employee"."private_phone", "hr_employee"."private_email", "hr_employee"."lang", "hr_employee"."place_of_birth", "hr_employee"."country_of_birth", "hr_employee"."birthday", "hr_employee"."birthday_public_display", "hr_employee"."salary_distribution", "hr_employee"."permit_no", "hr_employee"."visa_no", "hr_employee"."visa_expire", "hr_employee"."work_permit_expiration_date", "hr_employee"."work_permit_scheduled_activity", "hr_employee"."certificate", "hr_employee"."study_field", "hr_employee"."study_school", "hr_employee"."emergency_contact", "hr_employee"."emergency_phone", "hr_employee"."parent_id", "hr_employee"."coach_id", "hr_employee"."color", "hr_employee"."barcode", "hr_employee"."pin", "hr_employee"."private_car_plate", "hr_employee"."create_uid", "hr_employee"."create_date", "hr_employee"."write_uid", "hr_employee"."write_date", "hr_employee"."attendance_manager_id", "hr_employee"."last_attendance_id", "hr_employee"."last_check_in", "hr_employee"."last_check_out", "hr_employee"."leave_manager_id", "hr_employee"."monday_location_id", "hr_employee"."tuesday_location_id", "hr_employee"."wednesday_location_id", "hr_employee"."thursday_location_id", "hr_employee"."friday_location_id", "hr_employee"."saturday_location_id", "hr_employee"."sunday_location_id", "hr_employee"."today_location_name", "hr_employee"."nip", "hr_employee"."nomor_bpjs", "hr_employee"."akun_sosmed" FROM "hr_employee" WHERE "hr_employee"."id" IN (1)'
ERROR: column hr_employee.nip does not exist
LINE 1: ...ocation_id", "hr_employee"."today_location_name", "hr_employ...
                                                             ^
 
2026-02-26 08:27:24,494 38204 ERROR wsi_2026 odoo.http: Exception during request handling. 
Traceback (most recent call last):
  File "C:\Users\wadhi\OneDrive\Documents\KULIAH\MAGANG\wisi-wise-web-odoo\odoo\http.py", line 2800, in __call__
    response = request._serve_db()
               ^^^^^^^^^^^^^^^^^^^
  File "C:\Users\wadhi\OneDrive\Documents\KULIAH\MAGANG\wisi-wise-web-odoo\odoo\http.py", line 2275, in _serve_db
    raise self._update_served_exception(exc)
  File "C:\Users\wadhi\OneDrive\Documents\KULIAH\MAGANG\wisi-wise-web-odoo\odoo\http.py", line 2273, in _serve_db
    return service_model.retrying(serve_func, env=self.env)
           ^^^^^^^^^^^^^^^^^^^^^^^^^^^^^^^^^^^^^^^^^^^^^^^^
  File "C:\Users\wadhi\OneDrive\Documents\KULIAH\MAGANG\wisi-wise-web-odoo\odoo\service\model.py", line 185, in retrying
    result = func()
             ^^^^^^
  File "C:\Users\wadhi\OneDrive\Documents\KULIAH\MAGANG\wisi-wise-web-odoo\odoo\http.py", line 2328, in _serve_ir_http
    response = self.dispatcher.dispatch(rule.endpoint, args)
               ^^^^^^^^^^^^^^^^^^^^^^^^^^^^^^^^^^^^^^^^^^^^^
  File "C:\Users\wadhi\OneDrive\Documents\KULIAH\MAGANG\wisi-wise-web-odoo\odoo\http.py", line 2450, in dispatch
    return self.request.registry['ir.http']._dispatch(endpoint)
           ^^^^^^^^^^^^^^^^^^^^^^^^^^^^^^^^^^^^^^^^^^^^^^^^^^^^
  File "C:\Users\wadhi\OneDrive\Documents\KULIAH\MAGANG\wisi-wise-web-odoo\odoo\addons\base\models\ir_http.py", line 355, in _dispatch
    result = endpoint(**request.params)
             ^^^^^^^^^^^^^^^^^^^^^^^^^^
  File "C:\Users\wadhi\OneDrive\Documents\KULIAH\MAGANG\wisi-wise-web-odoo\odoo\http.py", line 788, in route_wrapper
    result = endpoint(self, *args, **params_ok)
             ^^^^^^^^^^^^^^^^^^^^^^^^^^^^^^^^^^
  File "c:\users\wadhi\onedrive\documents\kuliah\magang\wisi-wise-web-odoo\addons\portal\controllers\web.py", line 27, in web_client
    return super().web_client(s_action, **kw)
           ^^^^^^^^^^^^^^^^^^^^^^^^^^^^^^^^^^
  File "C:\Users\wadhi\OneDrive\Documents\KULIAH\MAGANG\wisi-wise-web-odoo\odoo\http.py", line 788, in route_wrapper
    result = endpoint(self, *args, **params_ok)
             ^^^^^^^^^^^^^^^^^^^^^^^^^^^^^^^^^^
  File "c:\users\wadhi\onedrive\documents\kuliah\magang\wisi-wise-web-odoo\addons\web\controllers\home.py", line 68, in web_client
    context = request.env['ir.http'].webclient_rendering_context()
              ^^^^^^^^^^^^^^^^^^^^^^^^^^^^^^^^^^^^^^^^^^^^^^^^^^^^
  File "c:\users\wadhi\onedrive\documents\kuliah\magang\wisi-wise-web-odoo\addons\web\models\ir_http.py", line 69, in webclient_rendering_context
    'session_info': self.session_info(),
                    ^^^^^^^^^^^^^^^^^^^
  File "c:\users\wadhi\onedrive\documents\kuliah\magang\wisi-wise-web-odoo\addons\partner_autocomplete\models\ir_http.py", line 12, in session_info
    session_info = super().session_info()
                   ^^^^^^^^^^^^^^^^^^^^^^
  File "c:\users\wadhi\onedrive\documents\kuliah\magang\wisi-wise-web-odoo\addons\mail\models\ir_http.py", line 22, in session_info
    ResUsers._init_store_data(store)
  File "c:\users\wadhi\onedrive\documents\kuliah\magang\wisi-wise-web-odoo\addons\mail\models\discuss\res_users.py", line 57, in _init_store_data
    super()._init_store_data(store)
  File "c:\users\wadhi\onedrive\documents\kuliah\magang\wisi-wise-web-odoo\addons\mail\models\res_users.py", line 398, in _init_store_data
    store.add_global_values(
  File "c:\users\wadhi\onedrive\documents\kuliah\magang\wisi-wise-web-odoo\addons\mail\tools\discuss.py", line 132, in add_global_values
    self.add_singleton_values("Store", values)
  File "c:\users\wadhi\onedrive\documents\kuliah\magang\wisi-wise-web-odoo\addons\mail\tools\discuss.py", line 181, in add_singleton_values
    self._add_values(values, model_name)
  File "c:\users\wadhi\onedrive\documents\kuliah\magang\wisi-wise-web-odoo\addons\mail\tools\discuss.py", line 232, in _add_values
    val._add_to_store(self, target, key)
  File "c:\users\wadhi\onedrive\documents\kuliah\magang\wisi-wise-web-odoo\addons\mail\tools\discuss.py", line 479, in _add_to_store
    super()._add_to_store(store, target, key)
  File "c:\users\wadhi\onedrive\documents\kuliah\magang\wisi-wise-web-odoo\addons\mail\tools\discuss.py", line 447, in _add_to_store
    store.add(self.records, self.fields, as_thread=self.as_thread, **self.kwargs)
  File "c:\users\wadhi\onedrive\documents\kuliah\magang\wisi-wise-web-odoo\addons\mail\tools\discuss.py", line 124, in add
    self.add_records_fields(records, fields)
  File "c:\users\wadhi\onedrive\documents\kuliah\magang\wisi-wise-web-odoo\addons\mail\tools\discuss.py", line 162, in add_records_fields
    for record, record_data_list in zip(records, self._get_records_data_list(records, fields)):
                                                 ^^^^^^^^^^^^^^^^^^^^^^^^^^^^^^^^^^^^^^^^^^^^
  File "c:\users\wadhi\onedrive\documents\kuliah\magang\wisi-wise-web-odoo\addons\mail\tools\discuss.py", line 268, in _get_records_data_list
    for data_dict in records._read_format(
                     ^^^^^^^^^^^^^^^^^^^^^
  File "C:\Users\wadhi\OneDrive\Documents\KULIAH\MAGANG\wisi-wise-web-odoo\odoo\orm\models.py", line 3747, in _read_format
    vals[name] = convert(record[name], record, use_display_name)
                         ~~~~~~^^^^^^
  File "C:\Users\wadhi\OneDrive\Documents\KULIAH\MAGANG\wisi-wise-web-odoo\odoo\orm\models.py", line 6686, in __getitem__
    return self._fields[key].__get__(self)
           ^^^^^^^^^^^^^^^^^^^^^^^^^^^^^^^
  File "C:\Users\wadhi\OneDrive\Documents\KULIAH\MAGANG\wisi-wise-web-odoo\odoo\orm\fields.py", line 1746, in __get__
    self.compute_value(recs)
  File "C:\Users\wadhi\OneDrive\Documents\KULIAH\MAGANG\wisi-wise-web-odoo\odoo\orm\fields.py", line 1917, in compute_value
    records._compute_field_value(self)
  File "c:\users\wadhi\onedrive\documents\kuliah\magang\wisi-wise-web-odoo\addons\mail\models\mail_thread.py", line 483, in _compute_field_value
    return super()._compute_field_value(field)
           ^^^^^^^^^^^^^^^^^^^^^^^^^^^^^^^^^^^
  File "C:\Users\wadhi\OneDrive\Documents\KULIAH\MAGANG\wisi-wise-web-odoo\odoo\orm\models.py", line 4952, in _compute_field_value
    determine(field.compute, self)
  File "C:\Users\wadhi\OneDrive\Documents\KULIAH\MAGANG\wisi-wise-web-odoo\odoo\orm\fields.py", line 81, in determine
    return needle(*args)
           ^^^^^^^^^^^^^
  File "c:\users\wadhi\onedrive\documents\kuliah\magang\wisi-wise-web-odoo\addons\hr_homeworking\models\res_partner.py", line 13, in _compute_im_status
    location_type = user[dayfield].location_type
                    ~~~~^^^^^^^^^^
  File "C:\Users\wadhi\OneDrive\Documents\KULIAH\MAGANG\wisi-wise-web-odoo\odoo\orm\models.py", line 6686, in __getitem__
    return self._fields[key].__get__(self)
           ^^^^^^^^^^^^^^^^^^^^^^^^^^^^^^^
  File "C:\Users\wadhi\OneDrive\Documents\KULIAH\MAGANG\wisi-wise-web-odoo\odoo\orm\fields_relational.py", line 45, in __get__
    return super().__get__(records, owner)
           ^^^^^^^^^^^^^^^^^^^^^^^^^^^^^^^
  File "C:\Users\wadhi\OneDrive\Documents\KULIAH\MAGANG\wisi-wise-web-odoo\odoo\orm\fields.py", line 1746, in __get__
    self.compute_value(recs)
  File "C:\Users\wadhi\OneDrive\Documents\KULIAH\MAGANG\wisi-wise-web-odoo\odoo\orm\fields.py", line 1917, in compute_value
    records._compute_field_value(self)
  File "C:\Users\wadhi\OneDrive\Documents\KULIAH\MAGANG\wisi-wise-web-odoo\odoo\orm\models.py", line 4952, in _compute_field_value
    determine(field.compute, self)
  File "C:\Users\wadhi\OneDrive\Documents\KULIAH\MAGANG\wisi-wise-web-odoo\odoo\orm\fields.py", line 84, in determine
    return needle(records, *args)
           ^^^^^^^^^^^^^^^^^^^^^^
  File "C:\Users\wadhi\OneDrive\Documents\KULIAH\MAGANG\wisi-wise-web-odoo\odoo\orm\fields.py", line 708, in _compute_related
    values = [next(iter(val := value[name]), val) for value in values]
                               ~~~~~^^^^^^
  File "C:\Users\wadhi\OneDrive\Documents\KULIAH\MAGANG\wisi-wise-web-odoo\odoo\orm\models.py", line 6686, in __getitem__
    return self._fields[key].__get__(self)
           ^^^^^^^^^^^^^^^^^^^^^^^^^^^^^^^
  File "C:\Users\wadhi\OneDrive\Documents\KULIAH\MAGANG\wisi-wise-web-odoo\odoo\orm\fields_relational.py", line 45, in __get__
    return super().__get__(records, owner)
           ^^^^^^^^^^^^^^^^^^^^^^^^^^^^^^^
  File "C:\Users\wadhi\OneDrive\Documents\KULIAH\MAGANG\wisi-wise-web-odoo\odoo\orm\fields.py", line 1746, in __get__
    self.compute_value(recs)
  File "C:\Users\wadhi\OneDrive\Documents\KULIAH\MAGANG\wisi-wise-web-odoo\odoo\orm\fields.py", line 1917, in compute_value
    records._compute_field_value(self)
  File "C:\Users\wadhi\OneDrive\Documents\KULIAH\MAGANG\wisi-wise-web-odoo\odoo\orm\models.py", line 4952, in _compute_field_value
    determine(field.compute, self)
  File "C:\Users\wadhi\OneDrive\Documents\KULIAH\MAGANG\wisi-wise-web-odoo\odoo\orm\fields.py", line 81, in determine
    return needle(*args)
           ^^^^^^^^^^^^^
  File "c:\users\wadhi\onedrive\documents\kuliah\magang\wisi-wise-web-odoo\addons\hr\models\res_users.py", line 268, in _compute_company_employee
    employee.user_id: employee
    ^^^^^^^^^^^^^^^^
  File "C:\Users\wadhi\OneDrive\Documents\KULIAH\MAGANG\wisi-wise-web-odoo\odoo\orm\fields_relational.py", line 45, in __get__
    return super().__get__(records, owner)
           ^^^^^^^^^^^^^^^^^^^^^^^^^^^^^^^
  File "C:\Users\wadhi\OneDrive\Documents\KULIAH\MAGANG\wisi-wise-web-odoo\odoo\orm\fields.py", line 1702, in __get__
    recs._fetch_field(self)
  File "C:\Users\wadhi\OneDrive\Documents\KULIAH\MAGANG\wisi-wise-web-odoo\odoo\orm\models.py", line 3772, in _fetch_field
    self.fetch(fnames)
  File "c:\users\wadhi\onedrive\documents\kuliah\magang\wisi-wise-web-odoo\addons\hr\models\hr_employee.py", line 1109, in fetch
    return super().fetch(field_names)
           ^^^^^^^^^^^^^^^^^^^^^^^^^^
  File "C:\Users\wadhi\OneDrive\Documents\KULIAH\MAGANG\wisi-wise-web-odoo\odoo\orm\models.py", line 3812, in fetch
    fetched = self._fetch_query(query, fields_to_fetch)
              ^^^^^^^^^^^^^^^^^^^^^^^^^^^^^^^^^^^^^^^^^
  File "C:\Users\wadhi\OneDrive\Documents\KULIAH\MAGANG\wisi-wise-web-odoo\odoo\orm\models.py", line 3917, in _fetch_query
    rows = self.env.execute_query(query.select(*sql_terms))
           ^^^^^^^^^^^^^^^^^^^^^^^^^^^^^^^^^^^^^^^^^^^^^^^^
  File "C:\Users\wadhi\OneDrive\Documents\KULIAH\MAGANG\wisi-wise-web-odoo\odoo\orm\environments.py", line 534, in execute_query
    self.cr.execute(query)
  File "C:\Users\wadhi\OneDrive\Documents\KULIAH\MAGANG\wisi-wise-web-odoo\odoo\sql_db.py", line 433, in execute
    self._obj.execute(query, params)
psycopg2.errors.UndefinedColumn: column hr_employee.nip does not exist
LINE 1: ...ocation_id", "hr_employee"."today_location_name", "hr_employ...
                                                             ^

2026-02-26 08:27:24,525 38204 INFO wsi_2026 werkzeug: 127.0.0.1 - - [26/Feb/2026 08:27:24] "GET /odoo/employees/1 HTTP/1.1" 500 - 74 0.183 2.124
2026-02-26 08:27:26,391 38204 INFO wsi_2026 werkzeug: 127.0.0.1 - - [26/Feb/2026 08:27:26] "GET /web/service-worker.js HTTP/1.1" 200 - 1 0.002 0.003
2026-02-26 08:27:28,039 38204 INFO ? odoo.service.server: Initiating shutdown 
2026-02-26 08:27:28,039 38204 INFO ? odoo.service.server: Hit CTRL-C again or send a second signal to force the shutdown. 
2026-02-26 08:27:29,075 38204 INFO ? odoo.service.server: cron0 max age (0s) reached, releasing connection. 
2026-02-26 08:27:29,076 38204 INFO ? odoo.sql_db: ConnectionPool(read/write;used=0/count=0/max=64): Closed 3 connections  
2026-02-26 08:27:29,092 38204 INFO ? odoo.service.server: cron1 max age (0s) reached, releasing connection. 
2026-02-26 08:27:34,333 38204 ERROR wsi_2026 odoo.sql_db: bad query: b'SELECT "hr_employee"."id", "hr_employee"."resource_id", "hr_employee"."company_id", "hr_employee"."message_main_attachment_id", "hr_employee"."current_version_id", "hr_employee"."name", "hr_employee"."user_id", "hr_employee"."active", "hr_employee"."work_phone", "hr_employee"."mobile_phone", "hr_employee"."work_email", "hr_employee"."work_contact_id", "hr_employee"."legal_name", "hr_employee"."private_phone", "hr_employee"."private_email", "hr_employee"."lang", "hr_employee"."place_of_birth", "hr_employee"."country_of_birth", "hr_employee"."birthday", "hr_employee"."birthday_public_display", "hr_employee"."salary_distribution", "hr_employee"."permit_no", "hr_employee"."visa_no", "hr_employee"."visa_expire", "hr_employee"."work_permit_expiration_date", "hr_employee"."work_permit_scheduled_activity", "hr_employee"."certificate", "hr_employee"."study_field", "hr_employee"."study_school", "hr_employee"."emergency_contact", "hr_employee"."emergency_phone", "hr_employee"."parent_id", "hr_employee"."coach_id", "hr_employee"."color", "hr_employee"."barcode", "hr_employee"."pin", "hr_employee"."private_car_plate", "hr_employee"."create_uid", "hr_employee"."create_date", "hr_employee"."write_uid", "hr_employee"."write_date", "hr_employee"."attendance_manager_id", "hr_employee"."last_attendance_id", "hr_employee"."last_check_in", "hr_employee"."last_check_out", "hr_employee"."leave_manager_id", "hr_employee"."monday_location_id", "hr_employee"."tuesday_location_id", "hr_employee"."wednesday_location_id", "hr_employee"."thursday_location_id", "hr_employee"."friday_location_id", "hr_employee"."saturday_location_id", "hr_employee"."sunday_location_id", "hr_employee"."today_location_name", "hr_employee"."nip", "hr_employee"."nomor_bpjs", "hr_employee"."akun_sosmed" FROM "hr_employee" WHERE "hr_employee"."id" IN (1)'
ERROR: column hr_employee.nip does not exist
LINE 1: ...ocation_id", "hr_employee"."today_location_name", "hr_employ...
                                                             ^
 
2026-02-26 08:27:34,334 38204 ERROR wsi_2026 odoo.http: Exception during request handling. 
Traceback (most recent call last):
  File "C:\Users\wadhi\OneDrive\Documents\KULIAH\MAGANG\wisi-wise-web-odoo\odoo\http.py", line 2800, in __call__
    response = request._serve_db()
               ^^^^^^^^^^^^^^^^^^^
  File "C:\Users\wadhi\OneDrive\Documents\KULIAH\MAGANG\wisi-wise-web-odoo\odoo\http.py", line 2275, in _serve_db
    raise self._update_served_exception(exc)
  File "C:\Users\wadhi\OneDrive\Documents\KULIAH\MAGANG\wisi-wise-web-odoo\odoo\http.py", line 2273, in _serve_db
    return service_model.retrying(serve_func, env=self.env)
           ^^^^^^^^^^^^^^^^^^^^^^^^^^^^^^^^^^^^^^^^^^^^^^^^
  File "C:\Users\wadhi\OneDrive\Documents\KULIAH\MAGANG\wisi-wise-web-odoo\odoo\service\model.py", line 185, in retrying
    result = func()
             ^^^^^^
  File "C:\Users\wadhi\OneDrive\Documents\KULIAH\MAGANG\wisi-wise-web-odoo\odoo\http.py", line 2328, in _serve_ir_http
    response = self.dispatcher.dispatch(rule.endpoint, args)
               ^^^^^^^^^^^^^^^^^^^^^^^^^^^^^^^^^^^^^^^^^^^^^
  File "C:\Users\wadhi\OneDrive\Documents\KULIAH\MAGANG\wisi-wise-web-odoo\odoo\http.py", line 2450, in dispatch
    return self.request.registry['ir.http']._dispatch(endpoint)
           ^^^^^^^^^^^^^^^^^^^^^^^^^^^^^^^^^^^^^^^^^^^^^^^^^^^^
  File "C:\Users\wadhi\OneDrive\Documents\KULIAH\MAGANG\wisi-wise-web-odoo\odoo\addons\base\models\ir_http.py", line 355, in _dispatch
    result = endpoint(**request.params)
             ^^^^^^^^^^^^^^^^^^^^^^^^^^
  File "C:\Users\wadhi\OneDrive\Documents\KULIAH\MAGANG\wisi-wise-web-odoo\odoo\http.py", line 788, in route_wrapper
    result = endpoint(self, *args, **params_ok)
             ^^^^^^^^^^^^^^^^^^^^^^^^^^^^^^^^^^
  File "c:\users\wadhi\onedrive\documents\kuliah\magang\wisi-wise-web-odoo\addons\portal\controllers\web.py", line 27, in web_client
    return super().web_client(s_action, **kw)
           ^^^^^^^^^^^^^^^^^^^^^^^^^^^^^^^^^^
  File "C:\Users\wadhi\OneDrive\Documents\KULIAH\MAGANG\wisi-wise-web-odoo\odoo\http.py", line 788, in route_wrapper
    result = endpoint(self, *args, **params_ok)
             ^^^^^^^^^^^^^^^^^^^^^^^^^^^^^^^^^^
  File "c:\users\wadhi\onedrive\documents\kuliah\magang\wisi-wise-web-odoo\addons\web\controllers\home.py", line 68, in web_client
    context = request.env['ir.http'].webclient_rendering_context()
              ^^^^^^^^^^^^^^^^^^^^^^^^^^^^^^^^^^^^^^^^^^^^^^^^^^^^
  File "c:\users\wadhi\onedrive\documents\kuliah\magang\wisi-wise-web-odoo\addons\web\models\ir_http.py", line 69, in webclient_rendering_context
    'session_info': self.session_info(),
                    ^^^^^^^^^^^^^^^^^^^
  File "c:\users\wadhi\onedrive\documents\kuliah\magang\wisi-wise-web-odoo\addons\partner_autocomplete\models\ir_http.py", line 12, in session_info
    session_info = super().session_info()
                   ^^^^^^^^^^^^^^^^^^^^^^
  File "c:\users\wadhi\onedrive\documents\kuliah\magang\wisi-wise-web-odoo\addons\mail\models\ir_http.py", line 22, in session_info
    ResUsers._init_store_data(store)
  File "c:\users\wadhi\onedrive\documents\kuliah\magang\wisi-wise-web-odoo\addons\mail\models\discuss\res_users.py", line 57, in _init_store_data
    super()._init_store_data(store)
  File "c:\users\wadhi\onedrive\documents\kuliah\magang\wisi-wise-web-odoo\addons\mail\models\res_users.py", line 398, in _init_store_data
    store.add_global_values(
  File "c:\users\wadhi\onedrive\documents\kuliah\magang\wisi-wise-web-odoo\addons\mail\tools\discuss.py", line 132, in add_global_values
    self.add_singleton_values("Store", values)
  File "c:\users\wadhi\onedrive\documents\kuliah\magang\wisi-wise-web-odoo\addons\mail\tools\discuss.py", line 181, in add_singleton_values
    self._add_values(values, model_name)
  File "c:\users\wadhi\onedrive\documents\kuliah\magang\wisi-wise-web-odoo\addons\mail\tools\discuss.py", line 232, in _add_values
    val._add_to_store(self, target, key)
  File "c:\users\wadhi\onedrive\documents\kuliah\magang\wisi-wise-web-odoo\addons\mail\tools\discuss.py", line 479, in _add_to_store
    super()._add_to_store(store, target, key)
  File "c:\users\wadhi\onedrive\documents\kuliah\magang\wisi-wise-web-odoo\addons\mail\tools\discuss.py", line 447, in _add_to_store
    store.add(self.records, self.fields, as_thread=self.as_thread, **self.kwargs)
  File "c:\users\wadhi\onedrive\documents\kuliah\magang\wisi-wise-web-odoo\addons\mail\tools\discuss.py", line 124, in add
    self.add_records_fields(records, fields)
  File "c:\users\wadhi\onedrive\documents\kuliah\magang\wisi-wise-web-odoo\addons\mail\tools\discuss.py", line 162, in add_records_fields
    for record, record_data_list in zip(records, self._get_records_data_list(records, fields)):
                                                 ^^^^^^^^^^^^^^^^^^^^^^^^^^^^^^^^^^^^^^^^^^^^
  File "c:\users\wadhi\onedrive\documents\kuliah\magang\wisi-wise-web-odoo\addons\mail\tools\discuss.py", line 268, in _get_records_data_list
    for data_dict in records._read_format(
                     ^^^^^^^^^^^^^^^^^^^^^
  File "C:\Users\wadhi\OneDrive\Documents\KULIAH\MAGANG\wisi-wise-web-odoo\odoo\orm\models.py", line 3747, in _read_format
    vals[name] = convert(record[name], record, use_display_name)
                         ~~~~~~^^^^^^
  File "C:\Users\wadhi\OneDrive\Documents\KULIAH\MAGANG\wisi-wise-web-odoo\odoo\orm\models.py", line 6686, in __getitem__
    return self._fields[key].__get__(self)
           ^^^^^^^^^^^^^^^^^^^^^^^^^^^^^^^
  File "C:\Users\wadhi\OneDrive\Documents\KULIAH\MAGANG\wisi-wise-web-odoo\odoo\orm\fields.py", line 1746, in __get__
    self.compute_value(recs)
  File "C:\Users\wadhi\OneDrive\Documents\KULIAH\MAGANG\wisi-wise-web-odoo\odoo\orm\fields.py", line 1917, in compute_value
    records._compute_field_value(self)
  File "c:\users\wadhi\onedrive\documents\kuliah\magang\wisi-wise-web-odoo\addons\mail\models\mail_thread.py", line 483, in _compute_field_value
    return super()._compute_field_value(field)
           ^^^^^^^^^^^^^^^^^^^^^^^^^^^^^^^^^^^
  File "C:\Users\wadhi\OneDrive\Documents\KULIAH\MAGANG\wisi-wise-web-odoo\odoo\orm\models.py", line 4952, in _compute_field_value
    determine(field.compute, self)
  File "C:\Users\wadhi\OneDrive\Documents\KULIAH\MAGANG\wisi-wise-web-odoo\odoo\orm\fields.py", line 81, in determine
    return needle(*args)
           ^^^^^^^^^^^^^
  File "c:\users\wadhi\onedrive\documents\kuliah\magang\wisi-wise-web-odoo\addons\hr_homeworking\models\res_partner.py", line 13, in _compute_im_status
    location_type = user[dayfield].location_type
                    ~~~~^^^^^^^^^^
  File "C:\Users\wadhi\OneDrive\Documents\KULIAH\MAGANG\wisi-wise-web-odoo\odoo\orm\models.py", line 6686, in __getitem__
    return self._fields[key].__get__(self)
           ^^^^^^^^^^^^^^^^^^^^^^^^^^^^^^^
  File "C:\Users\wadhi\OneDrive\Documents\KULIAH\MAGANG\wisi-wise-web-odoo\odoo\orm\fields_relational.py", line 45, in __get__
    return super().__get__(records, owner)
           ^^^^^^^^^^^^^^^^^^^^^^^^^^^^^^^
  File "C:\Users\wadhi\OneDrive\Documents\KULIAH\MAGANG\wisi-wise-web-odoo\odoo\orm\fields.py", line 1746, in __get__
    self.compute_value(recs)
  File "C:\Users\wadhi\OneDrive\Documents\KULIAH\MAGANG\wisi-wise-web-odoo\odoo\orm\fields.py", line 1917, in compute_value
    records._compute_field_value(self)
  File "C:\Users\wadhi\OneDrive\Documents\KULIAH\MAGANG\wisi-wise-web-odoo\odoo\orm\models.py", line 4952, in _compute_field_value
    determine(field.compute, self)
  File "C:\Users\wadhi\OneDrive\Documents\KULIAH\MAGANG\wisi-wise-web-odoo\odoo\orm\fields.py", line 84, in determine
    return needle(records, *args)
           ^^^^^^^^^^^^^^^^^^^^^^
  File "C:\Users\wadhi\OneDrive\Documents\KULIAH\MAGANG\wisi-wise-web-odoo\odoo\orm\fields.py", line 708, in _compute_related
    values = [next(iter(val := value[name]), val) for value in values]
                               ~~~~~^^^^^^
  File "C:\Users\wadhi\OneDrive\Documents\KULIAH\MAGANG\wisi-wise-web-odoo\odoo\orm\models.py", line 6686, in __getitem__
    return self._fields[key].__get__(self)
           ^^^^^^^^^^^^^^^^^^^^^^^^^^^^^^^
  File "C:\Users\wadhi\OneDrive\Documents\KULIAH\MAGANG\wisi-wise-web-odoo\odoo\orm\fields_relational.py", line 45, in __get__
    return super().__get__(records, owner)
           ^^^^^^^^^^^^^^^^^^^^^^^^^^^^^^^
  File "C:\Users\wadhi\OneDrive\Documents\KULIAH\MAGANG\wisi-wise-web-odoo\odoo\orm\fields.py", line 1746, in __get__
    self.compute_value(recs)
  File "C:\Users\wadhi\OneDrive\Documents\KULIAH\MAGANG\wisi-wise-web-odoo\odoo\orm\fields.py", line 1917, in compute_value
    records._compute_field_value(self)
  File "C:\Users\wadhi\OneDrive\Documents\KULIAH\MAGANG\wisi-wise-web-odoo\odoo\orm\models.py", line 4952, in _compute_field_value
    determine(field.compute, self)
  File "C:\Users\wadhi\OneDrive\Documents\KULIAH\MAGANG\wisi-wise-web-odoo\odoo\orm\fields.py", line 81, in determine
    return needle(*args)
           ^^^^^^^^^^^^^
  File "c:\users\wadhi\onedrive\documents\kuliah\magang\wisi-wise-web-odoo\addons\hr\models\res_users.py", line 268, in _compute_company_employee
    employee.user_id: employee
    ^^^^^^^^^^^^^^^^
  File "C:\Users\wadhi\OneDrive\Documents\KULIAH\MAGANG\wisi-wise-web-odoo\odoo\orm\fields_relational.py", line 45, in __get__
    return super().__get__(records, owner)
           ^^^^^^^^^^^^^^^^^^^^^^^^^^^^^^^
  File "C:\Users\wadhi\OneDrive\Documents\KULIAH\MAGANG\wisi-wise-web-odoo\odoo\orm\fields.py", line 1702, in __get__
    recs._fetch_field(self)
  File "C:\Users\wadhi\OneDrive\Documents\KULIAH\MAGANG\wisi-wise-web-odoo\odoo\orm\models.py", line 3772, in _fetch_field
    self.fetch(fnames)
  File "c:\users\wadhi\onedrive\documents\kuliah\magang\wisi-wise-web-odoo\addons\hr\models\hr_employee.py", line 1109, in fetch
    return super().fetch(field_names)
           ^^^^^^^^^^^^^^^^^^^^^^^^^^
  File "C:\Users\wadhi\OneDrive\Documents\KULIAH\MAGANG\wisi-wise-web-odoo\odoo\orm\models.py", line 3812, in fetch
    fetched = self._fetch_query(query, fields_to_fetch)
              ^^^^^^^^^^^^^^^^^^^^^^^^^^^^^^^^^^^^^^^^^
  File "C:\Users\wadhi\OneDrive\Documents\KULIAH\MAGANG\wisi-wise-web-odoo\odoo\orm\models.py", line 3917, in _fetch_query
    rows = self.env.execute_query(query.select(*sql_terms))
           ^^^^^^^^^^^^^^^^^^^^^^^^^^^^^^^^^^^^^^^^^^^^^^^^
  File "C:\Users\wadhi\OneDrive\Documents\KULIAH\MAGANG\wisi-wise-web-odoo\odoo\orm\environments.py", line 534, in execute_query
    self.cr.execute(query)
  File "C:\Users\wadhi\OneDrive\Documents\KULIAH\MAGANG\wisi-wise-web-odoo\odoo\sql_db.py", line 433, in execute
    self._obj.execute(query, params)
psycopg2.errors.UndefinedColumn: column hr_employee.nip does not exist
LINE 1: ...ocation_id", "hr_employee"."today_location_name", "hr_employ...
                                                             ^

2026-02-26 08:27:34,340 38204 INFO wsi_2026 werkzeug: 127.0.0.1 - - [26/Feb/2026 08:27:34] "GET /odoo/employees/1 HTTP/1.1" 500 - 22 0.029 0.050
2026-02-26 08:27:54,928 28472 WARNING ? odoo.tools.config: missing --http-interface/http_interface, using 0.0.0.0 by default, will change to 127.0.0.1 in 20.0 
2026-02-26 08:27:54,930 28472 INFO ? odoo: Odoo version 19.0 
2026-02-26 08:27:54,930 28472 INFO ? odoo: Using configuration file at c:\users\wadhi\onedrive\documents\kuliah\magang\wisi-wise-web-odoo\odoo.conf 
2026-02-26 08:27:54,930 28472 INFO ? odoo: addons paths: _NamespacePath(['C:\\Users\\wadhi\\OneDrive\\Documents\\KULIAH\\MAGANG\\wisi-wise-web-odoo\\odoo\\addons', 'C:\\Users\\wadhi\\AppData\\Local\\OpenERP S.A.\\Odoo\\addons\\19.0', 'c:\\users\\wadhi\\onedrive\\documents\\kuliah\\magang\\wisi-wise-web-odoo\\odoo\\addons', 'c:\\users\\wadhi\\onedrive\\documents\\kuliah\\magang\\wisi-wise-web-odoo\\addons', 'c:\\users\\wadhi\\onedrive\\documents\\kuliah\\magang\\wisi-wise-web-odoo\\custom_addons']) 
2026-02-26 08:27:54,930 28472 INFO ? odoo: database: odoo@localhost:5434 
2026-02-26 08:27:55,676 28472 INFO ? odoo.service.server: HTTP service (werkzeug) running on LAPTOP-B7F6P6QO:8069 
2026-02-26 08:28:03,126 28472 INFO ? odoo.modules.loading: loading 1 modules... 
2026-02-26 08:28:03,134 28472 INFO ? odoo.modules.loading: 1 modules loaded in 0.01s, 0 queries (+0 extra) 
2026-02-26 08:28:03,172 28472 WARNING ? odoo.modules.module: Missing `license` key in manifest for 'wsi_hr_employee', defaulting to LGPL-3 
2026-02-26 08:28:03,182 28472 INFO ? odoo.modules.loading: loading 51 modules... 
2026-02-26 08:28:04,440 28472 INFO ? odoo.modules.loading: 51 modules loaded in 1.26s, 0 queries (+0 extra) 
2026-02-26 08:28:04,609 28472 INFO ? odoo.modules.loading: Modules loaded. 
2026-02-26 08:28:04,652 28472 INFO ? odoo.registry: Registry loaded in 1.572s 
2026-02-26 08:28:04,654 28472 INFO wsi_2026 odoo.addons.base.models.ir_http: Generating routing map for key None 
2026-02-26 08:28:04,791 28472 ERROR wsi_2026 odoo.sql_db: bad query: b'SELECT "hr_employee"."id", "hr_employee"."resource_id", "hr_employee"."company_id", "hr_employee"."message_main_attachment_id", "hr_employee"."current_version_id", "hr_employee"."name", "hr_employee"."user_id", "hr_employee"."active", "hr_employee"."work_phone", "hr_employee"."mobile_phone", "hr_employee"."work_email", "hr_employee"."work_contact_id", "hr_employee"."legal_name", "hr_employee"."private_phone", "hr_employee"."private_email", "hr_employee"."lang", "hr_employee"."place_of_birth", "hr_employee"."country_of_birth", "hr_employee"."birthday", "hr_employee"."birthday_public_display", "hr_employee"."salary_distribution", "hr_employee"."permit_no", "hr_employee"."visa_no", "hr_employee"."visa_expire", "hr_employee"."work_permit_expiration_date", "hr_employee"."work_permit_scheduled_activity", "hr_employee"."certificate", "hr_employee"."study_field", "hr_employee"."study_school", "hr_employee"."emergency_contact", "hr_employee"."emergency_phone", "hr_employee"."parent_id", "hr_employee"."coach_id", "hr_employee"."color", "hr_employee"."barcode", "hr_employee"."pin", "hr_employee"."private_car_plate", "hr_employee"."create_uid", "hr_employee"."create_date", "hr_employee"."write_uid", "hr_employee"."write_date", "hr_employee"."attendance_manager_id", "hr_employee"."last_attendance_id", "hr_employee"."last_check_in", "hr_employee"."last_check_out", "hr_employee"."leave_manager_id", "hr_employee"."monday_location_id", "hr_employee"."tuesday_location_id", "hr_employee"."wednesday_location_id", "hr_employee"."thursday_location_id", "hr_employee"."friday_location_id", "hr_employee"."saturday_location_id", "hr_employee"."sunday_location_id", "hr_employee"."today_location_name", "hr_employee"."nip", "hr_employee"."nomor_bpjs", "hr_employee"."akun_sosmed" FROM "hr_employee" WHERE "hr_employee"."id" IN (1)'
ERROR: column hr_employee.nip does not exist
LINE 1: ...ocation_id", "hr_employee"."today_location_name", "hr_employ...
                                                             ^
 
2026-02-26 08:28:04,792 28472 ERROR wsi_2026 odoo.http: Exception during request handling. 
Traceback (most recent call last):
  File "C:\Users\wadhi\OneDrive\Documents\KULIAH\MAGANG\wisi-wise-web-odoo\odoo\http.py", line 2800, in __call__
    response = request._serve_db()
               ^^^^^^^^^^^^^^^^^^^
  File "C:\Users\wadhi\OneDrive\Documents\KULIAH\MAGANG\wisi-wise-web-odoo\odoo\http.py", line 2275, in _serve_db
    raise self._update_served_exception(exc)
  File "C:\Users\wadhi\OneDrive\Documents\KULIAH\MAGANG\wisi-wise-web-odoo\odoo\http.py", line 2273, in _serve_db
    return service_model.retrying(serve_func, env=self.env)
           ^^^^^^^^^^^^^^^^^^^^^^^^^^^^^^^^^^^^^^^^^^^^^^^^
  File "C:\Users\wadhi\OneDrive\Documents\KULIAH\MAGANG\wisi-wise-web-odoo\odoo\service\model.py", line 185, in retrying
    result = func()
             ^^^^^^
  File "C:\Users\wadhi\OneDrive\Documents\KULIAH\MAGANG\wisi-wise-web-odoo\odoo\http.py", line 2328, in _serve_ir_http
    response = self.dispatcher.dispatch(rule.endpoint, args)
               ^^^^^^^^^^^^^^^^^^^^^^^^^^^^^^^^^^^^^^^^^^^^^
  File "C:\Users\wadhi\OneDrive\Documents\KULIAH\MAGANG\wisi-wise-web-odoo\odoo\http.py", line 2450, in dispatch
    return self.request.registry['ir.http']._dispatch(endpoint)
           ^^^^^^^^^^^^^^^^^^^^^^^^^^^^^^^^^^^^^^^^^^^^^^^^^^^^
  File "C:\Users\wadhi\OneDrive\Documents\KULIAH\MAGANG\wisi-wise-web-odoo\odoo\addons\base\models\ir_http.py", line 355, in _dispatch
    result = endpoint(**request.params)
             ^^^^^^^^^^^^^^^^^^^^^^^^^^
  File "C:\Users\wadhi\OneDrive\Documents\KULIAH\MAGANG\wisi-wise-web-odoo\odoo\http.py", line 788, in route_wrapper
    result = endpoint(self, *args, **params_ok)
             ^^^^^^^^^^^^^^^^^^^^^^^^^^^^^^^^^^
  File "c:\users\wadhi\onedrive\documents\kuliah\magang\wisi-wise-web-odoo\addons\portal\controllers\web.py", line 27, in web_client
    return super().web_client(s_action, **kw)
           ^^^^^^^^^^^^^^^^^^^^^^^^^^^^^^^^^^
  File "C:\Users\wadhi\OneDrive\Documents\KULIAH\MAGANG\wisi-wise-web-odoo\odoo\http.py", line 788, in route_wrapper
    result = endpoint(self, *args, **params_ok)
             ^^^^^^^^^^^^^^^^^^^^^^^^^^^^^^^^^^
  File "c:\users\wadhi\onedrive\documents\kuliah\magang\wisi-wise-web-odoo\addons\web\controllers\home.py", line 68, in web_client
    context = request.env['ir.http'].webclient_rendering_context()
              ^^^^^^^^^^^^^^^^^^^^^^^^^^^^^^^^^^^^^^^^^^^^^^^^^^^^
  File "c:\users\wadhi\onedrive\documents\kuliah\magang\wisi-wise-web-odoo\addons\web\models\ir_http.py", line 69, in webclient_rendering_context
    'session_info': self.session_info(),
                    ^^^^^^^^^^^^^^^^^^^
  File "c:\users\wadhi\onedrive\documents\kuliah\magang\wisi-wise-web-odoo\addons\partner_autocomplete\models\ir_http.py", line 12, in session_info
    session_info = super().session_info()
                   ^^^^^^^^^^^^^^^^^^^^^^
  File "c:\users\wadhi\onedrive\documents\kuliah\magang\wisi-wise-web-odoo\addons\mail\models\ir_http.py", line 22, in session_info
    ResUsers._init_store_data(store)
  File "c:\users\wadhi\onedrive\documents\kuliah\magang\wisi-wise-web-odoo\addons\mail\models\discuss\res_users.py", line 57, in _init_store_data
    super()._init_store_data(store)
  File "c:\users\wadhi\onedrive\documents\kuliah\magang\wisi-wise-web-odoo\addons\mail\models\res_users.py", line 398, in _init_store_data
    store.add_global_values(
  File "c:\users\wadhi\onedrive\documents\kuliah\magang\wisi-wise-web-odoo\addons\mail\tools\discuss.py", line 132, in add_global_values
    self.add_singleton_values("Store", values)
  File "c:\users\wadhi\onedrive\documents\kuliah\magang\wisi-wise-web-odoo\addons\mail\tools\discuss.py", line 181, in add_singleton_values
    self._add_values(values, model_name)
  File "c:\users\wadhi\onedrive\documents\kuliah\magang\wisi-wise-web-odoo\addons\mail\tools\discuss.py", line 232, in _add_values
    val._add_to_store(self, target, key)
  File "c:\users\wadhi\onedrive\documents\kuliah\magang\wisi-wise-web-odoo\addons\mail\tools\discuss.py", line 479, in _add_to_store
    super()._add_to_store(store, target, key)
  File "c:\users\wadhi\onedrive\documents\kuliah\magang\wisi-wise-web-odoo\addons\mail\tools\discuss.py", line 447, in _add_to_store
    store.add(self.records, self.fields, as_thread=self.as_thread, **self.kwargs)
  File "c:\users\wadhi\onedrive\documents\kuliah\magang\wisi-wise-web-odoo\addons\mail\tools\discuss.py", line 124, in add
    self.add_records_fields(records, fields)
  File "c:\users\wadhi\onedrive\documents\kuliah\magang\wisi-wise-web-odoo\addons\mail\tools\discuss.py", line 162, in add_records_fields
    for record, record_data_list in zip(records, self._get_records_data_list(records, fields)):
                                                 ^^^^^^^^^^^^^^^^^^^^^^^^^^^^^^^^^^^^^^^^^^^^
  File "c:\users\wadhi\onedrive\documents\kuliah\magang\wisi-wise-web-odoo\addons\mail\tools\discuss.py", line 268, in _get_records_data_list
    for data_dict in records._read_format(
                     ^^^^^^^^^^^^^^^^^^^^^
  File "C:\Users\wadhi\OneDrive\Documents\KULIAH\MAGANG\wisi-wise-web-odoo\odoo\orm\models.py", line 3747, in _read_format
    vals[name] = convert(record[name], record, use_display_name)
                         ~~~~~~^^^^^^
  File "C:\Users\wadhi\OneDrive\Documents\KULIAH\MAGANG\wisi-wise-web-odoo\odoo\orm\models.py", line 6686, in __getitem__
    return self._fields[key].__get__(self)
           ^^^^^^^^^^^^^^^^^^^^^^^^^^^^^^^
  File "C:\Users\wadhi\OneDrive\Documents\KULIAH\MAGANG\wisi-wise-web-odoo\odoo\orm\fields.py", line 1746, in __get__
    self.compute_value(recs)
  File "C:\Users\wadhi\OneDrive\Documents\KULIAH\MAGANG\wisi-wise-web-odoo\odoo\orm\fields.py", line 1917, in compute_value
    records._compute_field_value(self)
  File "c:\users\wadhi\onedrive\documents\kuliah\magang\wisi-wise-web-odoo\addons\mail\models\mail_thread.py", line 483, in _compute_field_value
    return super()._compute_field_value(field)
           ^^^^^^^^^^^^^^^^^^^^^^^^^^^^^^^^^^^
  File "C:\Users\wadhi\OneDrive\Documents\KULIAH\MAGANG\wisi-wise-web-odoo\odoo\orm\models.py", line 4952, in _compute_field_value
    determine(field.compute, self)
  File "C:\Users\wadhi\OneDrive\Documents\KULIAH\MAGANG\wisi-wise-web-odoo\odoo\orm\fields.py", line 81, in determine
    return needle(*args)
           ^^^^^^^^^^^^^
  File "c:\users\wadhi\onedrive\documents\kuliah\magang\wisi-wise-web-odoo\addons\hr_homeworking\models\res_partner.py", line 13, in _compute_im_status
    location_type = user[dayfield].location_type
                    ~~~~^^^^^^^^^^
  File "C:\Users\wadhi\OneDrive\Documents\KULIAH\MAGANG\wisi-wise-web-odoo\odoo\orm\models.py", line 6686, in __getitem__
    return self._fields[key].__get__(self)
           ^^^^^^^^^^^^^^^^^^^^^^^^^^^^^^^
  File "C:\Users\wadhi\OneDrive\Documents\KULIAH\MAGANG\wisi-wise-web-odoo\odoo\orm\fields_relational.py", line 45, in __get__
    return super().__get__(records, owner)
           ^^^^^^^^^^^^^^^^^^^^^^^^^^^^^^^
  File "C:\Users\wadhi\OneDrive\Documents\KULIAH\MAGANG\wisi-wise-web-odoo\odoo\orm\fields.py", line 1746, in __get__
    self.compute_value(recs)
  File "C:\Users\wadhi\OneDrive\Documents\KULIAH\MAGANG\wisi-wise-web-odoo\odoo\orm\fields.py", line 1917, in compute_value
    records._compute_field_value(self)
  File "C:\Users\wadhi\OneDrive\Documents\KULIAH\MAGANG\wisi-wise-web-odoo\odoo\orm\models.py", line 4952, in _compute_field_value
    determine(field.compute, self)
  File "C:\Users\wadhi\OneDrive\Documents\KULIAH\MAGANG\wisi-wise-web-odoo\odoo\orm\fields.py", line 84, in determine
    return needle(records, *args)
           ^^^^^^^^^^^^^^^^^^^^^^
  File "C:\Users\wadhi\OneDrive\Documents\KULIAH\MAGANG\wisi-wise-web-odoo\odoo\orm\fields.py", line 708, in _compute_related
    values = [next(iter(val := value[name]), val) for value in values]
                               ~~~~~^^^^^^
  File "C:\Users\wadhi\OneDrive\Documents\KULIAH\MAGANG\wisi-wise-web-odoo\odoo\orm\models.py", line 6686, in __getitem__
    return self._fields[key].__get__(self)
           ^^^^^^^^^^^^^^^^^^^^^^^^^^^^^^^
  File "C:\Users\wadhi\OneDrive\Documents\KULIAH\MAGANG\wisi-wise-web-odoo\odoo\orm\fields_relational.py", line 45, in __get__
    return super().__get__(records, owner)
           ^^^^^^^^^^^^^^^^^^^^^^^^^^^^^^^
  File "C:\Users\wadhi\OneDrive\Documents\KULIAH\MAGANG\wisi-wise-web-odoo\odoo\orm\fields.py", line 1746, in __get__
    self.compute_value(recs)
  File "C:\Users\wadhi\OneDrive\Documents\KULIAH\MAGANG\wisi-wise-web-odoo\odoo\orm\fields.py", line 1917, in compute_value
    records._compute_field_value(self)
  File "C:\Users\wadhi\OneDrive\Documents\KULIAH\MAGANG\wisi-wise-web-odoo\odoo\orm\models.py", line 4952, in _compute_field_value
    determine(field.compute, self)
  File "C:\Users\wadhi\OneDrive\Documents\KULIAH\MAGANG\wisi-wise-web-odoo\odoo\orm\fields.py", line 81, in determine
    return needle(*args)
           ^^^^^^^^^^^^^
  File "c:\users\wadhi\onedrive\documents\kuliah\magang\wisi-wise-web-odoo\addons\hr\models\res_users.py", line 268, in _compute_company_employee
    employee.user_id: employee
    ^^^^^^^^^^^^^^^^
  File "C:\Users\wadhi\OneDrive\Documents\KULIAH\MAGANG\wisi-wise-web-odoo\odoo\orm\fields_relational.py", line 45, in __get__
    return super().__get__(records, owner)
           ^^^^^^^^^^^^^^^^^^^^^^^^^^^^^^^
  File "C:\Users\wadhi\OneDrive\Documents\KULIAH\MAGANG\wisi-wise-web-odoo\odoo\orm\fields.py", line 1702, in __get__
    recs._fetch_field(self)
  File "C:\Users\wadhi\OneDrive\Documents\KULIAH\MAGANG\wisi-wise-web-odoo\odoo\orm\models.py", line 3772, in _fetch_field
    self.fetch(fnames)
  File "c:\users\wadhi\onedrive\documents\kuliah\magang\wisi-wise-web-odoo\addons\hr\models\hr_employee.py", line 1109, in fetch
    return super().fetch(field_names)
           ^^^^^^^^^^^^^^^^^^^^^^^^^^
  File "C:\Users\wadhi\OneDrive\Documents\KULIAH\MAGANG\wisi-wise-web-odoo\odoo\orm\models.py", line 3812, in fetch
    fetched = self._fetch_query(query, fields_to_fetch)
              ^^^^^^^^^^^^^^^^^^^^^^^^^^^^^^^^^^^^^^^^^
  File "C:\Users\wadhi\OneDrive\Documents\KULIAH\MAGANG\wisi-wise-web-odoo\odoo\orm\models.py", line 3917, in _fetch_query
    rows = self.env.execute_query(query.select(*sql_terms))
           ^^^^^^^^^^^^^^^^^^^^^^^^^^^^^^^^^^^^^^^^^^^^^^^^
  File "C:\Users\wadhi\OneDrive\Documents\KULIAH\MAGANG\wisi-wise-web-odoo\odoo\orm\environments.py", line 534, in execute_query
    self.cr.execute(query)
  File "C:\Users\wadhi\OneDrive\Documents\KULIAH\MAGANG\wisi-wise-web-odoo\odoo\sql_db.py", line 433, in execute
    self._obj.execute(query, params)
psycopg2.errors.UndefinedColumn: column hr_employee.nip does not exist
LINE 1: ...ocation_id", "hr_employee"."today_location_name", "hr_employ...
                                                             ^

2026-02-26 08:28:04,812 28472 INFO wsi_2026 werkzeug: 127.0.0.1 - - [26/Feb/2026 08:28:04] "GET /odoo/employees/1 HTTP/1.1" 500 - 74 0.102 1.632
2026-02-26 08:28:06,850 28472 INFO wsi_2026 werkzeug: 127.0.0.1 - - [26/Feb/2026 08:28:06] "GET /web/service-worker.js HTTP/1.1" 200 - 1 0.003 0.005
2026-02-26 08:30:10,761 28472 ERROR wsi_2026 odoo.sql_db: bad query: b'SELECT "hr_employee"."id", "hr_employee"."resource_id", "hr_employee"."company_id", "hr_employee"."message_main_attachment_id", "hr_employee"."current_version_id", "hr_employee"."name", "hr_employee"."user_id", "hr_employee"."active", "hr_employee"."work_phone", "hr_employee"."mobile_phone", "hr_employee"."work_email", "hr_employee"."work_contact_id", "hr_employee"."legal_name", "hr_employee"."private_phone", "hr_employee"."private_email", "hr_employee"."lang", "hr_employee"."place_of_birth", "hr_employee"."country_of_birth", "hr_employee"."birthday", "hr_employee"."birthday_public_display", "hr_employee"."salary_distribution", "hr_employee"."permit_no", "hr_employee"."visa_no", "hr_employee"."visa_expire", "hr_employee"."work_permit_expiration_date", "hr_employee"."work_permit_scheduled_activity", "hr_employee"."certificate", "hr_employee"."study_field", "hr_employee"."study_school", "hr_employee"."emergency_contact", "hr_employee"."emergency_phone", "hr_employee"."parent_id", "hr_employee"."coach_id", "hr_employee"."color", "hr_employee"."barcode", "hr_employee"."pin", "hr_employee"."private_car_plate", "hr_employee"."create_uid", "hr_employee"."create_date", "hr_employee"."write_uid", "hr_employee"."write_date", "hr_employee"."attendance_manager_id", "hr_employee"."last_attendance_id", "hr_employee"."last_check_in", "hr_employee"."last_check_out", "hr_employee"."leave_manager_id", "hr_employee"."monday_location_id", "hr_employee"."tuesday_location_id", "hr_employee"."wednesday_location_id", "hr_employee"."thursday_location_id", "hr_employee"."friday_location_id", "hr_employee"."saturday_location_id", "hr_employee"."sunday_location_id", "hr_employee"."today_location_name", "hr_employee"."nip", "hr_employee"."nomor_bpjs", "hr_employee"."akun_sosmed" FROM "hr_employee" WHERE "hr_employee"."id" IN (1)'
ERROR: column hr_employee.nip does not exist
LINE 1: ...ocation_id", "hr_employee"."today_location_name", "hr_employ...
                                                             ^
 
2026-02-26 08:30:10,762 28472 ERROR wsi_2026 odoo.http: Exception during request handling. 
Traceback (most recent call last):
  File "C:\Users\wadhi\OneDrive\Documents\KULIAH\MAGANG\wisi-wise-web-odoo\odoo\http.py", line 2800, in __call__
    response = request._serve_db()
               ^^^^^^^^^^^^^^^^^^^
  File "C:\Users\wadhi\OneDrive\Documents\KULIAH\MAGANG\wisi-wise-web-odoo\odoo\http.py", line 2275, in _serve_db
    raise self._update_served_exception(exc)
  File "C:\Users\wadhi\OneDrive\Documents\KULIAH\MAGANG\wisi-wise-web-odoo\odoo\http.py", line 2273, in _serve_db
    return service_model.retrying(serve_func, env=self.env)
           ^^^^^^^^^^^^^^^^^^^^^^^^^^^^^^^^^^^^^^^^^^^^^^^^
  File "C:\Users\wadhi\OneDrive\Documents\KULIAH\MAGANG\wisi-wise-web-odoo\odoo\service\model.py", line 185, in retrying
    result = func()
             ^^^^^^
  File "C:\Users\wadhi\OneDrive\Documents\KULIAH\MAGANG\wisi-wise-web-odoo\odoo\http.py", line 2328, in _serve_ir_http
    response = self.dispatcher.dispatch(rule.endpoint, args)
               ^^^^^^^^^^^^^^^^^^^^^^^^^^^^^^^^^^^^^^^^^^^^^
  File "C:\Users\wadhi\OneDrive\Documents\KULIAH\MAGANG\wisi-wise-web-odoo\odoo\http.py", line 2450, in dispatch
    return self.request.registry['ir.http']._dispatch(endpoint)
           ^^^^^^^^^^^^^^^^^^^^^^^^^^^^^^^^^^^^^^^^^^^^^^^^^^^^
  File "C:\Users\wadhi\OneDrive\Documents\KULIAH\MAGANG\wisi-wise-web-odoo\odoo\addons\base\models\ir_http.py", line 355, in _dispatch
    result = endpoint(**request.params)
             ^^^^^^^^^^^^^^^^^^^^^^^^^^
  File "C:\Users\wadhi\OneDrive\Documents\KULIAH\MAGANG\wisi-wise-web-odoo\odoo\http.py", line 788, in route_wrapper
    result = endpoint(self, *args, **params_ok)
             ^^^^^^^^^^^^^^^^^^^^^^^^^^^^^^^^^^
  File "c:\users\wadhi\onedrive\documents\kuliah\magang\wisi-wise-web-odoo\addons\portal\controllers\web.py", line 27, in web_client
    return super().web_client(s_action, **kw)
           ^^^^^^^^^^^^^^^^^^^^^^^^^^^^^^^^^^
  File "C:\Users\wadhi\OneDrive\Documents\KULIAH\MAGANG\wisi-wise-web-odoo\odoo\http.py", line 788, in route_wrapper
    result = endpoint(self, *args, **params_ok)
             ^^^^^^^^^^^^^^^^^^^^^^^^^^^^^^^^^^
  File "c:\users\wadhi\onedrive\documents\kuliah\magang\wisi-wise-web-odoo\addons\web\controllers\home.py", line 68, in web_client
    context = request.env['ir.http'].webclient_rendering_context()
              ^^^^^^^^^^^^^^^^^^^^^^^^^^^^^^^^^^^^^^^^^^^^^^^^^^^^
  File "c:\users\wadhi\onedrive\documents\kuliah\magang\wisi-wise-web-odoo\addons\web\models\ir_http.py", line 69, in webclient_rendering_context
    'session_info': self.session_info(),
                    ^^^^^^^^^^^^^^^^^^^
  File "c:\users\wadhi\onedrive\documents\kuliah\magang\wisi-wise-web-odoo\addons\partner_autocomplete\models\ir_http.py", line 12, in session_info
    session_info = super().session_info()
                   ^^^^^^^^^^^^^^^^^^^^^^
  File "c:\users\wadhi\onedrive\documents\kuliah\magang\wisi-wise-web-odoo\addons\mail\models\ir_http.py", line 22, in session_info
    ResUsers._init_store_data(store)
  File "c:\users\wadhi\onedrive\documents\kuliah\magang\wisi-wise-web-odoo\addons\mail\models\discuss\res_users.py", line 57, in _init_store_data
    super()._init_store_data(store)
  File "c:\users\wadhi\onedrive\documents\kuliah\magang\wisi-wise-web-odoo\addons\mail\models\res_users.py", line 398, in _init_store_data
    store.add_global_values(
  File "c:\users\wadhi\onedrive\documents\kuliah\magang\wisi-wise-web-odoo\addons\mail\tools\discuss.py", line 132, in add_global_values
    self.add_singleton_values("Store", values)
  File "c:\users\wadhi\onedrive\documents\kuliah\magang\wisi-wise-web-odoo\addons\mail\tools\discuss.py", line 181, in add_singleton_values
    self._add_values(values, model_name)
  File "c:\users\wadhi\onedrive\documents\kuliah\magang\wisi-wise-web-odoo\addons\mail\tools\discuss.py", line 232, in _add_values
    val._add_to_store(self, target, key)
  File "c:\users\wadhi\onedrive\documents\kuliah\magang\wisi-wise-web-odoo\addons\mail\tools\discuss.py", line 479, in _add_to_store
    super()._add_to_store(store, target, key)
  File "c:\users\wadhi\onedrive\documents\kuliah\magang\wisi-wise-web-odoo\addons\mail\tools\discuss.py", line 447, in _add_to_store
    store.add(self.records, self.fields, as_thread=self.as_thread, **self.kwargs)
  File "c:\users\wadhi\onedrive\documents\kuliah\magang\wisi-wise-web-odoo\addons\mail\tools\discuss.py", line 124, in add
    self.add_records_fields(records, fields)
  File "c:\users\wadhi\onedrive\documents\kuliah\magang\wisi-wise-web-odoo\addons\mail\tools\discuss.py", line 162, in add_records_fields
    for record, record_data_list in zip(records, self._get_records_data_list(records, fields)):
                                                 ^^^^^^^^^^^^^^^^^^^^^^^^^^^^^^^^^^^^^^^^^^^^
  File "c:\users\wadhi\onedrive\documents\kuliah\magang\wisi-wise-web-odoo\addons\mail\tools\discuss.py", line 268, in _get_records_data_list
    for data_dict in records._read_format(
                     ^^^^^^^^^^^^^^^^^^^^^
  File "C:\Users\wadhi\OneDrive\Documents\KULIAH\MAGANG\wisi-wise-web-odoo\odoo\orm\models.py", line 3747, in _read_format
    vals[name] = convert(record[name], record, use_display_name)
                         ~~~~~~^^^^^^
  File "C:\Users\wadhi\OneDrive\Documents\KULIAH\MAGANG\wisi-wise-web-odoo\odoo\orm\models.py", line 6686, in __getitem__
    return self._fields[key].__get__(self)
           ^^^^^^^^^^^^^^^^^^^^^^^^^^^^^^^
  File "C:\Users\wadhi\OneDrive\Documents\KULIAH\MAGANG\wisi-wise-web-odoo\odoo\orm\fields.py", line 1746, in __get__
    self.compute_value(recs)
  File "C:\Users\wadhi\OneDrive\Documents\KULIAH\MAGANG\wisi-wise-web-odoo\odoo\orm\fields.py", line 1917, in compute_value
    records._compute_field_value(self)
  File "c:\users\wadhi\onedrive\documents\kuliah\magang\wisi-wise-web-odoo\addons\mail\models\mail_thread.py", line 483, in _compute_field_value
    return super()._compute_field_value(field)
           ^^^^^^^^^^^^^^^^^^^^^^^^^^^^^^^^^^^
  File "C:\Users\wadhi\OneDrive\Documents\KULIAH\MAGANG\wisi-wise-web-odoo\odoo\orm\models.py", line 4952, in _compute_field_value
    determine(field.compute, self)
  File "C:\Users\wadhi\OneDrive\Documents\KULIAH\MAGANG\wisi-wise-web-odoo\odoo\orm\fields.py", line 81, in determine
    return needle(*args)
           ^^^^^^^^^^^^^
  File "c:\users\wadhi\onedrive\documents\kuliah\magang\wisi-wise-web-odoo\addons\hr_homeworking\models\res_partner.py", line 13, in _compute_im_status
    location_type = user[dayfield].location_type
                    ~~~~^^^^^^^^^^
  File "C:\Users\wadhi\OneDrive\Documents\KULIAH\MAGANG\wisi-wise-web-odoo\odoo\orm\models.py", line 6686, in __getitem__
    return self._fields[key].__get__(self)
           ^^^^^^^^^^^^^^^^^^^^^^^^^^^^^^^
  File "C:\Users\wadhi\OneDrive\Documents\KULIAH\MAGANG\wisi-wise-web-odoo\odoo\orm\fields_relational.py", line 45, in __get__
    return super().__get__(records, owner)
           ^^^^^^^^^^^^^^^^^^^^^^^^^^^^^^^
  File "C:\Users\wadhi\OneDrive\Documents\KULIAH\MAGANG\wisi-wise-web-odoo\odoo\orm\fields.py", line 1746, in __get__
    self.compute_value(recs)
  File "C:\Users\wadhi\OneDrive\Documents\KULIAH\MAGANG\wisi-wise-web-odoo\odoo\orm\fields.py", line 1917, in compute_value
    records._compute_field_value(self)
  File "C:\Users\wadhi\OneDrive\Documents\KULIAH\MAGANG\wisi-wise-web-odoo\odoo\orm\models.py", line 4952, in _compute_field_value
    determine(field.compute, self)
  File "C:\Users\wadhi\OneDrive\Documents\KULIAH\MAGANG\wisi-wise-web-odoo\odoo\orm\fields.py", line 84, in determine
    return needle(records, *args)
           ^^^^^^^^^^^^^^^^^^^^^^
  File "C:\Users\wadhi\OneDrive\Documents\KULIAH\MAGANG\wisi-wise-web-odoo\odoo\orm\fields.py", line 708, in _compute_related
    values = [next(iter(val := value[name]), val) for value in values]
                               ~~~~~^^^^^^
  File "C:\Users\wadhi\OneDrive\Documents\KULIAH\MAGANG\wisi-wise-web-odoo\odoo\orm\models.py", line 6686, in __getitem__
    return self._fields[key].__get__(self)
           ^^^^^^^^^^^^^^^^^^^^^^^^^^^^^^^
  File "C:\Users\wadhi\OneDrive\Documents\KULIAH\MAGANG\wisi-wise-web-odoo\odoo\orm\fields_relational.py", line 45, in __get__
    return super().__get__(records, owner)
           ^^^^^^^^^^^^^^^^^^^^^^^^^^^^^^^
  File "C:\Users\wadhi\OneDrive\Documents\KULIAH\MAGANG\wisi-wise-web-odoo\odoo\orm\fields.py", line 1746, in __get__
    self.compute_value(recs)
  File "C:\Users\wadhi\OneDrive\Documents\KULIAH\MAGANG\wisi-wise-web-odoo\odoo\orm\fields.py", line 1917, in compute_value
    records._compute_field_value(self)
  File "C:\Users\wadhi\OneDrive\Documents\KULIAH\MAGANG\wisi-wise-web-odoo\odoo\orm\models.py", line 4952, in _compute_field_value
    determine(field.compute, self)
  File "C:\Users\wadhi\OneDrive\Documents\KULIAH\MAGANG\wisi-wise-web-odoo\odoo\orm\fields.py", line 81, in determine
    return needle(*args)
           ^^^^^^^^^^^^^
  File "c:\users\wadhi\onedrive\documents\kuliah\magang\wisi-wise-web-odoo\addons\hr\models\res_users.py", line 268, in _compute_company_employee
    employee.user_id: employee
    ^^^^^^^^^^^^^^^^
  File "C:\Users\wadhi\OneDrive\Documents\KULIAH\MAGANG\wisi-wise-web-odoo\odoo\orm\fields_relational.py", line 45, in __get__
    return super().__get__(records, owner)
           ^^^^^^^^^^^^^^^^^^^^^^^^^^^^^^^
  File "C:\Users\wadhi\OneDrive\Documents\KULIAH\MAGANG\wisi-wise-web-odoo\odoo\orm\fields.py", line 1702, in __get__
    recs._fetch_field(self)
  File "C:\Users\wadhi\OneDrive\Documents\KULIAH\MAGANG\wisi-wise-web-odoo\odoo\orm\models.py", line 3772, in _fetch_field
    self.fetch(fnames)
  File "c:\users\wadhi\onedrive\documents\kuliah\magang\wisi-wise-web-odoo\addons\hr\models\hr_employee.py", line 1109, in fetch
    return super().fetch(field_names)
           ^^^^^^^^^^^^^^^^^^^^^^^^^^
  File "C:\Users\wadhi\OneDrive\Documents\KULIAH\MAGANG\wisi-wise-web-odoo\odoo\orm\models.py", line 3812, in fetch
    fetched = self._fetch_query(query, fields_to_fetch)
              ^^^^^^^^^^^^^^^^^^^^^^^^^^^^^^^^^^^^^^^^^
  File "C:\Users\wadhi\OneDrive\Documents\KULIAH\MAGANG\wisi-wise-web-odoo\odoo\orm\models.py", line 3917, in _fetch_query
    rows = self.env.execute_query(query.select(*sql_terms))
           ^^^^^^^^^^^^^^^^^^^^^^^^^^^^^^^^^^^^^^^^^^^^^^^^
  File "C:\Users\wadhi\OneDrive\Documents\KULIAH\MAGANG\wisi-wise-web-odoo\odoo\orm\environments.py", line 534, in execute_query
    self.cr.execute(query)
  File "C:\Users\wadhi\OneDrive\Documents\KULIAH\MAGANG\wisi-wise-web-odoo\odoo\sql_db.py", line 433, in execute
    self._obj.execute(query, params)
psycopg2.errors.UndefinedColumn: column hr_employee.nip does not exist
LINE 1: ...ocation_id", "hr_employee"."today_location_name", "hr_employ...
                                                             ^

2026-02-26 08:30:10,770 28472 INFO wsi_2026 werkzeug: 127.0.0.1 - - [26/Feb/2026 08:30:10] "GET /odoo/employees/1 HTTP/1.1" 500 - 22 0.021 0.027
2026-02-26 08:30:12,448 28472 INFO wsi_2026 werkzeug: 127.0.0.1 - - [26/Feb/2026 08:30:12] "GET /web/service-worker.js HTTP/1.1" 200 - 1 0.006 0.010
2026-02-26 08:30:14,441 28472 INFO ? odoo.service.server: Initiating shutdown 
2026-02-26 08:30:14,441 28472 INFO ? odoo.service.server: Hit CTRL-C again or send a second signal to force the shutdown. 
2026-02-26 08:30:22,215 37756 WARNING ? odoo.tools.config: missing --http-interface/http_interface, using 0.0.0.0 by default, will change to 127.0.0.1 in 20.0 
2026-02-26 08:30:22,216 37756 INFO ? odoo: Odoo version 19.0 
2026-02-26 08:30:22,217 37756 INFO ? odoo: Using configuration file at c:\users\wadhi\onedrive\documents\kuliah\magang\wisi-wise-web-odoo\odoo.conf 
2026-02-26 08:30:22,217 37756 INFO ? odoo: addons paths: _NamespacePath(['C:\\Users\\wadhi\\OneDrive\\Documents\\KULIAH\\MAGANG\\wisi-wise-web-odoo\\odoo\\addons', 'C:\\Users\\wadhi\\AppData\\Local\\OpenERP S.A.\\Odoo\\addons\\19.0', 'c:\\users\\wadhi\\onedrive\\documents\\kuliah\\magang\\wisi-wise-web-odoo\\odoo\\addons', 'c:\\users\\wadhi\\onedrive\\documents\\kuliah\\magang\\wisi-wise-web-odoo\\addons', 'c:\\users\\wadhi\\onedrive\\documents\\kuliah\\magang\\wisi-wise-web-odoo\\custom_addons']) 
2026-02-26 08:30:22,217 37756 INFO ? odoo: database: odoo@localhost:5434 
2026-02-26 08:30:23,362 37756 WARNING ? odoo.service.server: 'watchdog' module not installed. Code autoreload feature is disabled 
2026-02-26 08:30:23,373 37756 INFO ? odoo.service.server: HTTP service (werkzeug) running on LAPTOP-B7F6P6QO:8069 
2026-02-26 08:30:24,019 37756 INFO ? odoo.modules.loading: loading 1 modules... 
2026-02-26 08:30:24,027 37756 INFO ? odoo.modules.loading: 1 modules loaded in 0.01s, 0 queries (+0 extra) 
2026-02-26 08:30:24,078 37756 WARNING ? odoo.modules.module: Missing `license` key in manifest for 'wsi_hr_employee', defaulting to LGPL-3 
2026-02-26 08:30:24,113 37756 INFO ? odoo.modules.loading: loading 51 modules... 
2026-02-26 08:30:25,479 37756 INFO ? odoo.modules.loading: 51 modules loaded in 1.37s, 0 queries (+0 extra) 
2026-02-26 08:30:25,637 37756 INFO ? odoo.modules.loading: Modules loaded. 
2026-02-26 08:30:25,671 37756 INFO ? odoo.registry: Registry loaded in 1.729s 
2026-02-26 08:30:25,675 37756 INFO wsi_2026 odoo.addons.base.models.ir_http: Generating routing map for key None 
2026-02-26 08:30:25,810 37756 ERROR wsi_2026 odoo.sql_db: bad query: b'SELECT "hr_employee"."id", "hr_employee"."resource_id", "hr_employee"."company_id", "hr_employee"."message_main_attachment_id", "hr_employee"."current_version_id", "hr_employee"."name", "hr_employee"."user_id", "hr_employee"."active", "hr_employee"."work_phone", "hr_employee"."mobile_phone", "hr_employee"."work_email", "hr_employee"."work_contact_id", "hr_employee"."legal_name", "hr_employee"."private_phone", "hr_employee"."private_email", "hr_employee"."lang", "hr_employee"."place_of_birth", "hr_employee"."country_of_birth", "hr_employee"."birthday", "hr_employee"."birthday_public_display", "hr_employee"."salary_distribution", "hr_employee"."permit_no", "hr_employee"."visa_no", "hr_employee"."visa_expire", "hr_employee"."work_permit_expiration_date", "hr_employee"."work_permit_scheduled_activity", "hr_employee"."certificate", "hr_employee"."study_field", "hr_employee"."study_school", "hr_employee"."emergency_contact", "hr_employee"."emergency_phone", "hr_employee"."parent_id", "hr_employee"."coach_id", "hr_employee"."color", "hr_employee"."barcode", "hr_employee"."pin", "hr_employee"."private_car_plate", "hr_employee"."create_uid", "hr_employee"."create_date", "hr_employee"."write_uid", "hr_employee"."write_date", "hr_employee"."attendance_manager_id", "hr_employee"."last_attendance_id", "hr_employee"."last_check_in", "hr_employee"."last_check_out", "hr_employee"."leave_manager_id", "hr_employee"."monday_location_id", "hr_employee"."tuesday_location_id", "hr_employee"."wednesday_location_id", "hr_employee"."thursday_location_id", "hr_employee"."friday_location_id", "hr_employee"."saturday_location_id", "hr_employee"."sunday_location_id", "hr_employee"."today_location_name", "hr_employee"."nip", "hr_employee"."nomor_bpjs", "hr_employee"."akun_sosmed" FROM "hr_employee" WHERE "hr_employee"."id" IN (1)'
ERROR: column hr_employee.nip does not exist
LINE 1: ...ocation_id", "hr_employee"."today_location_name", "hr_employ...
                                                             ^
 
2026-02-26 08:30:25,811 37756 ERROR wsi_2026 odoo.http: Exception during request handling. 
Traceback (most recent call last):
  File "C:\Users\wadhi\OneDrive\Documents\KULIAH\MAGANG\wisi-wise-web-odoo\odoo\http.py", line 2800, in __call__
    response = request._serve_db()
               ^^^^^^^^^^^^^^^^^^^
  File "C:\Users\wadhi\OneDrive\Documents\KULIAH\MAGANG\wisi-wise-web-odoo\odoo\http.py", line 2275, in _serve_db
    raise self._update_served_exception(exc)
  File "C:\Users\wadhi\OneDrive\Documents\KULIAH\MAGANG\wisi-wise-web-odoo\odoo\http.py", line 2273, in _serve_db
    return service_model.retrying(serve_func, env=self.env)
           ^^^^^^^^^^^^^^^^^^^^^^^^^^^^^^^^^^^^^^^^^^^^^^^^
  File "C:\Users\wadhi\OneDrive\Documents\KULIAH\MAGANG\wisi-wise-web-odoo\odoo\service\model.py", line 185, in retrying
    result = func()
             ^^^^^^
  File "C:\Users\wadhi\OneDrive\Documents\KULIAH\MAGANG\wisi-wise-web-odoo\odoo\http.py", line 2328, in _serve_ir_http
    response = self.dispatcher.dispatch(rule.endpoint, args)
               ^^^^^^^^^^^^^^^^^^^^^^^^^^^^^^^^^^^^^^^^^^^^^
  File "C:\Users\wadhi\OneDrive\Documents\KULIAH\MAGANG\wisi-wise-web-odoo\odoo\http.py", line 2450, in dispatch
    return self.request.registry['ir.http']._dispatch(endpoint)
           ^^^^^^^^^^^^^^^^^^^^^^^^^^^^^^^^^^^^^^^^^^^^^^^^^^^^
  File "C:\Users\wadhi\OneDrive\Documents\KULIAH\MAGANG\wisi-wise-web-odoo\odoo\addons\base\models\ir_http.py", line 355, in _dispatch
    result = endpoint(**request.params)
             ^^^^^^^^^^^^^^^^^^^^^^^^^^
  File "C:\Users\wadhi\OneDrive\Documents\KULIAH\MAGANG\wisi-wise-web-odoo\odoo\http.py", line 788, in route_wrapper
    result = endpoint(self, *args, **params_ok)
             ^^^^^^^^^^^^^^^^^^^^^^^^^^^^^^^^^^
  File "c:\users\wadhi\onedrive\documents\kuliah\magang\wisi-wise-web-odoo\addons\portal\controllers\web.py", line 27, in web_client
    return super().web_client(s_action, **kw)
           ^^^^^^^^^^^^^^^^^^^^^^^^^^^^^^^^^^
  File "C:\Users\wadhi\OneDrive\Documents\KULIAH\MAGANG\wisi-wise-web-odoo\odoo\http.py", line 788, in route_wrapper
    result = endpoint(self, *args, **params_ok)
             ^^^^^^^^^^^^^^^^^^^^^^^^^^^^^^^^^^
  File "c:\users\wadhi\onedrive\documents\kuliah\magang\wisi-wise-web-odoo\addons\web\controllers\home.py", line 68, in web_client
    context = request.env['ir.http'].webclient_rendering_context()
              ^^^^^^^^^^^^^^^^^^^^^^^^^^^^^^^^^^^^^^^^^^^^^^^^^^^^
  File "c:\users\wadhi\onedrive\documents\kuliah\magang\wisi-wise-web-odoo\addons\web\models\ir_http.py", line 69, in webclient_rendering_context
    'session_info': self.session_info(),
                    ^^^^^^^^^^^^^^^^^^^
  File "c:\users\wadhi\onedrive\documents\kuliah\magang\wisi-wise-web-odoo\addons\partner_autocomplete\models\ir_http.py", line 12, in session_info
    session_info = super().session_info()
                   ^^^^^^^^^^^^^^^^^^^^^^
  File "c:\users\wadhi\onedrive\documents\kuliah\magang\wisi-wise-web-odoo\addons\mail\models\ir_http.py", line 22, in session_info
    ResUsers._init_store_data(store)
  File "c:\users\wadhi\onedrive\documents\kuliah\magang\wisi-wise-web-odoo\addons\mail\models\discuss\res_users.py", line 57, in _init_store_data
    super()._init_store_data(store)
  File "c:\users\wadhi\onedrive\documents\kuliah\magang\wisi-wise-web-odoo\addons\mail\models\res_users.py", line 398, in _init_store_data
    store.add_global_values(
  File "c:\users\wadhi\onedrive\documents\kuliah\magang\wisi-wise-web-odoo\addons\mail\tools\discuss.py", line 132, in add_global_values
    self.add_singleton_values("Store", values)
  File "c:\users\wadhi\onedrive\documents\kuliah\magang\wisi-wise-web-odoo\addons\mail\tools\discuss.py", line 181, in add_singleton_values
    self._add_values(values, model_name)
  File "c:\users\wadhi\onedrive\documents\kuliah\magang\wisi-wise-web-odoo\addons\mail\tools\discuss.py", line 232, in _add_values
    val._add_to_store(self, target, key)
  File "c:\users\wadhi\onedrive\documents\kuliah\magang\wisi-wise-web-odoo\addons\mail\tools\discuss.py", line 479, in _add_to_store
    super()._add_to_store(store, target, key)
  File "c:\users\wadhi\onedrive\documents\kuliah\magang\wisi-wise-web-odoo\addons\mail\tools\discuss.py", line 447, in _add_to_store
    store.add(self.records, self.fields, as_thread=self.as_thread, **self.kwargs)
  File "c:\users\wadhi\onedrive\documents\kuliah\magang\wisi-wise-web-odoo\addons\mail\tools\discuss.py", line 124, in add
    self.add_records_fields(records, fields)
  File "c:\users\wadhi\onedrive\documents\kuliah\magang\wisi-wise-web-odoo\addons\mail\tools\discuss.py", line 162, in add_records_fields
    for record, record_data_list in zip(records, self._get_records_data_list(records, fields)):
                                                 ^^^^^^^^^^^^^^^^^^^^^^^^^^^^^^^^^^^^^^^^^^^^
  File "c:\users\wadhi\onedrive\documents\kuliah\magang\wisi-wise-web-odoo\addons\mail\tools\discuss.py", line 268, in _get_records_data_list
    for data_dict in records._read_format(
                     ^^^^^^^^^^^^^^^^^^^^^
  File "C:\Users\wadhi\OneDrive\Documents\KULIAH\MAGANG\wisi-wise-web-odoo\odoo\orm\models.py", line 3747, in _read_format
    vals[name] = convert(record[name], record, use_display_name)
                         ~~~~~~^^^^^^
  File "C:\Users\wadhi\OneDrive\Documents\KULIAH\MAGANG\wisi-wise-web-odoo\odoo\orm\models.py", line 6686, in __getitem__
    return self._fields[key].__get__(self)
           ^^^^^^^^^^^^^^^^^^^^^^^^^^^^^^^
  File "C:\Users\wadhi\OneDrive\Documents\KULIAH\MAGANG\wisi-wise-web-odoo\odoo\orm\fields.py", line 1746, in __get__
    self.compute_value(recs)
  File "C:\Users\wadhi\OneDrive\Documents\KULIAH\MAGANG\wisi-wise-web-odoo\odoo\orm\fields.py", line 1917, in compute_value
    records._compute_field_value(self)
  File "c:\users\wadhi\onedrive\documents\kuliah\magang\wisi-wise-web-odoo\addons\mail\models\mail_thread.py", line 483, in _compute_field_value
    return super()._compute_field_value(field)
           ^^^^^^^^^^^^^^^^^^^^^^^^^^^^^^^^^^^
  File "C:\Users\wadhi\OneDrive\Documents\KULIAH\MAGANG\wisi-wise-web-odoo\odoo\orm\models.py", line 4952, in _compute_field_value
    determine(field.compute, self)
  File "C:\Users\wadhi\OneDrive\Documents\KULIAH\MAGANG\wisi-wise-web-odoo\odoo\orm\fields.py", line 81, in determine
    return needle(*args)
           ^^^^^^^^^^^^^
  File "c:\users\wadhi\onedrive\documents\kuliah\magang\wisi-wise-web-odoo\addons\hr_homeworking\models\res_partner.py", line 13, in _compute_im_status
    location_type = user[dayfield].location_type
                    ~~~~^^^^^^^^^^
  File "C:\Users\wadhi\OneDrive\Documents\KULIAH\MAGANG\wisi-wise-web-odoo\odoo\orm\models.py", line 6686, in __getitem__
    return self._fields[key].__get__(self)
           ^^^^^^^^^^^^^^^^^^^^^^^^^^^^^^^
  File "C:\Users\wadhi\OneDrive\Documents\KULIAH\MAGANG\wisi-wise-web-odoo\odoo\orm\fields_relational.py", line 45, in __get__
    return super().__get__(records, owner)
           ^^^^^^^^^^^^^^^^^^^^^^^^^^^^^^^
  File "C:\Users\wadhi\OneDrive\Documents\KULIAH\MAGANG\wisi-wise-web-odoo\odoo\orm\fields.py", line 1746, in __get__
    self.compute_value(recs)
  File "C:\Users\wadhi\OneDrive\Documents\KULIAH\MAGANG\wisi-wise-web-odoo\odoo\orm\fields.py", line 1917, in compute_value
    records._compute_field_value(self)
  File "C:\Users\wadhi\OneDrive\Documents\KULIAH\MAGANG\wisi-wise-web-odoo\odoo\orm\models.py", line 4952, in _compute_field_value
    determine(field.compute, self)
  File "C:\Users\wadhi\OneDrive\Documents\KULIAH\MAGANG\wisi-wise-web-odoo\odoo\orm\fields.py", line 84, in determine
    return needle(records, *args)
           ^^^^^^^^^^^^^^^^^^^^^^
  File "C:\Users\wadhi\OneDrive\Documents\KULIAH\MAGANG\wisi-wise-web-odoo\odoo\orm\fields.py", line 708, in _compute_related
    values = [next(iter(val := value[name]), val) for value in values]
                               ~~~~~^^^^^^
  File "C:\Users\wadhi\OneDrive\Documents\KULIAH\MAGANG\wisi-wise-web-odoo\odoo\orm\models.py", line 6686, in __getitem__
    return self._fields[key].__get__(self)
           ^^^^^^^^^^^^^^^^^^^^^^^^^^^^^^^
  File "C:\Users\wadhi\OneDrive\Documents\KULIAH\MAGANG\wisi-wise-web-odoo\odoo\orm\fields_relational.py", line 45, in __get__
    return super().__get__(records, owner)
           ^^^^^^^^^^^^^^^^^^^^^^^^^^^^^^^
  File "C:\Users\wadhi\OneDrive\Documents\KULIAH\MAGANG\wisi-wise-web-odoo\odoo\orm\fields.py", line 1746, in __get__
    self.compute_value(recs)
  File "C:\Users\wadhi\OneDrive\Documents\KULIAH\MAGANG\wisi-wise-web-odoo\odoo\orm\fields.py", line 1917, in compute_value
    records._compute_field_value(self)
  File "C:\Users\wadhi\OneDrive\Documents\KULIAH\MAGANG\wisi-wise-web-odoo\odoo\orm\models.py", line 4952, in _compute_field_value
    determine(field.compute, self)
  File "C:\Users\wadhi\OneDrive\Documents\KULIAH\MAGANG\wisi-wise-web-odoo\odoo\orm\fields.py", line 81, in determine
    return needle(*args)
           ^^^^^^^^^^^^^
  File "c:\users\wadhi\onedrive\documents\kuliah\magang\wisi-wise-web-odoo\addons\hr\models\res_users.py", line 268, in _compute_company_employee
    employee.user_id: employee
    ^^^^^^^^^^^^^^^^
  File "C:\Users\wadhi\OneDrive\Documents\KULIAH\MAGANG\wisi-wise-web-odoo\odoo\orm\fields_relational.py", line 45, in __get__
    return super().__get__(records, owner)
           ^^^^^^^^^^^^^^^^^^^^^^^^^^^^^^^
  File "C:\Users\wadhi\OneDrive\Documents\KULIAH\MAGANG\wisi-wise-web-odoo\odoo\orm\fields.py", line 1702, in __get__
    recs._fetch_field(self)
  File "C:\Users\wadhi\OneDrive\Documents\KULIAH\MAGANG\wisi-wise-web-odoo\odoo\orm\models.py", line 3772, in _fetch_field
    self.fetch(fnames)
  File "c:\users\wadhi\onedrive\documents\kuliah\magang\wisi-wise-web-odoo\addons\hr\models\hr_employee.py", line 1109, in fetch
    return super().fetch(field_names)
           ^^^^^^^^^^^^^^^^^^^^^^^^^^
  File "C:\Users\wadhi\OneDrive\Documents\KULIAH\MAGANG\wisi-wise-web-odoo\odoo\orm\models.py", line 3812, in fetch
    fetched = self._fetch_query(query, fields_to_fetch)
              ^^^^^^^^^^^^^^^^^^^^^^^^^^^^^^^^^^^^^^^^^
  File "C:\Users\wadhi\OneDrive\Documents\KULIAH\MAGANG\wisi-wise-web-odoo\odoo\orm\models.py", line 3917, in _fetch_query
    rows = self.env.execute_query(query.select(*sql_terms))
           ^^^^^^^^^^^^^^^^^^^^^^^^^^^^^^^^^^^^^^^^^^^^^^^^
  File "C:\Users\wadhi\OneDrive\Documents\KULIAH\MAGANG\wisi-wise-web-odoo\odoo\orm\environments.py", line 534, in execute_query
    self.cr.execute(query)
  File "C:\Users\wadhi\OneDrive\Documents\KULIAH\MAGANG\wisi-wise-web-odoo\odoo\sql_db.py", line 433, in execute
    self._obj.execute(query, params)
psycopg2.errors.UndefinedColumn: column hr_employee.nip does not exist
LINE 1: ...ocation_id", "hr_employee"."today_location_name", "hr_employ...
                                                             ^

2026-02-26 08:30:25,829 37756 INFO wsi_2026 werkzeug: 127.0.0.1 - - [26/Feb/2026 08:30:25] "GET /odoo/employees/1 HTTP/1.1" 500 - 74 0.123 1.766
2026-02-26 08:30:27,619 37756 INFO wsi_2026 werkzeug: 127.0.0.1 - - [26/Feb/2026 08:30:27] "GET /web/service-worker.js HTTP/1.1" 200 - 1 0.002 0.007
2026-02-26 08:30:38,236 37756 INFO ? odoo.service.server: Initiating shutdown 
2026-02-26 08:30:38,236 37756 INFO ? odoo.service.server: Hit CTRL-C again or send a second signal to force the shutdown. 
2026-02-26 08:31:12,031 37756 ERROR wsi_2026 odoo.sql_db: bad query: b'SELECT "hr_employee"."id", "hr_employee"."resource_id", "hr_employee"."company_id", "hr_employee"."message_main_attachment_id", "hr_employee"."current_version_id", "hr_employee"."name", "hr_employee"."user_id", "hr_employee"."active", "hr_employee"."work_phone", "hr_employee"."mobile_phone", "hr_employee"."work_email", "hr_employee"."work_contact_id", "hr_employee"."legal_name", "hr_employee"."private_phone", "hr_employee"."private_email", "hr_employee"."lang", "hr_employee"."place_of_birth", "hr_employee"."country_of_birth", "hr_employee"."birthday", "hr_employee"."birthday_public_display", "hr_employee"."salary_distribution", "hr_employee"."permit_no", "hr_employee"."visa_no", "hr_employee"."visa_expire", "hr_employee"."work_permit_expiration_date", "hr_employee"."work_permit_scheduled_activity", "hr_employee"."certificate", "hr_employee"."study_field", "hr_employee"."study_school", "hr_employee"."emergency_contact", "hr_employee"."emergency_phone", "hr_employee"."parent_id", "hr_employee"."coach_id", "hr_employee"."color", "hr_employee"."barcode", "hr_employee"."pin", "hr_employee"."private_car_plate", "hr_employee"."create_uid", "hr_employee"."create_date", "hr_employee"."write_uid", "hr_employee"."write_date", "hr_employee"."attendance_manager_id", "hr_employee"."last_attendance_id", "hr_employee"."last_check_in", "hr_employee"."last_check_out", "hr_employee"."leave_manager_id", "hr_employee"."monday_location_id", "hr_employee"."tuesday_location_id", "hr_employee"."wednesday_location_id", "hr_employee"."thursday_location_id", "hr_employee"."friday_location_id", "hr_employee"."saturday_location_id", "hr_employee"."sunday_location_id", "hr_employee"."today_location_name", "hr_employee"."nip", "hr_employee"."nomor_bpjs", "hr_employee"."akun_sosmed" FROM "hr_employee" WHERE "hr_employee"."id" IN (1)'
ERROR: column hr_employee.nip does not exist
LINE 1: ...ocation_id", "hr_employee"."today_location_name", "hr_employ...
                                                             ^
 
2026-02-26 08:31:12,032 37756 ERROR wsi_2026 odoo.http: Exception during request handling. 
Traceback (most recent call last):
  File "C:\Users\wadhi\OneDrive\Documents\KULIAH\MAGANG\wisi-wise-web-odoo\odoo\http.py", line 2800, in __call__
    response = request._serve_db()
               ^^^^^^^^^^^^^^^^^^^
  File "C:\Users\wadhi\OneDrive\Documents\KULIAH\MAGANG\wisi-wise-web-odoo\odoo\http.py", line 2275, in _serve_db
    raise self._update_served_exception(exc)
  File "C:\Users\wadhi\OneDrive\Documents\KULIAH\MAGANG\wisi-wise-web-odoo\odoo\http.py", line 2273, in _serve_db
    return service_model.retrying(serve_func, env=self.env)
           ^^^^^^^^^^^^^^^^^^^^^^^^^^^^^^^^^^^^^^^^^^^^^^^^
  File "C:\Users\wadhi\OneDrive\Documents\KULIAH\MAGANG\wisi-wise-web-odoo\odoo\service\model.py", line 185, in retrying
    result = func()
             ^^^^^^
  File "C:\Users\wadhi\OneDrive\Documents\KULIAH\MAGANG\wisi-wise-web-odoo\odoo\http.py", line 2328, in _serve_ir_http
    response = self.dispatcher.dispatch(rule.endpoint, args)
               ^^^^^^^^^^^^^^^^^^^^^^^^^^^^^^^^^^^^^^^^^^^^^
  File "C:\Users\wadhi\OneDrive\Documents\KULIAH\MAGANG\wisi-wise-web-odoo\odoo\http.py", line 2450, in dispatch
    return self.request.registry['ir.http']._dispatch(endpoint)
           ^^^^^^^^^^^^^^^^^^^^^^^^^^^^^^^^^^^^^^^^^^^^^^^^^^^^
  File "C:\Users\wadhi\OneDrive\Documents\KULIAH\MAGANG\wisi-wise-web-odoo\odoo\addons\base\models\ir_http.py", line 355, in _dispatch
    result = endpoint(**request.params)
             ^^^^^^^^^^^^^^^^^^^^^^^^^^
  File "C:\Users\wadhi\OneDrive\Documents\KULIAH\MAGANG\wisi-wise-web-odoo\odoo\http.py", line 788, in route_wrapper
    result = endpoint(self, *args, **params_ok)
             ^^^^^^^^^^^^^^^^^^^^^^^^^^^^^^^^^^
  File "c:\users\wadhi\onedrive\documents\kuliah\magang\wisi-wise-web-odoo\addons\portal\controllers\web.py", line 27, in web_client
    return super().web_client(s_action, **kw)
           ^^^^^^^^^^^^^^^^^^^^^^^^^^^^^^^^^^
  File "C:\Users\wadhi\OneDrive\Documents\KULIAH\MAGANG\wisi-wise-web-odoo\odoo\http.py", line 788, in route_wrapper
    result = endpoint(self, *args, **params_ok)
             ^^^^^^^^^^^^^^^^^^^^^^^^^^^^^^^^^^
  File "c:\users\wadhi\onedrive\documents\kuliah\magang\wisi-wise-web-odoo\addons\web\controllers\home.py", line 68, in web_client
    context = request.env['ir.http'].webclient_rendering_context()
              ^^^^^^^^^^^^^^^^^^^^^^^^^^^^^^^^^^^^^^^^^^^^^^^^^^^^
  File "c:\users\wadhi\onedrive\documents\kuliah\magang\wisi-wise-web-odoo\addons\web\models\ir_http.py", line 69, in webclient_rendering_context
    'session_info': self.session_info(),
                    ^^^^^^^^^^^^^^^^^^^
  File "c:\users\wadhi\onedrive\documents\kuliah\magang\wisi-wise-web-odoo\addons\partner_autocomplete\models\ir_http.py", line 12, in session_info
    session_info = super().session_info()
                   ^^^^^^^^^^^^^^^^^^^^^^
  File "c:\users\wadhi\onedrive\documents\kuliah\magang\wisi-wise-web-odoo\addons\mail\models\ir_http.py", line 22, in session_info
    ResUsers._init_store_data(store)
  File "c:\users\wadhi\onedrive\documents\kuliah\magang\wisi-wise-web-odoo\addons\mail\models\discuss\res_users.py", line 57, in _init_store_data
    super()._init_store_data(store)
  File "c:\users\wadhi\onedrive\documents\kuliah\magang\wisi-wise-web-odoo\addons\mail\models\res_users.py", line 398, in _init_store_data
    store.add_global_values(
  File "c:\users\wadhi\onedrive\documents\kuliah\magang\wisi-wise-web-odoo\addons\mail\tools\discuss.py", line 132, in add_global_values
    self.add_singleton_values("Store", values)
  File "c:\users\wadhi\onedrive\documents\kuliah\magang\wisi-wise-web-odoo\addons\mail\tools\discuss.py", line 181, in add_singleton_values
    self._add_values(values, model_name)
  File "c:\users\wadhi\onedrive\documents\kuliah\magang\wisi-wise-web-odoo\addons\mail\tools\discuss.py", line 232, in _add_values
    val._add_to_store(self, target, key)
  File "c:\users\wadhi\onedrive\documents\kuliah\magang\wisi-wise-web-odoo\addons\mail\tools\discuss.py", line 479, in _add_to_store
    super()._add_to_store(store, target, key)
  File "c:\users\wadhi\onedrive\documents\kuliah\magang\wisi-wise-web-odoo\addons\mail\tools\discuss.py", line 447, in _add_to_store
    store.add(self.records, self.fields, as_thread=self.as_thread, **self.kwargs)
  File "c:\users\wadhi\onedrive\documents\kuliah\magang\wisi-wise-web-odoo\addons\mail\tools\discuss.py", line 124, in add
    self.add_records_fields(records, fields)
  File "c:\users\wadhi\onedrive\documents\kuliah\magang\wisi-wise-web-odoo\addons\mail\tools\discuss.py", line 162, in add_records_fields
    for record, record_data_list in zip(records, self._get_records_data_list(records, fields)):
                                                 ^^^^^^^^^^^^^^^^^^^^^^^^^^^^^^^^^^^^^^^^^^^^
  File "c:\users\wadhi\onedrive\documents\kuliah\magang\wisi-wise-web-odoo\addons\mail\tools\discuss.py", line 268, in _get_records_data_list
    for data_dict in records._read_format(
                     ^^^^^^^^^^^^^^^^^^^^^
  File "C:\Users\wadhi\OneDrive\Documents\KULIAH\MAGANG\wisi-wise-web-odoo\odoo\orm\models.py", line 3747, in _read_format
    vals[name] = convert(record[name], record, use_display_name)
                         ~~~~~~^^^^^^
  File "C:\Users\wadhi\OneDrive\Documents\KULIAH\MAGANG\wisi-wise-web-odoo\odoo\orm\models.py", line 6686, in __getitem__
    return self._fields[key].__get__(self)
           ^^^^^^^^^^^^^^^^^^^^^^^^^^^^^^^
  File "C:\Users\wadhi\OneDrive\Documents\KULIAH\MAGANG\wisi-wise-web-odoo\odoo\orm\fields.py", line 1746, in __get__
    self.compute_value(recs)
  File "C:\Users\wadhi\OneDrive\Documents\KULIAH\MAGANG\wisi-wise-web-odoo\odoo\orm\fields.py", line 1917, in compute_value
    records._compute_field_value(self)
  File "c:\users\wadhi\onedrive\documents\kuliah\magang\wisi-wise-web-odoo\addons\mail\models\mail_thread.py", line 483, in _compute_field_value
    return super()._compute_field_value(field)
           ^^^^^^^^^^^^^^^^^^^^^^^^^^^^^^^^^^^
  File "C:\Users\wadhi\OneDrive\Documents\KULIAH\MAGANG\wisi-wise-web-odoo\odoo\orm\models.py", line 4952, in _compute_field_value
    determine(field.compute, self)
  File "C:\Users\wadhi\OneDrive\Documents\KULIAH\MAGANG\wisi-wise-web-odoo\odoo\orm\fields.py", line 81, in determine
    return needle(*args)
           ^^^^^^^^^^^^^
  File "c:\users\wadhi\onedrive\documents\kuliah\magang\wisi-wise-web-odoo\addons\hr_homeworking\models\res_partner.py", line 13, in _compute_im_status
    location_type = user[dayfield].location_type
                    ~~~~^^^^^^^^^^
  File "C:\Users\wadhi\OneDrive\Documents\KULIAH\MAGANG\wisi-wise-web-odoo\odoo\orm\models.py", line 6686, in __getitem__
    return self._fields[key].__get__(self)
           ^^^^^^^^^^^^^^^^^^^^^^^^^^^^^^^
  File "C:\Users\wadhi\OneDrive\Documents\KULIAH\MAGANG\wisi-wise-web-odoo\odoo\orm\fields_relational.py", line 45, in __get__
    return super().__get__(records, owner)
           ^^^^^^^^^^^^^^^^^^^^^^^^^^^^^^^
  File "C:\Users\wadhi\OneDrive\Documents\KULIAH\MAGANG\wisi-wise-web-odoo\odoo\orm\fields.py", line 1746, in __get__
    self.compute_value(recs)
  File "C:\Users\wadhi\OneDrive\Documents\KULIAH\MAGANG\wisi-wise-web-odoo\odoo\orm\fields.py", line 1917, in compute_value
    records._compute_field_value(self)
  File "C:\Users\wadhi\OneDrive\Documents\KULIAH\MAGANG\wisi-wise-web-odoo\odoo\orm\models.py", line 4952, in _compute_field_value
    determine(field.compute, self)
  File "C:\Users\wadhi\OneDrive\Documents\KULIAH\MAGANG\wisi-wise-web-odoo\odoo\orm\fields.py", line 84, in determine
    return needle(records, *args)
           ^^^^^^^^^^^^^^^^^^^^^^
  File "C:\Users\wadhi\OneDrive\Documents\KULIAH\MAGANG\wisi-wise-web-odoo\odoo\orm\fields.py", line 708, in _compute_related
    values = [next(iter(val := value[name]), val) for value in values]
                               ~~~~~^^^^^^
  File "C:\Users\wadhi\OneDrive\Documents\KULIAH\MAGANG\wisi-wise-web-odoo\odoo\orm\models.py", line 6686, in __getitem__
    return self._fields[key].__get__(self)
           ^^^^^^^^^^^^^^^^^^^^^^^^^^^^^^^
  File "C:\Users\wadhi\OneDrive\Documents\KULIAH\MAGANG\wisi-wise-web-odoo\odoo\orm\fields_relational.py", line 45, in __get__
    return super().__get__(records, owner)
           ^^^^^^^^^^^^^^^^^^^^^^^^^^^^^^^
  File "C:\Users\wadhi\OneDrive\Documents\KULIAH\MAGANG\wisi-wise-web-odoo\odoo\orm\fields.py", line 1746, in __get__
    self.compute_value(recs)
  File "C:\Users\wadhi\OneDrive\Documents\KULIAH\MAGANG\wisi-wise-web-odoo\odoo\orm\fields.py", line 1917, in compute_value
    records._compute_field_value(self)
  File "C:\Users\wadhi\OneDrive\Documents\KULIAH\MAGANG\wisi-wise-web-odoo\odoo\orm\models.py", line 4952, in _compute_field_value
    determine(field.compute, self)
  File "C:\Users\wadhi\OneDrive\Documents\KULIAH\MAGANG\wisi-wise-web-odoo\odoo\orm\fields.py", line 81, in determine
    return needle(*args)
           ^^^^^^^^^^^^^
  File "c:\users\wadhi\onedrive\documents\kuliah\magang\wisi-wise-web-odoo\addons\hr\models\res_users.py", line 268, in _compute_company_employee
    employee.user_id: employee
    ^^^^^^^^^^^^^^^^
  File "C:\Users\wadhi\OneDrive\Documents\KULIAH\MAGANG\wisi-wise-web-odoo\odoo\orm\fields_relational.py", line 45, in __get__
    return super().__get__(records, owner)
           ^^^^^^^^^^^^^^^^^^^^^^^^^^^^^^^
  File "C:\Users\wadhi\OneDrive\Documents\KULIAH\MAGANG\wisi-wise-web-odoo\odoo\orm\fields.py", line 1702, in __get__
    recs._fetch_field(self)
  File "C:\Users\wadhi\OneDrive\Documents\KULIAH\MAGANG\wisi-wise-web-odoo\odoo\orm\models.py", line 3772, in _fetch_field
    self.fetch(fnames)
  File "c:\users\wadhi\onedrive\documents\kuliah\magang\wisi-wise-web-odoo\addons\hr\models\hr_employee.py", line 1109, in fetch
    return super().fetch(field_names)
           ^^^^^^^^^^^^^^^^^^^^^^^^^^
  File "C:\Users\wadhi\OneDrive\Documents\KULIAH\MAGANG\wisi-wise-web-odoo\odoo\orm\models.py", line 3812, in fetch
    fetched = self._fetch_query(query, fields_to_fetch)
              ^^^^^^^^^^^^^^^^^^^^^^^^^^^^^^^^^^^^^^^^^
  File "C:\Users\wadhi\OneDrive\Documents\KULIAH\MAGANG\wisi-wise-web-odoo\odoo\orm\models.py", line 3917, in _fetch_query
    rows = self.env.execute_query(query.select(*sql_terms))
           ^^^^^^^^^^^^^^^^^^^^^^^^^^^^^^^^^^^^^^^^^^^^^^^^
  File "C:\Users\wadhi\OneDrive\Documents\KULIAH\MAGANG\wisi-wise-web-odoo\odoo\orm\environments.py", line 534, in execute_query
    self.cr.execute(query)
  File "C:\Users\wadhi\OneDrive\Documents\KULIAH\MAGANG\wisi-wise-web-odoo\odoo\sql_db.py", line 433, in execute
    self._obj.execute(query, params)
psycopg2.errors.UndefinedColumn: column hr_employee.nip does not exist
LINE 1: ...ocation_id", "hr_employee"."today_location_name", "hr_employ...
                                                             ^

2026-02-26 08:31:12,040 37756 INFO wsi_2026 werkzeug: 127.0.0.1 - - [26/Feb/2026 08:31:12] "GET /odoo/employees/1 HTTP/1.1" 500 - 22 0.032 0.029
2026-02-26 08:31:31,667 35720 WARNING ? odoo.tools.config: missing --http-interface/http_interface, using 0.0.0.0 by default, will change to 127.0.0.1 in 20.0 
2026-02-26 08:31:31,668 35720 INFO ? odoo: Odoo version 19.0 
2026-02-26 08:31:31,668 35720 INFO ? odoo: Using configuration file at c:\users\wadhi\onedrive\documents\kuliah\magang\wisi-wise-web-odoo\odoo.conf 
2026-02-26 08:31:31,668 35720 INFO ? odoo: addons paths: _NamespacePath(['C:\\Users\\wadhi\\OneDrive\\Documents\\KULIAH\\MAGANG\\wisi-wise-web-odoo\\odoo\\addons', 'C:\\Users\\wadhi\\AppData\\Local\\OpenERP S.A.\\Odoo\\addons\\19.0', 'c:\\users\\wadhi\\onedrive\\documents\\kuliah\\magang\\wisi-wise-web-odoo\\odoo\\addons', 'c:\\users\\wadhi\\onedrive\\documents\\kuliah\\magang\\wisi-wise-web-odoo\\addons', 'c:\\users\\wadhi\\onedrive\\documents\\kuliah\\magang\\wisi-wise-web-odoo\\custom_addons']) 
2026-02-26 08:31:31,668 35720 INFO ? odoo: database: odoo@localhost:5434 
2026-02-26 08:31:32,342 35720 INFO ? odoo.service.server: HTTP service (werkzeug) running on LAPTOP-B7F6P6QO:8069 
2026-02-26 08:31:32,493 35720 INFO ? odoo.modules.loading: loading 1 modules... 
2026-02-26 08:31:32,498 35720 INFO ? odoo.modules.loading: 1 modules loaded in 0.01s, 0 queries (+0 extra) 
2026-02-26 08:31:32,532 35720 WARNING ? odoo.modules.module: Missing `license` key in manifest for 'wsi_hr_employee', defaulting to LGPL-3 
2026-02-26 08:31:32,544 35720 INFO ? odoo.modules.loading: loading 51 modules... 
2026-02-26 08:31:33,511 35720 INFO ? odoo.modules.loading: 51 modules loaded in 0.97s, 0 queries (+0 extra) 
2026-02-26 08:31:33,622 35720 INFO ? odoo.modules.loading: Modules loaded. 
2026-02-26 08:31:33,654 35720 INFO ? odoo.registry: Registry loaded in 1.252s 
2026-02-26 08:31:33,657 35720 INFO wsi_2026 odoo.addons.base.models.ir_http: Generating routing map for key None 
2026-02-26 08:31:33,698 35720 INFO wsi_2026 werkzeug: 127.0.0.1 - - [26/Feb/2026 08:31:33] "GET / HTTP/1.1" 303 - 29 0.053 1.245
2026-02-26 08:31:33,771 35720 ERROR wsi_2026 odoo.sql_db: bad query: b'SELECT "hr_employee"."id", "hr_employee"."resource_id", "hr_employee"."company_id", "hr_employee"."message_main_attachment_id", "hr_employee"."current_version_id", "hr_employee"."name", "hr_employee"."user_id", "hr_employee"."active", "hr_employee"."work_phone", "hr_employee"."mobile_phone", "hr_employee"."work_email", "hr_employee"."work_contact_id", "hr_employee"."legal_name", "hr_employee"."private_phone", "hr_employee"."private_email", "hr_employee"."lang", "hr_employee"."place_of_birth", "hr_employee"."country_of_birth", "hr_employee"."birthday", "hr_employee"."birthday_public_display", "hr_employee"."salary_distribution", "hr_employee"."permit_no", "hr_employee"."visa_no", "hr_employee"."visa_expire", "hr_employee"."work_permit_expiration_date", "hr_employee"."work_permit_scheduled_activity", "hr_employee"."certificate", "hr_employee"."study_field", "hr_employee"."study_school", "hr_employee"."emergency_contact", "hr_employee"."emergency_phone", "hr_employee"."parent_id", "hr_employee"."coach_id", "hr_employee"."color", "hr_employee"."barcode", "hr_employee"."pin", "hr_employee"."private_car_plate", "hr_employee"."create_uid", "hr_employee"."create_date", "hr_employee"."write_uid", "hr_employee"."write_date", "hr_employee"."attendance_manager_id", "hr_employee"."last_attendance_id", "hr_employee"."last_check_in", "hr_employee"."last_check_out", "hr_employee"."leave_manager_id", "hr_employee"."monday_location_id", "hr_employee"."tuesday_location_id", "hr_employee"."wednesday_location_id", "hr_employee"."thursday_location_id", "hr_employee"."friday_location_id", "hr_employee"."saturday_location_id", "hr_employee"."sunday_location_id", "hr_employee"."today_location_name", "hr_employee"."nip", "hr_employee"."nomor_bpjs", "hr_employee"."akun_sosmed" FROM "hr_employee" WHERE "hr_employee"."id" IN (1)'
ERROR: column hr_employee.nip does not exist
LINE 1: ...ocation_id", "hr_employee"."today_location_name", "hr_employ...
                                                             ^
 
2026-02-26 08:31:33,771 35720 ERROR wsi_2026 odoo.http: Exception during request handling. 
Traceback (most recent call last):
  File "C:\Users\wadhi\OneDrive\Documents\KULIAH\MAGANG\wisi-wise-web-odoo\odoo\http.py", line 2800, in __call__
    response = request._serve_db()
               ^^^^^^^^^^^^^^^^^^^
  File "C:\Users\wadhi\OneDrive\Documents\KULIAH\MAGANG\wisi-wise-web-odoo\odoo\http.py", line 2275, in _serve_db
    raise self._update_served_exception(exc)
  File "C:\Users\wadhi\OneDrive\Documents\KULIAH\MAGANG\wisi-wise-web-odoo\odoo\http.py", line 2273, in _serve_db
    return service_model.retrying(serve_func, env=self.env)
           ^^^^^^^^^^^^^^^^^^^^^^^^^^^^^^^^^^^^^^^^^^^^^^^^
  File "C:\Users\wadhi\OneDrive\Documents\KULIAH\MAGANG\wisi-wise-web-odoo\odoo\service\model.py", line 185, in retrying
    result = func()
             ^^^^^^
  File "C:\Users\wadhi\OneDrive\Documents\KULIAH\MAGANG\wisi-wise-web-odoo\odoo\http.py", line 2328, in _serve_ir_http
    response = self.dispatcher.dispatch(rule.endpoint, args)
               ^^^^^^^^^^^^^^^^^^^^^^^^^^^^^^^^^^^^^^^^^^^^^
  File "C:\Users\wadhi\OneDrive\Documents\KULIAH\MAGANG\wisi-wise-web-odoo\odoo\http.py", line 2450, in dispatch
    return self.request.registry['ir.http']._dispatch(endpoint)
           ^^^^^^^^^^^^^^^^^^^^^^^^^^^^^^^^^^^^^^^^^^^^^^^^^^^^
  File "C:\Users\wadhi\OneDrive\Documents\KULIAH\MAGANG\wisi-wise-web-odoo\odoo\addons\base\models\ir_http.py", line 355, in _dispatch
    result = endpoint(**request.params)
             ^^^^^^^^^^^^^^^^^^^^^^^^^^
  File "C:\Users\wadhi\OneDrive\Documents\KULIAH\MAGANG\wisi-wise-web-odoo\odoo\http.py", line 788, in route_wrapper
    result = endpoint(self, *args, **params_ok)
             ^^^^^^^^^^^^^^^^^^^^^^^^^^^^^^^^^^
  File "c:\users\wadhi\onedrive\documents\kuliah\magang\wisi-wise-web-odoo\addons\portal\controllers\web.py", line 27, in web_client
    return super().web_client(s_action, **kw)
           ^^^^^^^^^^^^^^^^^^^^^^^^^^^^^^^^^^
  File "C:\Users\wadhi\OneDrive\Documents\KULIAH\MAGANG\wisi-wise-web-odoo\odoo\http.py", line 788, in route_wrapper
    result = endpoint(self, *args, **params_ok)
             ^^^^^^^^^^^^^^^^^^^^^^^^^^^^^^^^^^
  File "c:\users\wadhi\onedrive\documents\kuliah\magang\wisi-wise-web-odoo\addons\web\controllers\home.py", line 68, in web_client
    context = request.env['ir.http'].webclient_rendering_context()
              ^^^^^^^^^^^^^^^^^^^^^^^^^^^^^^^^^^^^^^^^^^^^^^^^^^^^
  File "c:\users\wadhi\onedrive\documents\kuliah\magang\wisi-wise-web-odoo\addons\web\models\ir_http.py", line 69, in webclient_rendering_context
    'session_info': self.session_info(),
                    ^^^^^^^^^^^^^^^^^^^
  File "c:\users\wadhi\onedrive\documents\kuliah\magang\wisi-wise-web-odoo\addons\partner_autocomplete\models\ir_http.py", line 12, in session_info
    session_info = super().session_info()
                   ^^^^^^^^^^^^^^^^^^^^^^
  File "c:\users\wadhi\onedrive\documents\kuliah\magang\wisi-wise-web-odoo\addons\mail\models\ir_http.py", line 22, in session_info
    ResUsers._init_store_data(store)
  File "c:\users\wadhi\onedrive\documents\kuliah\magang\wisi-wise-web-odoo\addons\mail\models\discuss\res_users.py", line 57, in _init_store_data
    super()._init_store_data(store)
  File "c:\users\wadhi\onedrive\documents\kuliah\magang\wisi-wise-web-odoo\addons\mail\models\res_users.py", line 398, in _init_store_data
    store.add_global_values(
  File "c:\users\wadhi\onedrive\documents\kuliah\magang\wisi-wise-web-odoo\addons\mail\tools\discuss.py", line 132, in add_global_values
    self.add_singleton_values("Store", values)
  File "c:\users\wadhi\onedrive\documents\kuliah\magang\wisi-wise-web-odoo\addons\mail\tools\discuss.py", line 181, in add_singleton_values
    self._add_values(values, model_name)
  File "c:\users\wadhi\onedrive\documents\kuliah\magang\wisi-wise-web-odoo\addons\mail\tools\discuss.py", line 232, in _add_values
    val._add_to_store(self, target, key)
  File "c:\users\wadhi\onedrive\documents\kuliah\magang\wisi-wise-web-odoo\addons\mail\tools\discuss.py", line 479, in _add_to_store
    super()._add_to_store(store, target, key)
  File "c:\users\wadhi\onedrive\documents\kuliah\magang\wisi-wise-web-odoo\addons\mail\tools\discuss.py", line 447, in _add_to_store
    store.add(self.records, self.fields, as_thread=self.as_thread, **self.kwargs)
  File "c:\users\wadhi\onedrive\documents\kuliah\magang\wisi-wise-web-odoo\addons\mail\tools\discuss.py", line 124, in add
    self.add_records_fields(records, fields)
  File "c:\users\wadhi\onedrive\documents\kuliah\magang\wisi-wise-web-odoo\addons\mail\tools\discuss.py", line 162, in add_records_fields
    for record, record_data_list in zip(records, self._get_records_data_list(records, fields)):
                                                 ^^^^^^^^^^^^^^^^^^^^^^^^^^^^^^^^^^^^^^^^^^^^
  File "c:\users\wadhi\onedrive\documents\kuliah\magang\wisi-wise-web-odoo\addons\mail\tools\discuss.py", line 268, in _get_records_data_list
    for data_dict in records._read_format(
                     ^^^^^^^^^^^^^^^^^^^^^
  File "C:\Users\wadhi\OneDrive\Documents\KULIAH\MAGANG\wisi-wise-web-odoo\odoo\orm\models.py", line 3747, in _read_format
    vals[name] = convert(record[name], record, use_display_name)
                         ~~~~~~^^^^^^
  File "C:\Users\wadhi\OneDrive\Documents\KULIAH\MAGANG\wisi-wise-web-odoo\odoo\orm\models.py", line 6686, in __getitem__
    return self._fields[key].__get__(self)
           ^^^^^^^^^^^^^^^^^^^^^^^^^^^^^^^
  File "C:\Users\wadhi\OneDrive\Documents\KULIAH\MAGANG\wisi-wise-web-odoo\odoo\orm\fields.py", line 1746, in __get__
    self.compute_value(recs)
  File "C:\Users\wadhi\OneDrive\Documents\KULIAH\MAGANG\wisi-wise-web-odoo\odoo\orm\fields.py", line 1917, in compute_value
    records._compute_field_value(self)
  File "c:\users\wadhi\onedrive\documents\kuliah\magang\wisi-wise-web-odoo\addons\mail\models\mail_thread.py", line 483, in _compute_field_value
    return super()._compute_field_value(field)
           ^^^^^^^^^^^^^^^^^^^^^^^^^^^^^^^^^^^
  File "C:\Users\wadhi\OneDrive\Documents\KULIAH\MAGANG\wisi-wise-web-odoo\odoo\orm\models.py", line 4952, in _compute_field_value
    determine(field.compute, self)
  File "C:\Users\wadhi\OneDrive\Documents\KULIAH\MAGANG\wisi-wise-web-odoo\odoo\orm\fields.py", line 81, in determine
    return needle(*args)
           ^^^^^^^^^^^^^
  File "c:\users\wadhi\onedrive\documents\kuliah\magang\wisi-wise-web-odoo\addons\hr_homeworking\models\res_partner.py", line 13, in _compute_im_status
    location_type = user[dayfield].location_type
                    ~~~~^^^^^^^^^^
  File "C:\Users\wadhi\OneDrive\Documents\KULIAH\MAGANG\wisi-wise-web-odoo\odoo\orm\models.py", line 6686, in __getitem__
    return self._fields[key].__get__(self)
           ^^^^^^^^^^^^^^^^^^^^^^^^^^^^^^^
  File "C:\Users\wadhi\OneDrive\Documents\KULIAH\MAGANG\wisi-wise-web-odoo\odoo\orm\fields_relational.py", line 45, in __get__
    return super().__get__(records, owner)
           ^^^^^^^^^^^^^^^^^^^^^^^^^^^^^^^
  File "C:\Users\wadhi\OneDrive\Documents\KULIAH\MAGANG\wisi-wise-web-odoo\odoo\orm\fields.py", line 1746, in __get__
    self.compute_value(recs)
  File "C:\Users\wadhi\OneDrive\Documents\KULIAH\MAGANG\wisi-wise-web-odoo\odoo\orm\fields.py", line 1917, in compute_value
    records._compute_field_value(self)
  File "C:\Users\wadhi\OneDrive\Documents\KULIAH\MAGANG\wisi-wise-web-odoo\odoo\orm\models.py", line 4952, in _compute_field_value
    determine(field.compute, self)
  File "C:\Users\wadhi\OneDrive\Documents\KULIAH\MAGANG\wisi-wise-web-odoo\odoo\orm\fields.py", line 84, in determine
    return needle(records, *args)
           ^^^^^^^^^^^^^^^^^^^^^^
  File "C:\Users\wadhi\OneDrive\Documents\KULIAH\MAGANG\wisi-wise-web-odoo\odoo\orm\fields.py", line 708, in _compute_related
    values = [next(iter(val := value[name]), val) for value in values]
                               ~~~~~^^^^^^
  File "C:\Users\wadhi\OneDrive\Documents\KULIAH\MAGANG\wisi-wise-web-odoo\odoo\orm\models.py", line 6686, in __getitem__
    return self._fields[key].__get__(self)
           ^^^^^^^^^^^^^^^^^^^^^^^^^^^^^^^
  File "C:\Users\wadhi\OneDrive\Documents\KULIAH\MAGANG\wisi-wise-web-odoo\odoo\orm\fields_relational.py", line 45, in __get__
    return super().__get__(records, owner)
           ^^^^^^^^^^^^^^^^^^^^^^^^^^^^^^^
  File "C:\Users\wadhi\OneDrive\Documents\KULIAH\MAGANG\wisi-wise-web-odoo\odoo\orm\fields.py", line 1746, in __get__
    self.compute_value(recs)
  File "C:\Users\wadhi\OneDrive\Documents\KULIAH\MAGANG\wisi-wise-web-odoo\odoo\orm\fields.py", line 1917, in compute_value
    records._compute_field_value(self)
  File "C:\Users\wadhi\OneDrive\Documents\KULIAH\MAGANG\wisi-wise-web-odoo\odoo\orm\models.py", line 4952, in _compute_field_value
    determine(field.compute, self)
  File "C:\Users\wadhi\OneDrive\Documents\KULIAH\MAGANG\wisi-wise-web-odoo\odoo\orm\fields.py", line 81, in determine
    return needle(*args)
           ^^^^^^^^^^^^^
  File "c:\users\wadhi\onedrive\documents\kuliah\magang\wisi-wise-web-odoo\addons\hr\models\res_users.py", line 268, in _compute_company_employee
    employee.user_id: employee
    ^^^^^^^^^^^^^^^^
  File "C:\Users\wadhi\OneDrive\Documents\KULIAH\MAGANG\wisi-wise-web-odoo\odoo\orm\fields_relational.py", line 45, in __get__
    return super().__get__(records, owner)
           ^^^^^^^^^^^^^^^^^^^^^^^^^^^^^^^
  File "C:\Users\wadhi\OneDrive\Documents\KULIAH\MAGANG\wisi-wise-web-odoo\odoo\orm\fields.py", line 1702, in __get__
    recs._fetch_field(self)
  File "C:\Users\wadhi\OneDrive\Documents\KULIAH\MAGANG\wisi-wise-web-odoo\odoo\orm\models.py", line 3772, in _fetch_field
    self.fetch(fnames)
  File "c:\users\wadhi\onedrive\documents\kuliah\magang\wisi-wise-web-odoo\addons\hr\models\hr_employee.py", line 1109, in fetch
    return super().fetch(field_names)
           ^^^^^^^^^^^^^^^^^^^^^^^^^^
  File "C:\Users\wadhi\OneDrive\Documents\KULIAH\MAGANG\wisi-wise-web-odoo\odoo\orm\models.py", line 3812, in fetch
    fetched = self._fetch_query(query, fields_to_fetch)
              ^^^^^^^^^^^^^^^^^^^^^^^^^^^^^^^^^^^^^^^^^
  File "C:\Users\wadhi\OneDrive\Documents\KULIAH\MAGANG\wisi-wise-web-odoo\odoo\orm\models.py", line 3917, in _fetch_query
    rows = self.env.execute_query(query.select(*sql_terms))
           ^^^^^^^^^^^^^^^^^^^^^^^^^^^^^^^^^^^^^^^^^^^^^^^^
  File "C:\Users\wadhi\OneDrive\Documents\KULIAH\MAGANG\wisi-wise-web-odoo\odoo\orm\environments.py", line 534, in execute_query
    self.cr.execute(query)
  File "C:\Users\wadhi\OneDrive\Documents\KULIAH\MAGANG\wisi-wise-web-odoo\odoo\sql_db.py", line 433, in execute
    self._obj.execute(query, params)
psycopg2.errors.UndefinedColumn: column hr_employee.nip does not exist
LINE 1: ...ocation_id", "hr_employee"."today_location_name", "hr_employ...
                                                             ^

2026-02-26 08:31:33,786 35720 INFO wsi_2026 werkzeug: 127.0.0.1 - - [26/Feb/2026 08:31:33] "GET /odoo HTTP/1.1" 500 - 46 0.042 0.041
2026-02-26 08:31:35,850 35720 INFO wsi_2026 werkzeug: 127.0.0.1 - - [26/Feb/2026 08:31:35] "GET /web/service-worker.js HTTP/1.1" 200 - 1 0.002 0.003
2026-02-26 08:32:58,956 35720 INFO ? odoo.service.server: Initiating shutdown 
2026-02-26 08:32:58,956 35720 INFO ? odoo.service.server: Hit CTRL-C again or send a second signal to force the shutdown. 
2026-02-26 08:33:47,075 10252 WARNING ? odoo.tools.config: missing --http-interface/http_interface, using 0.0.0.0 by default, will change to 127.0.0.1 in 20.0 
2026-02-26 08:33:47,078 10252 INFO ? odoo: Odoo version 19.0 
2026-02-26 08:33:47,079 10252 INFO ? odoo: Using configuration file at c:\users\wadhi\onedrive\documents\kuliah\magang\wisi-wise-web-odoo\odoo.conf 
2026-02-26 08:33:47,079 10252 INFO ? odoo: addons paths: _NamespacePath(['C:\\Users\\wadhi\\OneDrive\\Documents\\KULIAH\\MAGANG\\wisi-wise-web-odoo\\odoo\\addons', 'C:\\Users\\wadhi\\AppData\\Local\\OpenERP S.A.\\Odoo\\addons\\19.0', 'c:\\users\\wadhi\\onedrive\\documents\\kuliah\\magang\\wisi-wise-web-odoo\\odoo\\addons', 'c:\\users\\wadhi\\onedrive\\documents\\kuliah\\magang\\wisi-wise-web-odoo\\addons', 'c:\\users\\wadhi\\onedrive\\documents\\kuliah\\magang\\wisi-wise-web-odoo\\custom_addons']) 
2026-02-26 08:33:47,079 10252 INFO ? odoo: database: odoo@localhost:5434 
2026-02-26 08:33:48,005 10252 INFO ? odoo.service.server: HTTP service (werkzeug) running on LAPTOP-B7F6P6QO:8069 
2026-02-26 08:33:49,690 10252 INFO ? odoo.modules.loading: loading 1 modules... 
2026-02-26 08:33:49,698 10252 INFO ? odoo.modules.loading: 1 modules loaded in 0.01s, 0 queries (+0 extra) 
2026-02-26 08:33:49,744 10252 WARNING ? odoo.modules.module: Missing `license` key in manifest for 'wsi_hr_employee', defaulting to LGPL-3 
2026-02-26 08:33:49,759 10252 INFO ? odoo.modules.loading: loading 51 modules... 
2026-02-26 08:33:51,383 10252 INFO ? odoo.modules.loading: 51 modules loaded in 1.62s, 0 queries (+0 extra) 
2026-02-26 08:33:51,587 10252 INFO ? odoo.modules.loading: Modules loaded. 
2026-02-26 08:33:51,640 10252 INFO ? odoo.registry: Registry loaded in 2.018s 
2026-02-26 08:33:51,645 10252 INFO wsi_2026 odoo.addons.base.models.ir_http: Generating routing map for key None 
2026-02-26 08:33:51,796 10252 ERROR wsi_2026 odoo.sql_db: bad query: b'SELECT "hr_employee"."id", "hr_employee"."resource_id", "hr_employee"."company_id", "hr_employee"."message_main_attachment_id", "hr_employee"."current_version_id", "hr_employee"."name", "hr_employee"."user_id", "hr_employee"."active", "hr_employee"."work_phone", "hr_employee"."mobile_phone", "hr_employee"."work_email", "hr_employee"."work_contact_id", "hr_employee"."legal_name", "hr_employee"."private_phone", "hr_employee"."private_email", "hr_employee"."lang", "hr_employee"."place_of_birth", "hr_employee"."country_of_birth", "hr_employee"."birthday", "hr_employee"."birthday_public_display", "hr_employee"."salary_distribution", "hr_employee"."permit_no", "hr_employee"."visa_no", "hr_employee"."visa_expire", "hr_employee"."work_permit_expiration_date", "hr_employee"."work_permit_scheduled_activity", "hr_employee"."certificate", "hr_employee"."study_field", "hr_employee"."study_school", "hr_employee"."emergency_contact", "hr_employee"."emergency_phone", "hr_employee"."parent_id", "hr_employee"."coach_id", "hr_employee"."color", "hr_employee"."barcode", "hr_employee"."pin", "hr_employee"."private_car_plate", "hr_employee"."create_uid", "hr_employee"."create_date", "hr_employee"."write_uid", "hr_employee"."write_date", "hr_employee"."attendance_manager_id", "hr_employee"."last_attendance_id", "hr_employee"."last_check_in", "hr_employee"."last_check_out", "hr_employee"."leave_manager_id", "hr_employee"."monday_location_id", "hr_employee"."tuesday_location_id", "hr_employee"."wednesday_location_id", "hr_employee"."thursday_location_id", "hr_employee"."friday_location_id", "hr_employee"."saturday_location_id", "hr_employee"."sunday_location_id", "hr_employee"."today_location_name", "hr_employee"."nomor_ip", "hr_employee"."nomor_bpjs", "hr_employee"."akun_sosmed" FROM "hr_employee" WHERE "hr_employee"."id" IN (1)'
ERROR: column hr_employee.nomor_ip does not exist
LINE 1: ...ocation_id", "hr_employee"."today_location_name", "hr_employ...
                                                             ^
HINT:  Perhaps you meant to reference the column "hr_employee.nomor_bpjs".
 
2026-02-26 08:33:51,799 10252 ERROR wsi_2026 odoo.http: Exception during request handling. 
Traceback (most recent call last):
  File "C:\Users\wadhi\OneDrive\Documents\KULIAH\MAGANG\wisi-wise-web-odoo\odoo\http.py", line 2800, in __call__
    response = request._serve_db()
               ^^^^^^^^^^^^^^^^^^^
  File "C:\Users\wadhi\OneDrive\Documents\KULIAH\MAGANG\wisi-wise-web-odoo\odoo\http.py", line 2275, in _serve_db
    raise self._update_served_exception(exc)
  File "C:\Users\wadhi\OneDrive\Documents\KULIAH\MAGANG\wisi-wise-web-odoo\odoo\http.py", line 2273, in _serve_db
    return service_model.retrying(serve_func, env=self.env)
           ^^^^^^^^^^^^^^^^^^^^^^^^^^^^^^^^^^^^^^^^^^^^^^^^
  File "C:\Users\wadhi\OneDrive\Documents\KULIAH\MAGANG\wisi-wise-web-odoo\odoo\service\model.py", line 185, in retrying
    result = func()
             ^^^^^^
  File "C:\Users\wadhi\OneDrive\Documents\KULIAH\MAGANG\wisi-wise-web-odoo\odoo\http.py", line 2328, in _serve_ir_http
    response = self.dispatcher.dispatch(rule.endpoint, args)
               ^^^^^^^^^^^^^^^^^^^^^^^^^^^^^^^^^^^^^^^^^^^^^
  File "C:\Users\wadhi\OneDrive\Documents\KULIAH\MAGANG\wisi-wise-web-odoo\odoo\http.py", line 2450, in dispatch
    return self.request.registry['ir.http']._dispatch(endpoint)
           ^^^^^^^^^^^^^^^^^^^^^^^^^^^^^^^^^^^^^^^^^^^^^^^^^^^^
  File "C:\Users\wadhi\OneDrive\Documents\KULIAH\MAGANG\wisi-wise-web-odoo\odoo\addons\base\models\ir_http.py", line 355, in _dispatch
    result = endpoint(**request.params)
             ^^^^^^^^^^^^^^^^^^^^^^^^^^
  File "C:\Users\wadhi\OneDrive\Documents\KULIAH\MAGANG\wisi-wise-web-odoo\odoo\http.py", line 788, in route_wrapper
    result = endpoint(self, *args, **params_ok)
             ^^^^^^^^^^^^^^^^^^^^^^^^^^^^^^^^^^
  File "c:\users\wadhi\onedrive\documents\kuliah\magang\wisi-wise-web-odoo\addons\portal\controllers\web.py", line 27, in web_client
    return super().web_client(s_action, **kw)
           ^^^^^^^^^^^^^^^^^^^^^^^^^^^^^^^^^^
  File "C:\Users\wadhi\OneDrive\Documents\KULIAH\MAGANG\wisi-wise-web-odoo\odoo\http.py", line 788, in route_wrapper
    result = endpoint(self, *args, **params_ok)
             ^^^^^^^^^^^^^^^^^^^^^^^^^^^^^^^^^^
  File "c:\users\wadhi\onedrive\documents\kuliah\magang\wisi-wise-web-odoo\addons\web\controllers\home.py", line 68, in web_client
    context = request.env['ir.http'].webclient_rendering_context()
              ^^^^^^^^^^^^^^^^^^^^^^^^^^^^^^^^^^^^^^^^^^^^^^^^^^^^
  File "c:\users\wadhi\onedrive\documents\kuliah\magang\wisi-wise-web-odoo\addons\web\models\ir_http.py", line 69, in webclient_rendering_context
    'session_info': self.session_info(),
                    ^^^^^^^^^^^^^^^^^^^
  File "c:\users\wadhi\onedrive\documents\kuliah\magang\wisi-wise-web-odoo\addons\partner_autocomplete\models\ir_http.py", line 12, in session_info
    session_info = super().session_info()
                   ^^^^^^^^^^^^^^^^^^^^^^
  File "c:\users\wadhi\onedrive\documents\kuliah\magang\wisi-wise-web-odoo\addons\mail\models\ir_http.py", line 22, in session_info
    ResUsers._init_store_data(store)
  File "c:\users\wadhi\onedrive\documents\kuliah\magang\wisi-wise-web-odoo\addons\mail\models\discuss\res_users.py", line 57, in _init_store_data
    super()._init_store_data(store)
  File "c:\users\wadhi\onedrive\documents\kuliah\magang\wisi-wise-web-odoo\addons\mail\models\res_users.py", line 398, in _init_store_data
    store.add_global_values(
  File "c:\users\wadhi\onedrive\documents\kuliah\magang\wisi-wise-web-odoo\addons\mail\tools\discuss.py", line 132, in add_global_values
    self.add_singleton_values("Store", values)
  File "c:\users\wadhi\onedrive\documents\kuliah\magang\wisi-wise-web-odoo\addons\mail\tools\discuss.py", line 181, in add_singleton_values
    self._add_values(values, model_name)
  File "c:\users\wadhi\onedrive\documents\kuliah\magang\wisi-wise-web-odoo\addons\mail\tools\discuss.py", line 232, in _add_values
    val._add_to_store(self, target, key)
  File "c:\users\wadhi\onedrive\documents\kuliah\magang\wisi-wise-web-odoo\addons\mail\tools\discuss.py", line 479, in _add_to_store
    super()._add_to_store(store, target, key)
  File "c:\users\wadhi\onedrive\documents\kuliah\magang\wisi-wise-web-odoo\addons\mail\tools\discuss.py", line 447, in _add_to_store
    store.add(self.records, self.fields, as_thread=self.as_thread, **self.kwargs)
  File "c:\users\wadhi\onedrive\documents\kuliah\magang\wisi-wise-web-odoo\addons\mail\tools\discuss.py", line 124, in add
    self.add_records_fields(records, fields)
  File "c:\users\wadhi\onedrive\documents\kuliah\magang\wisi-wise-web-odoo\addons\mail\tools\discuss.py", line 162, in add_records_fields
    for record, record_data_list in zip(records, self._get_records_data_list(records, fields)):
                                                 ^^^^^^^^^^^^^^^^^^^^^^^^^^^^^^^^^^^^^^^^^^^^
  File "c:\users\wadhi\onedrive\documents\kuliah\magang\wisi-wise-web-odoo\addons\mail\tools\discuss.py", line 268, in _get_records_data_list
    for data_dict in records._read_format(
                     ^^^^^^^^^^^^^^^^^^^^^
  File "C:\Users\wadhi\OneDrive\Documents\KULIAH\MAGANG\wisi-wise-web-odoo\odoo\orm\models.py", line 3747, in _read_format
    vals[name] = convert(record[name], record, use_display_name)
                         ~~~~~~^^^^^^
  File "C:\Users\wadhi\OneDrive\Documents\KULIAH\MAGANG\wisi-wise-web-odoo\odoo\orm\models.py", line 6686, in __getitem__
    return self._fields[key].__get__(self)
           ^^^^^^^^^^^^^^^^^^^^^^^^^^^^^^^
  File "C:\Users\wadhi\OneDrive\Documents\KULIAH\MAGANG\wisi-wise-web-odoo\odoo\orm\fields.py", line 1746, in __get__
    self.compute_value(recs)
  File "C:\Users\wadhi\OneDrive\Documents\KULIAH\MAGANG\wisi-wise-web-odoo\odoo\orm\fields.py", line 1917, in compute_value
    records._compute_field_value(self)
  File "c:\users\wadhi\onedrive\documents\kuliah\magang\wisi-wise-web-odoo\addons\mail\models\mail_thread.py", line 483, in _compute_field_value
    return super()._compute_field_value(field)
           ^^^^^^^^^^^^^^^^^^^^^^^^^^^^^^^^^^^
  File "C:\Users\wadhi\OneDrive\Documents\KULIAH\MAGANG\wisi-wise-web-odoo\odoo\orm\models.py", line 4952, in _compute_field_value
    determine(field.compute, self)
  File "C:\Users\wadhi\OneDrive\Documents\KULIAH\MAGANG\wisi-wise-web-odoo\odoo\orm\fields.py", line 81, in determine
    return needle(*args)
           ^^^^^^^^^^^^^
  File "c:\users\wadhi\onedrive\documents\kuliah\magang\wisi-wise-web-odoo\addons\hr_homeworking\models\res_partner.py", line 13, in _compute_im_status
    location_type = user[dayfield].location_type
                    ~~~~^^^^^^^^^^
  File "C:\Users\wadhi\OneDrive\Documents\KULIAH\MAGANG\wisi-wise-web-odoo\odoo\orm\models.py", line 6686, in __getitem__
    return self._fields[key].__get__(self)
           ^^^^^^^^^^^^^^^^^^^^^^^^^^^^^^^
  File "C:\Users\wadhi\OneDrive\Documents\KULIAH\MAGANG\wisi-wise-web-odoo\odoo\orm\fields_relational.py", line 45, in __get__
    return super().__get__(records, owner)
           ^^^^^^^^^^^^^^^^^^^^^^^^^^^^^^^
  File "C:\Users\wadhi\OneDrive\Documents\KULIAH\MAGANG\wisi-wise-web-odoo\odoo\orm\fields.py", line 1746, in __get__
    self.compute_value(recs)
  File "C:\Users\wadhi\OneDrive\Documents\KULIAH\MAGANG\wisi-wise-web-odoo\odoo\orm\fields.py", line 1917, in compute_value
    records._compute_field_value(self)
  File "C:\Users\wadhi\OneDrive\Documents\KULIAH\MAGANG\wisi-wise-web-odoo\odoo\orm\models.py", line 4952, in _compute_field_value
    determine(field.compute, self)
  File "C:\Users\wadhi\OneDrive\Documents\KULIAH\MAGANG\wisi-wise-web-odoo\odoo\orm\fields.py", line 84, in determine
    return needle(records, *args)
           ^^^^^^^^^^^^^^^^^^^^^^
  File "C:\Users\wadhi\OneDrive\Documents\KULIAH\MAGANG\wisi-wise-web-odoo\odoo\orm\fields.py", line 708, in _compute_related
    values = [next(iter(val := value[name]), val) for value in values]
                               ~~~~~^^^^^^
  File "C:\Users\wadhi\OneDrive\Documents\KULIAH\MAGANG\wisi-wise-web-odoo\odoo\orm\models.py", line 6686, in __getitem__
    return self._fields[key].__get__(self)
           ^^^^^^^^^^^^^^^^^^^^^^^^^^^^^^^
  File "C:\Users\wadhi\OneDrive\Documents\KULIAH\MAGANG\wisi-wise-web-odoo\odoo\orm\fields_relational.py", line 45, in __get__
    return super().__get__(records, owner)
           ^^^^^^^^^^^^^^^^^^^^^^^^^^^^^^^
  File "C:\Users\wadhi\OneDrive\Documents\KULIAH\MAGANG\wisi-wise-web-odoo\odoo\orm\fields.py", line 1746, in __get__
    self.compute_value(recs)
  File "C:\Users\wadhi\OneDrive\Documents\KULIAH\MAGANG\wisi-wise-web-odoo\odoo\orm\fields.py", line 1917, in compute_value
    records._compute_field_value(self)
  File "C:\Users\wadhi\OneDrive\Documents\KULIAH\MAGANG\wisi-wise-web-odoo\odoo\orm\models.py", line 4952, in _compute_field_value
    determine(field.compute, self)
  File "C:\Users\wadhi\OneDrive\Documents\KULIAH\MAGANG\wisi-wise-web-odoo\odoo\orm\fields.py", line 81, in determine
    return needle(*args)
           ^^^^^^^^^^^^^
  File "c:\users\wadhi\onedrive\documents\kuliah\magang\wisi-wise-web-odoo\addons\hr\models\res_users.py", line 268, in _compute_company_employee
    employee.user_id: employee
    ^^^^^^^^^^^^^^^^
  File "C:\Users\wadhi\OneDrive\Documents\KULIAH\MAGANG\wisi-wise-web-odoo\odoo\orm\fields_relational.py", line 45, in __get__
    return super().__get__(records, owner)
           ^^^^^^^^^^^^^^^^^^^^^^^^^^^^^^^
  File "C:\Users\wadhi\OneDrive\Documents\KULIAH\MAGANG\wisi-wise-web-odoo\odoo\orm\fields.py", line 1702, in __get__
    recs._fetch_field(self)
  File "C:\Users\wadhi\OneDrive\Documents\KULIAH\MAGANG\wisi-wise-web-odoo\odoo\orm\models.py", line 3772, in _fetch_field
    self.fetch(fnames)
  File "c:\users\wadhi\onedrive\documents\kuliah\magang\wisi-wise-web-odoo\addons\hr\models\hr_employee.py", line 1109, in fetch
    return super().fetch(field_names)
           ^^^^^^^^^^^^^^^^^^^^^^^^^^
  File "C:\Users\wadhi\OneDrive\Documents\KULIAH\MAGANG\wisi-wise-web-odoo\odoo\orm\models.py", line 3812, in fetch
    fetched = self._fetch_query(query, fields_to_fetch)
              ^^^^^^^^^^^^^^^^^^^^^^^^^^^^^^^^^^^^^^^^^
  File "C:\Users\wadhi\OneDrive\Documents\KULIAH\MAGANG\wisi-wise-web-odoo\odoo\orm\models.py", line 3917, in _fetch_query
    rows = self.env.execute_query(query.select(*sql_terms))
           ^^^^^^^^^^^^^^^^^^^^^^^^^^^^^^^^^^^^^^^^^^^^^^^^
  File "C:\Users\wadhi\OneDrive\Documents\KULIAH\MAGANG\wisi-wise-web-odoo\odoo\orm\environments.py", line 534, in execute_query
    self.cr.execute(query)
  File "C:\Users\wadhi\OneDrive\Documents\KULIAH\MAGANG\wisi-wise-web-odoo\odoo\sql_db.py", line 433, in execute
    self._obj.execute(query, params)
psycopg2.errors.UndefinedColumn: column hr_employee.nomor_ip does not exist
LINE 1: ...ocation_id", "hr_employee"."today_location_name", "hr_employ...
                                                             ^
HINT:  Perhaps you meant to reference the column "hr_employee.nomor_bpjs".

2026-02-26 08:33:51,821 10252 INFO wsi_2026 werkzeug: 127.0.0.1 - - [26/Feb/2026 08:33:51] "GET /odoo HTTP/1.1" 500 - 74 0.113 2.087
2026-02-26 08:33:53,850 10252 INFO wsi_2026 werkzeug: 127.0.0.1 - - [26/Feb/2026 08:33:53] "GET /web/service-worker.js HTTP/1.1" 200 - 1 0.004 0.006
2026-02-26 08:34:11,823 10252 ERROR wsi_2026 odoo.sql_db: bad query: b'SELECT "hr_employee"."id", "hr_employee"."resource_id", "hr_employee"."company_id", "hr_employee"."message_main_attachment_id", "hr_employee"."current_version_id", "hr_employee"."name", "hr_employee"."user_id", "hr_employee"."active", "hr_employee"."work_phone", "hr_employee"."mobile_phone", "hr_employee"."work_email", "hr_employee"."work_contact_id", "hr_employee"."legal_name", "hr_employee"."private_phone", "hr_employee"."private_email", "hr_employee"."lang", "hr_employee"."place_of_birth", "hr_employee"."country_of_birth", "hr_employee"."birthday", "hr_employee"."birthday_public_display", "hr_employee"."salary_distribution", "hr_employee"."permit_no", "hr_employee"."visa_no", "hr_employee"."visa_expire", "hr_employee"."work_permit_expiration_date", "hr_employee"."work_permit_scheduled_activity", "hr_employee"."certificate", "hr_employee"."study_field", "hr_employee"."study_school", "hr_employee"."emergency_contact", "hr_employee"."emergency_phone", "hr_employee"."parent_id", "hr_employee"."coach_id", "hr_employee"."color", "hr_employee"."barcode", "hr_employee"."pin", "hr_employee"."private_car_plate", "hr_employee"."create_uid", "hr_employee"."create_date", "hr_employee"."write_uid", "hr_employee"."write_date", "hr_employee"."attendance_manager_id", "hr_employee"."last_attendance_id", "hr_employee"."last_check_in", "hr_employee"."last_check_out", "hr_employee"."leave_manager_id", "hr_employee"."monday_location_id", "hr_employee"."tuesday_location_id", "hr_employee"."wednesday_location_id", "hr_employee"."thursday_location_id", "hr_employee"."friday_location_id", "hr_employee"."saturday_location_id", "hr_employee"."sunday_location_id", "hr_employee"."today_location_name", "hr_employee"."nomor_ip", "hr_employee"."nomor_bpjs", "hr_employee"."akun_sosmed" FROM "hr_employee" WHERE "hr_employee"."id" IN (1)'
ERROR: column hr_employee.nomor_ip does not exist
LINE 1: ...ocation_id", "hr_employee"."today_location_name", "hr_employ...
                                                             ^
HINT:  Perhaps you meant to reference the column "hr_employee.nomor_bpjs".
 
2026-02-26 08:34:11,825 10252 ERROR wsi_2026 odoo.http: Exception during request handling. 
Traceback (most recent call last):
  File "C:\Users\wadhi\OneDrive\Documents\KULIAH\MAGANG\wisi-wise-web-odoo\odoo\http.py", line 2800, in __call__
    response = request._serve_db()
               ^^^^^^^^^^^^^^^^^^^
  File "C:\Users\wadhi\OneDrive\Documents\KULIAH\MAGANG\wisi-wise-web-odoo\odoo\http.py", line 2275, in _serve_db
    raise self._update_served_exception(exc)
  File "C:\Users\wadhi\OneDrive\Documents\KULIAH\MAGANG\wisi-wise-web-odoo\odoo\http.py", line 2273, in _serve_db
    return service_model.retrying(serve_func, env=self.env)
           ^^^^^^^^^^^^^^^^^^^^^^^^^^^^^^^^^^^^^^^^^^^^^^^^
  File "C:\Users\wadhi\OneDrive\Documents\KULIAH\MAGANG\wisi-wise-web-odoo\odoo\service\model.py", line 185, in retrying
    result = func()
             ^^^^^^
  File "C:\Users\wadhi\OneDrive\Documents\KULIAH\MAGANG\wisi-wise-web-odoo\odoo\http.py", line 2328, in _serve_ir_http
    response = self.dispatcher.dispatch(rule.endpoint, args)
               ^^^^^^^^^^^^^^^^^^^^^^^^^^^^^^^^^^^^^^^^^^^^^
  File "C:\Users\wadhi\OneDrive\Documents\KULIAH\MAGANG\wisi-wise-web-odoo\odoo\http.py", line 2450, in dispatch
    return self.request.registry['ir.http']._dispatch(endpoint)
           ^^^^^^^^^^^^^^^^^^^^^^^^^^^^^^^^^^^^^^^^^^^^^^^^^^^^
  File "C:\Users\wadhi\OneDrive\Documents\KULIAH\MAGANG\wisi-wise-web-odoo\odoo\addons\base\models\ir_http.py", line 355, in _dispatch
    result = endpoint(**request.params)
             ^^^^^^^^^^^^^^^^^^^^^^^^^^
  File "C:\Users\wadhi\OneDrive\Documents\KULIAH\MAGANG\wisi-wise-web-odoo\odoo\http.py", line 788, in route_wrapper
    result = endpoint(self, *args, **params_ok)
             ^^^^^^^^^^^^^^^^^^^^^^^^^^^^^^^^^^
  File "c:\users\wadhi\onedrive\documents\kuliah\magang\wisi-wise-web-odoo\addons\portal\controllers\web.py", line 27, in web_client
    return super().web_client(s_action, **kw)
           ^^^^^^^^^^^^^^^^^^^^^^^^^^^^^^^^^^
  File "C:\Users\wadhi\OneDrive\Documents\KULIAH\MAGANG\wisi-wise-web-odoo\odoo\http.py", line 788, in route_wrapper
    result = endpoint(self, *args, **params_ok)
             ^^^^^^^^^^^^^^^^^^^^^^^^^^^^^^^^^^
  File "c:\users\wadhi\onedrive\documents\kuliah\magang\wisi-wise-web-odoo\addons\web\controllers\home.py", line 68, in web_client
    context = request.env['ir.http'].webclient_rendering_context()
              ^^^^^^^^^^^^^^^^^^^^^^^^^^^^^^^^^^^^^^^^^^^^^^^^^^^^
  File "c:\users\wadhi\onedrive\documents\kuliah\magang\wisi-wise-web-odoo\addons\web\models\ir_http.py", line 69, in webclient_rendering_context
    'session_info': self.session_info(),
                    ^^^^^^^^^^^^^^^^^^^
  File "c:\users\wadhi\onedrive\documents\kuliah\magang\wisi-wise-web-odoo\addons\partner_autocomplete\models\ir_http.py", line 12, in session_info
    session_info = super().session_info()
                   ^^^^^^^^^^^^^^^^^^^^^^
  File "c:\users\wadhi\onedrive\documents\kuliah\magang\wisi-wise-web-odoo\addons\mail\models\ir_http.py", line 22, in session_info
    ResUsers._init_store_data(store)
  File "c:\users\wadhi\onedrive\documents\kuliah\magang\wisi-wise-web-odoo\addons\mail\models\discuss\res_users.py", line 57, in _init_store_data
    super()._init_store_data(store)
  File "c:\users\wadhi\onedrive\documents\kuliah\magang\wisi-wise-web-odoo\addons\mail\models\res_users.py", line 398, in _init_store_data
    store.add_global_values(
  File "c:\users\wadhi\onedrive\documents\kuliah\magang\wisi-wise-web-odoo\addons\mail\tools\discuss.py", line 132, in add_global_values
    self.add_singleton_values("Store", values)
  File "c:\users\wadhi\onedrive\documents\kuliah\magang\wisi-wise-web-odoo\addons\mail\tools\discuss.py", line 181, in add_singleton_values
    self._add_values(values, model_name)
  File "c:\users\wadhi\onedrive\documents\kuliah\magang\wisi-wise-web-odoo\addons\mail\tools\discuss.py", line 232, in _add_values
    val._add_to_store(self, target, key)
  File "c:\users\wadhi\onedrive\documents\kuliah\magang\wisi-wise-web-odoo\addons\mail\tools\discuss.py", line 479, in _add_to_store
    super()._add_to_store(store, target, key)
  File "c:\users\wadhi\onedrive\documents\kuliah\magang\wisi-wise-web-odoo\addons\mail\tools\discuss.py", line 447, in _add_to_store
    store.add(self.records, self.fields, as_thread=self.as_thread, **self.kwargs)
  File "c:\users\wadhi\onedrive\documents\kuliah\magang\wisi-wise-web-odoo\addons\mail\tools\discuss.py", line 124, in add
    self.add_records_fields(records, fields)
  File "c:\users\wadhi\onedrive\documents\kuliah\magang\wisi-wise-web-odoo\addons\mail\tools\discuss.py", line 162, in add_records_fields
    for record, record_data_list in zip(records, self._get_records_data_list(records, fields)):
                                                 ^^^^^^^^^^^^^^^^^^^^^^^^^^^^^^^^^^^^^^^^^^^^
  File "c:\users\wadhi\onedrive\documents\kuliah\magang\wisi-wise-web-odoo\addons\mail\tools\discuss.py", line 268, in _get_records_data_list
    for data_dict in records._read_format(
                     ^^^^^^^^^^^^^^^^^^^^^
  File "C:\Users\wadhi\OneDrive\Documents\KULIAH\MAGANG\wisi-wise-web-odoo\odoo\orm\models.py", line 3747, in _read_format
    vals[name] = convert(record[name], record, use_display_name)
                         ~~~~~~^^^^^^
  File "C:\Users\wadhi\OneDrive\Documents\KULIAH\MAGANG\wisi-wise-web-odoo\odoo\orm\models.py", line 6686, in __getitem__
    return self._fields[key].__get__(self)
           ^^^^^^^^^^^^^^^^^^^^^^^^^^^^^^^
  File "C:\Users\wadhi\OneDrive\Documents\KULIAH\MAGANG\wisi-wise-web-odoo\odoo\orm\fields.py", line 1746, in __get__
    self.compute_value(recs)
  File "C:\Users\wadhi\OneDrive\Documents\KULIAH\MAGANG\wisi-wise-web-odoo\odoo\orm\fields.py", line 1917, in compute_value
    records._compute_field_value(self)
  File "c:\users\wadhi\onedrive\documents\kuliah\magang\wisi-wise-web-odoo\addons\mail\models\mail_thread.py", line 483, in _compute_field_value
    return super()._compute_field_value(field)
           ^^^^^^^^^^^^^^^^^^^^^^^^^^^^^^^^^^^
  File "C:\Users\wadhi\OneDrive\Documents\KULIAH\MAGANG\wisi-wise-web-odoo\odoo\orm\models.py", line 4952, in _compute_field_value
    determine(field.compute, self)
  File "C:\Users\wadhi\OneDrive\Documents\KULIAH\MAGANG\wisi-wise-web-odoo\odoo\orm\fields.py", line 81, in determine
    return needle(*args)
           ^^^^^^^^^^^^^
  File "c:\users\wadhi\onedrive\documents\kuliah\magang\wisi-wise-web-odoo\addons\hr_homeworking\models\res_partner.py", line 13, in _compute_im_status
    location_type = user[dayfield].location_type
                    ~~~~^^^^^^^^^^
  File "C:\Users\wadhi\OneDrive\Documents\KULIAH\MAGANG\wisi-wise-web-odoo\odoo\orm\models.py", line 6686, in __getitem__
    return self._fields[key].__get__(self)
           ^^^^^^^^^^^^^^^^^^^^^^^^^^^^^^^
  File "C:\Users\wadhi\OneDrive\Documents\KULIAH\MAGANG\wisi-wise-web-odoo\odoo\orm\fields_relational.py", line 45, in __get__
    return super().__get__(records, owner)
           ^^^^^^^^^^^^^^^^^^^^^^^^^^^^^^^
  File "C:\Users\wadhi\OneDrive\Documents\KULIAH\MAGANG\wisi-wise-web-odoo\odoo\orm\fields.py", line 1746, in __get__
    self.compute_value(recs)
  File "C:\Users\wadhi\OneDrive\Documents\KULIAH\MAGANG\wisi-wise-web-odoo\odoo\orm\fields.py", line 1917, in compute_value
    records._compute_field_value(self)
  File "C:\Users\wadhi\OneDrive\Documents\KULIAH\MAGANG\wisi-wise-web-odoo\odoo\orm\models.py", line 4952, in _compute_field_value
    determine(field.compute, self)
  File "C:\Users\wadhi\OneDrive\Documents\KULIAH\MAGANG\wisi-wise-web-odoo\odoo\orm\fields.py", line 84, in determine
    return needle(records, *args)
           ^^^^^^^^^^^^^^^^^^^^^^
  File "C:\Users\wadhi\OneDrive\Documents\KULIAH\MAGANG\wisi-wise-web-odoo\odoo\orm\fields.py", line 708, in _compute_related
    values = [next(iter(val := value[name]), val) for value in values]
                               ~~~~~^^^^^^
  File "C:\Users\wadhi\OneDrive\Documents\KULIAH\MAGANG\wisi-wise-web-odoo\odoo\orm\models.py", line 6686, in __getitem__
    return self._fields[key].__get__(self)
           ^^^^^^^^^^^^^^^^^^^^^^^^^^^^^^^
  File "C:\Users\wadhi\OneDrive\Documents\KULIAH\MAGANG\wisi-wise-web-odoo\odoo\orm\fields_relational.py", line 45, in __get__
    return super().__get__(records, owner)
           ^^^^^^^^^^^^^^^^^^^^^^^^^^^^^^^
  File "C:\Users\wadhi\OneDrive\Documents\KULIAH\MAGANG\wisi-wise-web-odoo\odoo\orm\fields.py", line 1746, in __get__
    self.compute_value(recs)
  File "C:\Users\wadhi\OneDrive\Documents\KULIAH\MAGANG\wisi-wise-web-odoo\odoo\orm\fields.py", line 1917, in compute_value
    records._compute_field_value(self)
  File "C:\Users\wadhi\OneDrive\Documents\KULIAH\MAGANG\wisi-wise-web-odoo\odoo\orm\models.py", line 4952, in _compute_field_value
    determine(field.compute, self)
  File "C:\Users\wadhi\OneDrive\Documents\KULIAH\MAGANG\wisi-wise-web-odoo\odoo\orm\fields.py", line 81, in determine
    return needle(*args)
           ^^^^^^^^^^^^^
  File "c:\users\wadhi\onedrive\documents\kuliah\magang\wisi-wise-web-odoo\addons\hr\models\res_users.py", line 268, in _compute_company_employee
    employee.user_id: employee
    ^^^^^^^^^^^^^^^^
  File "C:\Users\wadhi\OneDrive\Documents\KULIAH\MAGANG\wisi-wise-web-odoo\odoo\orm\fields_relational.py", line 45, in __get__
    return super().__get__(records, owner)
           ^^^^^^^^^^^^^^^^^^^^^^^^^^^^^^^
  File "C:\Users\wadhi\OneDrive\Documents\KULIAH\MAGANG\wisi-wise-web-odoo\odoo\orm\fields.py", line 1702, in __get__
    recs._fetch_field(self)
  File "C:\Users\wadhi\OneDrive\Documents\KULIAH\MAGANG\wisi-wise-web-odoo\odoo\orm\models.py", line 3772, in _fetch_field
    self.fetch(fnames)
  File "c:\users\wadhi\onedrive\documents\kuliah\magang\wisi-wise-web-odoo\addons\hr\models\hr_employee.py", line 1109, in fetch
    return super().fetch(field_names)
           ^^^^^^^^^^^^^^^^^^^^^^^^^^
  File "C:\Users\wadhi\OneDrive\Documents\KULIAH\MAGANG\wisi-wise-web-odoo\odoo\orm\models.py", line 3812, in fetch
    fetched = self._fetch_query(query, fields_to_fetch)
              ^^^^^^^^^^^^^^^^^^^^^^^^^^^^^^^^^^^^^^^^^
  File "C:\Users\wadhi\OneDrive\Documents\KULIAH\MAGANG\wisi-wise-web-odoo\odoo\orm\models.py", line 3917, in _fetch_query
    rows = self.env.execute_query(query.select(*sql_terms))
           ^^^^^^^^^^^^^^^^^^^^^^^^^^^^^^^^^^^^^^^^^^^^^^^^
  File "C:\Users\wadhi\OneDrive\Documents\KULIAH\MAGANG\wisi-wise-web-odoo\odoo\orm\environments.py", line 534, in execute_query
    self.cr.execute(query)
  File "C:\Users\wadhi\OneDrive\Documents\KULIAH\MAGANG\wisi-wise-web-odoo\odoo\sql_db.py", line 433, in execute
    self._obj.execute(query, params)
psycopg2.errors.UndefinedColumn: column hr_employee.nomor_ip does not exist
LINE 1: ...ocation_id", "hr_employee"."today_location_name", "hr_employ...
                                                             ^
HINT:  Perhaps you meant to reference the column "hr_employee.nomor_bpjs".

2026-02-26 08:34:11,834 10252 INFO wsi_2026 werkzeug: 127.0.0.1 - - [26/Feb/2026 08:34:11] "GET /odoo HTTP/1.1" 500 - 22 0.029 0.041
2026-02-26 08:34:13,311 10252 ERROR wsi_2026 odoo.sql_db: bad query: b'SELECT "hr_employee"."id", "hr_employee"."resource_id", "hr_employee"."company_id", "hr_employee"."message_main_attachment_id", "hr_employee"."current_version_id", "hr_employee"."name", "hr_employee"."user_id", "hr_employee"."active", "hr_employee"."work_phone", "hr_employee"."mobile_phone", "hr_employee"."work_email", "hr_employee"."work_contact_id", "hr_employee"."legal_name", "hr_employee"."private_phone", "hr_employee"."private_email", "hr_employee"."lang", "hr_employee"."place_of_birth", "hr_employee"."country_of_birth", "hr_employee"."birthday", "hr_employee"."birthday_public_display", "hr_employee"."salary_distribution", "hr_employee"."permit_no", "hr_employee"."visa_no", "hr_employee"."visa_expire", "hr_employee"."work_permit_expiration_date", "hr_employee"."work_permit_scheduled_activity", "hr_employee"."certificate", "hr_employee"."study_field", "hr_employee"."study_school", "hr_employee"."emergency_contact", "hr_employee"."emergency_phone", "hr_employee"."parent_id", "hr_employee"."coach_id", "hr_employee"."color", "hr_employee"."barcode", "hr_employee"."pin", "hr_employee"."private_car_plate", "hr_employee"."create_uid", "hr_employee"."create_date", "hr_employee"."write_uid", "hr_employee"."write_date", "hr_employee"."attendance_manager_id", "hr_employee"."last_attendance_id", "hr_employee"."last_check_in", "hr_employee"."last_check_out", "hr_employee"."leave_manager_id", "hr_employee"."monday_location_id", "hr_employee"."tuesday_location_id", "hr_employee"."wednesday_location_id", "hr_employee"."thursday_location_id", "hr_employee"."friday_location_id", "hr_employee"."saturday_location_id", "hr_employee"."sunday_location_id", "hr_employee"."today_location_name", "hr_employee"."nomor_ip", "hr_employee"."nomor_bpjs", "hr_employee"."akun_sosmed" FROM "hr_employee" WHERE "hr_employee"."id" IN (1)'
ERROR: column hr_employee.nomor_ip does not exist
LINE 1: ...ocation_id", "hr_employee"."today_location_name", "hr_employ...
                                                             ^
HINT:  Perhaps you meant to reference the column "hr_employee.nomor_bpjs".
 
2026-02-26 08:34:13,312 10252 ERROR wsi_2026 odoo.http: Exception during request handling. 
Traceback (most recent call last):
  File "C:\Users\wadhi\OneDrive\Documents\KULIAH\MAGANG\wisi-wise-web-odoo\odoo\http.py", line 2800, in __call__
    response = request._serve_db()
               ^^^^^^^^^^^^^^^^^^^
  File "C:\Users\wadhi\OneDrive\Documents\KULIAH\MAGANG\wisi-wise-web-odoo\odoo\http.py", line 2275, in _serve_db
    raise self._update_served_exception(exc)
  File "C:\Users\wadhi\OneDrive\Documents\KULIAH\MAGANG\wisi-wise-web-odoo\odoo\http.py", line 2273, in _serve_db
    return service_model.retrying(serve_func, env=self.env)
           ^^^^^^^^^^^^^^^^^^^^^^^^^^^^^^^^^^^^^^^^^^^^^^^^
  File "C:\Users\wadhi\OneDrive\Documents\KULIAH\MAGANG\wisi-wise-web-odoo\odoo\service\model.py", line 185, in retrying
    result = func()
             ^^^^^^
  File "C:\Users\wadhi\OneDrive\Documents\KULIAH\MAGANG\wisi-wise-web-odoo\odoo\http.py", line 2328, in _serve_ir_http
    response = self.dispatcher.dispatch(rule.endpoint, args)
               ^^^^^^^^^^^^^^^^^^^^^^^^^^^^^^^^^^^^^^^^^^^^^
  File "C:\Users\wadhi\OneDrive\Documents\KULIAH\MAGANG\wisi-wise-web-odoo\odoo\http.py", line 2450, in dispatch
    return self.request.registry['ir.http']._dispatch(endpoint)
           ^^^^^^^^^^^^^^^^^^^^^^^^^^^^^^^^^^^^^^^^^^^^^^^^^^^^
  File "C:\Users\wadhi\OneDrive\Documents\KULIAH\MAGANG\wisi-wise-web-odoo\odoo\addons\base\models\ir_http.py", line 355, in _dispatch
    result = endpoint(**request.params)
             ^^^^^^^^^^^^^^^^^^^^^^^^^^
  File "C:\Users\wadhi\OneDrive\Documents\KULIAH\MAGANG\wisi-wise-web-odoo\odoo\http.py", line 788, in route_wrapper
    result = endpoint(self, *args, **params_ok)
             ^^^^^^^^^^^^^^^^^^^^^^^^^^^^^^^^^^
  File "c:\users\wadhi\onedrive\documents\kuliah\magang\wisi-wise-web-odoo\addons\portal\controllers\web.py", line 27, in web_client
    return super().web_client(s_action, **kw)
           ^^^^^^^^^^^^^^^^^^^^^^^^^^^^^^^^^^
  File "C:\Users\wadhi\OneDrive\Documents\KULIAH\MAGANG\wisi-wise-web-odoo\odoo\http.py", line 788, in route_wrapper
    result = endpoint(self, *args, **params_ok)
             ^^^^^^^^^^^^^^^^^^^^^^^^^^^^^^^^^^
  File "c:\users\wadhi\onedrive\documents\kuliah\magang\wisi-wise-web-odoo\addons\web\controllers\home.py", line 68, in web_client
    context = request.env['ir.http'].webclient_rendering_context()
              ^^^^^^^^^^^^^^^^^^^^^^^^^^^^^^^^^^^^^^^^^^^^^^^^^^^^
  File "c:\users\wadhi\onedrive\documents\kuliah\magang\wisi-wise-web-odoo\addons\web\models\ir_http.py", line 69, in webclient_rendering_context
    'session_info': self.session_info(),
                    ^^^^^^^^^^^^^^^^^^^
  File "c:\users\wadhi\onedrive\documents\kuliah\magang\wisi-wise-web-odoo\addons\partner_autocomplete\models\ir_http.py", line 12, in session_info
    session_info = super().session_info()
                   ^^^^^^^^^^^^^^^^^^^^^^
  File "c:\users\wadhi\onedrive\documents\kuliah\magang\wisi-wise-web-odoo\addons\mail\models\ir_http.py", line 22, in session_info
    ResUsers._init_store_data(store)
  File "c:\users\wadhi\onedrive\documents\kuliah\magang\wisi-wise-web-odoo\addons\mail\models\discuss\res_users.py", line 57, in _init_store_data
    super()._init_store_data(store)
  File "c:\users\wadhi\onedrive\documents\kuliah\magang\wisi-wise-web-odoo\addons\mail\models\res_users.py", line 398, in _init_store_data
    store.add_global_values(
  File "c:\users\wadhi\onedrive\documents\kuliah\magang\wisi-wise-web-odoo\addons\mail\tools\discuss.py", line 132, in add_global_values
    self.add_singleton_values("Store", values)
  File "c:\users\wadhi\onedrive\documents\kuliah\magang\wisi-wise-web-odoo\addons\mail\tools\discuss.py", line 181, in add_singleton_values
    self._add_values(values, model_name)
  File "c:\users\wadhi\onedrive\documents\kuliah\magang\wisi-wise-web-odoo\addons\mail\tools\discuss.py", line 232, in _add_values
    val._add_to_store(self, target, key)
  File "c:\users\wadhi\onedrive\documents\kuliah\magang\wisi-wise-web-odoo\addons\mail\tools\discuss.py", line 479, in _add_to_store
    super()._add_to_store(store, target, key)
  File "c:\users\wadhi\onedrive\documents\kuliah\magang\wisi-wise-web-odoo\addons\mail\tools\discuss.py", line 447, in _add_to_store
    store.add(self.records, self.fields, as_thread=self.as_thread, **self.kwargs)
  File "c:\users\wadhi\onedrive\documents\kuliah\magang\wisi-wise-web-odoo\addons\mail\tools\discuss.py", line 124, in add
    self.add_records_fields(records, fields)
  File "c:\users\wadhi\onedrive\documents\kuliah\magang\wisi-wise-web-odoo\addons\mail\tools\discuss.py", line 162, in add_records_fields
    for record, record_data_list in zip(records, self._get_records_data_list(records, fields)):
                                                 ^^^^^^^^^^^^^^^^^^^^^^^^^^^^^^^^^^^^^^^^^^^^
  File "c:\users\wadhi\onedrive\documents\kuliah\magang\wisi-wise-web-odoo\addons\mail\tools\discuss.py", line 268, in _get_records_data_list
    for data_dict in records._read_format(
                     ^^^^^^^^^^^^^^^^^^^^^
  File "C:\Users\wadhi\OneDrive\Documents\KULIAH\MAGANG\wisi-wise-web-odoo\odoo\orm\models.py", line 3747, in _read_format
    vals[name] = convert(record[name], record, use_display_name)
                         ~~~~~~^^^^^^
  File "C:\Users\wadhi\OneDrive\Documents\KULIAH\MAGANG\wisi-wise-web-odoo\odoo\orm\models.py", line 6686, in __getitem__
    return self._fields[key].__get__(self)
           ^^^^^^^^^^^^^^^^^^^^^^^^^^^^^^^
  File "C:\Users\wadhi\OneDrive\Documents\KULIAH\MAGANG\wisi-wise-web-odoo\odoo\orm\fields.py", line 1746, in __get__
    self.compute_value(recs)
  File "C:\Users\wadhi\OneDrive\Documents\KULIAH\MAGANG\wisi-wise-web-odoo\odoo\orm\fields.py", line 1917, in compute_value
    records._compute_field_value(self)
  File "c:\users\wadhi\onedrive\documents\kuliah\magang\wisi-wise-web-odoo\addons\mail\models\mail_thread.py", line 483, in _compute_field_value
    return super()._compute_field_value(field)
           ^^^^^^^^^^^^^^^^^^^^^^^^^^^^^^^^^^^
  File "C:\Users\wadhi\OneDrive\Documents\KULIAH\MAGANG\wisi-wise-web-odoo\odoo\orm\models.py", line 4952, in _compute_field_value
    determine(field.compute, self)
  File "C:\Users\wadhi\OneDrive\Documents\KULIAH\MAGANG\wisi-wise-web-odoo\odoo\orm\fields.py", line 81, in determine
    return needle(*args)
           ^^^^^^^^^^^^^
  File "c:\users\wadhi\onedrive\documents\kuliah\magang\wisi-wise-web-odoo\addons\hr_homeworking\models\res_partner.py", line 13, in _compute_im_status
    location_type = user[dayfield].location_type
                    ~~~~^^^^^^^^^^
  File "C:\Users\wadhi\OneDrive\Documents\KULIAH\MAGANG\wisi-wise-web-odoo\odoo\orm\models.py", line 6686, in __getitem__
    return self._fields[key].__get__(self)
           ^^^^^^^^^^^^^^^^^^^^^^^^^^^^^^^
  File "C:\Users\wadhi\OneDrive\Documents\KULIAH\MAGANG\wisi-wise-web-odoo\odoo\orm\fields_relational.py", line 45, in __get__
    return super().__get__(records, owner)
           ^^^^^^^^^^^^^^^^^^^^^^^^^^^^^^^
  File "C:\Users\wadhi\OneDrive\Documents\KULIAH\MAGANG\wisi-wise-web-odoo\odoo\orm\fields.py", line 1746, in __get__
    self.compute_value(recs)
  File "C:\Users\wadhi\OneDrive\Documents\KULIAH\MAGANG\wisi-wise-web-odoo\odoo\orm\fields.py", line 1917, in compute_value
    records._compute_field_value(self)
  File "C:\Users\wadhi\OneDrive\Documents\KULIAH\MAGANG\wisi-wise-web-odoo\odoo\orm\models.py", line 4952, in _compute_field_value
    determine(field.compute, self)
  File "C:\Users\wadhi\OneDrive\Documents\KULIAH\MAGANG\wisi-wise-web-odoo\odoo\orm\fields.py", line 84, in determine
    return needle(records, *args)
           ^^^^^^^^^^^^^^^^^^^^^^
  File "C:\Users\wadhi\OneDrive\Documents\KULIAH\MAGANG\wisi-wise-web-odoo\odoo\orm\fields.py", line 708, in _compute_related
    values = [next(iter(val := value[name]), val) for value in values]
                               ~~~~~^^^^^^
  File "C:\Users\wadhi\OneDrive\Documents\KULIAH\MAGANG\wisi-wise-web-odoo\odoo\orm\models.py", line 6686, in __getitem__
    return self._fields[key].__get__(self)
           ^^^^^^^^^^^^^^^^^^^^^^^^^^^^^^^
  File "C:\Users\wadhi\OneDrive\Documents\KULIAH\MAGANG\wisi-wise-web-odoo\odoo\orm\fields_relational.py", line 45, in __get__
    return super().__get__(records, owner)
           ^^^^^^^^^^^^^^^^^^^^^^^^^^^^^^^
  File "C:\Users\wadhi\OneDrive\Documents\KULIAH\MAGANG\wisi-wise-web-odoo\odoo\orm\fields.py", line 1746, in __get__
    self.compute_value(recs)
  File "C:\Users\wadhi\OneDrive\Documents\KULIAH\MAGANG\wisi-wise-web-odoo\odoo\orm\fields.py", line 1917, in compute_value
    records._compute_field_value(self)
  File "C:\Users\wadhi\OneDrive\Documents\KULIAH\MAGANG\wisi-wise-web-odoo\odoo\orm\models.py", line 4952, in _compute_field_value
    determine(field.compute, self)
  File "C:\Users\wadhi\OneDrive\Documents\KULIAH\MAGANG\wisi-wise-web-odoo\odoo\orm\fields.py", line 81, in determine
    return needle(*args)
           ^^^^^^^^^^^^^
  File "c:\users\wadhi\onedrive\documents\kuliah\magang\wisi-wise-web-odoo\addons\hr\models\res_users.py", line 268, in _compute_company_employee
    employee.user_id: employee
    ^^^^^^^^^^^^^^^^
  File "C:\Users\wadhi\OneDrive\Documents\KULIAH\MAGANG\wisi-wise-web-odoo\odoo\orm\fields_relational.py", line 45, in __get__
    return super().__get__(records, owner)
           ^^^^^^^^^^^^^^^^^^^^^^^^^^^^^^^
  File "C:\Users\wadhi\OneDrive\Documents\KULIAH\MAGANG\wisi-wise-web-odoo\odoo\orm\fields.py", line 1702, in __get__
    recs._fetch_field(self)
  File "C:\Users\wadhi\OneDrive\Documents\KULIAH\MAGANG\wisi-wise-web-odoo\odoo\orm\models.py", line 3772, in _fetch_field
    self.fetch(fnames)
  File "c:\users\wadhi\onedrive\documents\kuliah\magang\wisi-wise-web-odoo\addons\hr\models\hr_employee.py", line 1109, in fetch
    return super().fetch(field_names)
           ^^^^^^^^^^^^^^^^^^^^^^^^^^
  File "C:\Users\wadhi\OneDrive\Documents\KULIAH\MAGANG\wisi-wise-web-odoo\odoo\orm\models.py", line 3812, in fetch
    fetched = self._fetch_query(query, fields_to_fetch)
              ^^^^^^^^^^^^^^^^^^^^^^^^^^^^^^^^^^^^^^^^^
  File "C:\Users\wadhi\OneDrive\Documents\KULIAH\MAGANG\wisi-wise-web-odoo\odoo\orm\models.py", line 3917, in _fetch_query
    rows = self.env.execute_query(query.select(*sql_terms))
           ^^^^^^^^^^^^^^^^^^^^^^^^^^^^^^^^^^^^^^^^^^^^^^^^
  File "C:\Users\wadhi\OneDrive\Documents\KULIAH\MAGANG\wisi-wise-web-odoo\odoo\orm\environments.py", line 534, in execute_query
    self.cr.execute(query)
  File "C:\Users\wadhi\OneDrive\Documents\KULIAH\MAGANG\wisi-wise-web-odoo\odoo\sql_db.py", line 433, in execute
    self._obj.execute(query, params)
psycopg2.errors.UndefinedColumn: column hr_employee.nomor_ip does not exist
LINE 1: ...ocation_id", "hr_employee"."today_location_name", "hr_employ...
                                                             ^
HINT:  Perhaps you meant to reference the column "hr_employee.nomor_bpjs".

2026-02-26 08:34:13,318 10252 INFO wsi_2026 werkzeug: 127.0.0.1 - - [26/Feb/2026 08:34:13] "GET /odoo HTTP/1.1" 500 - 22 0.018 0.022
2026-02-26 08:34:13,619 10252 ERROR wsi_2026 odoo.sql_db: bad query: b'SELECT "hr_employee"."id", "hr_employee"."resource_id", "hr_employee"."company_id", "hr_employee"."message_main_attachment_id", "hr_employee"."current_version_id", "hr_employee"."name", "hr_employee"."user_id", "hr_employee"."active", "hr_employee"."work_phone", "hr_employee"."mobile_phone", "hr_employee"."work_email", "hr_employee"."work_contact_id", "hr_employee"."legal_name", "hr_employee"."private_phone", "hr_employee"."private_email", "hr_employee"."lang", "hr_employee"."place_of_birth", "hr_employee"."country_of_birth", "hr_employee"."birthday", "hr_employee"."birthday_public_display", "hr_employee"."salary_distribution", "hr_employee"."permit_no", "hr_employee"."visa_no", "hr_employee"."visa_expire", "hr_employee"."work_permit_expiration_date", "hr_employee"."work_permit_scheduled_activity", "hr_employee"."certificate", "hr_employee"."study_field", "hr_employee"."study_school", "hr_employee"."emergency_contact", "hr_employee"."emergency_phone", "hr_employee"."parent_id", "hr_employee"."coach_id", "hr_employee"."color", "hr_employee"."barcode", "hr_employee"."pin", "hr_employee"."private_car_plate", "hr_employee"."create_uid", "hr_employee"."create_date", "hr_employee"."write_uid", "hr_employee"."write_date", "hr_employee"."attendance_manager_id", "hr_employee"."last_attendance_id", "hr_employee"."last_check_in", "hr_employee"."last_check_out", "hr_employee"."leave_manager_id", "hr_employee"."monday_location_id", "hr_employee"."tuesday_location_id", "hr_employee"."wednesday_location_id", "hr_employee"."thursday_location_id", "hr_employee"."friday_location_id", "hr_employee"."saturday_location_id", "hr_employee"."sunday_location_id", "hr_employee"."today_location_name", "hr_employee"."nomor_ip", "hr_employee"."nomor_bpjs", "hr_employee"."akun_sosmed" FROM "hr_employee" WHERE "hr_employee"."id" IN (1)'
ERROR: column hr_employee.nomor_ip does not exist
LINE 1: ...ocation_id", "hr_employee"."today_location_name", "hr_employ...
                                                             ^
HINT:  Perhaps you meant to reference the column "hr_employee.nomor_bpjs".
 
2026-02-26 08:34:13,620 10252 ERROR wsi_2026 odoo.http: Exception during request handling. 
Traceback (most recent call last):
  File "C:\Users\wadhi\OneDrive\Documents\KULIAH\MAGANG\wisi-wise-web-odoo\odoo\http.py", line 2800, in __call__
    response = request._serve_db()
               ^^^^^^^^^^^^^^^^^^^
  File "C:\Users\wadhi\OneDrive\Documents\KULIAH\MAGANG\wisi-wise-web-odoo\odoo\http.py", line 2275, in _serve_db
    raise self._update_served_exception(exc)
  File "C:\Users\wadhi\OneDrive\Documents\KULIAH\MAGANG\wisi-wise-web-odoo\odoo\http.py", line 2273, in _serve_db
    return service_model.retrying(serve_func, env=self.env)
           ^^^^^^^^^^^^^^^^^^^^^^^^^^^^^^^^^^^^^^^^^^^^^^^^
  File "C:\Users\wadhi\OneDrive\Documents\KULIAH\MAGANG\wisi-wise-web-odoo\odoo\service\model.py", line 185, in retrying
    result = func()
             ^^^^^^
  File "C:\Users\wadhi\OneDrive\Documents\KULIAH\MAGANG\wisi-wise-web-odoo\odoo\http.py", line 2328, in _serve_ir_http
    response = self.dispatcher.dispatch(rule.endpoint, args)
               ^^^^^^^^^^^^^^^^^^^^^^^^^^^^^^^^^^^^^^^^^^^^^
  File "C:\Users\wadhi\OneDrive\Documents\KULIAH\MAGANG\wisi-wise-web-odoo\odoo\http.py", line 2450, in dispatch
    return self.request.registry['ir.http']._dispatch(endpoint)
           ^^^^^^^^^^^^^^^^^^^^^^^^^^^^^^^^^^^^^^^^^^^^^^^^^^^^
  File "C:\Users\wadhi\OneDrive\Documents\KULIAH\MAGANG\wisi-wise-web-odoo\odoo\addons\base\models\ir_http.py", line 355, in _dispatch
    result = endpoint(**request.params)
             ^^^^^^^^^^^^^^^^^^^^^^^^^^
  File "C:\Users\wadhi\OneDrive\Documents\KULIAH\MAGANG\wisi-wise-web-odoo\odoo\http.py", line 788, in route_wrapper
    result = endpoint(self, *args, **params_ok)
             ^^^^^^^^^^^^^^^^^^^^^^^^^^^^^^^^^^
  File "c:\users\wadhi\onedrive\documents\kuliah\magang\wisi-wise-web-odoo\addons\portal\controllers\web.py", line 27, in web_client
    return super().web_client(s_action, **kw)
           ^^^^^^^^^^^^^^^^^^^^^^^^^^^^^^^^^^
  File "C:\Users\wadhi\OneDrive\Documents\KULIAH\MAGANG\wisi-wise-web-odoo\odoo\http.py", line 788, in route_wrapper
    result = endpoint(self, *args, **params_ok)
             ^^^^^^^^^^^^^^^^^^^^^^^^^^^^^^^^^^
  File "c:\users\wadhi\onedrive\documents\kuliah\magang\wisi-wise-web-odoo\addons\web\controllers\home.py", line 68, in web_client
    context = request.env['ir.http'].webclient_rendering_context()
              ^^^^^^^^^^^^^^^^^^^^^^^^^^^^^^^^^^^^^^^^^^^^^^^^^^^^
  File "c:\users\wadhi\onedrive\documents\kuliah\magang\wisi-wise-web-odoo\addons\web\models\ir_http.py", line 69, in webclient_rendering_context
    'session_info': self.session_info(),
                    ^^^^^^^^^^^^^^^^^^^
  File "c:\users\wadhi\onedrive\documents\kuliah\magang\wisi-wise-web-odoo\addons\partner_autocomplete\models\ir_http.py", line 12, in session_info
    session_info = super().session_info()
                   ^^^^^^^^^^^^^^^^^^^^^^
  File "c:\users\wadhi\onedrive\documents\kuliah\magang\wisi-wise-web-odoo\addons\mail\models\ir_http.py", line 22, in session_info
    ResUsers._init_store_data(store)
  File "c:\users\wadhi\onedrive\documents\kuliah\magang\wisi-wise-web-odoo\addons\mail\models\discuss\res_users.py", line 57, in _init_store_data
    super()._init_store_data(store)
  File "c:\users\wadhi\onedrive\documents\kuliah\magang\wisi-wise-web-odoo\addons\mail\models\res_users.py", line 398, in _init_store_data
    store.add_global_values(
  File "c:\users\wadhi\onedrive\documents\kuliah\magang\wisi-wise-web-odoo\addons\mail\tools\discuss.py", line 132, in add_global_values
    self.add_singleton_values("Store", values)
  File "c:\users\wadhi\onedrive\documents\kuliah\magang\wisi-wise-web-odoo\addons\mail\tools\discuss.py", line 181, in add_singleton_values
    self._add_values(values, model_name)
  File "c:\users\wadhi\onedrive\documents\kuliah\magang\wisi-wise-web-odoo\addons\mail\tools\discuss.py", line 232, in _add_values
    val._add_to_store(self, target, key)
  File "c:\users\wadhi\onedrive\documents\kuliah\magang\wisi-wise-web-odoo\addons\mail\tools\discuss.py", line 479, in _add_to_store
    super()._add_to_store(store, target, key)
  File "c:\users\wadhi\onedrive\documents\kuliah\magang\wisi-wise-web-odoo\addons\mail\tools\discuss.py", line 447, in _add_to_store
    store.add(self.records, self.fields, as_thread=self.as_thread, **self.kwargs)
  File "c:\users\wadhi\onedrive\documents\kuliah\magang\wisi-wise-web-odoo\addons\mail\tools\discuss.py", line 124, in add
    self.add_records_fields(records, fields)
  File "c:\users\wadhi\onedrive\documents\kuliah\magang\wisi-wise-web-odoo\addons\mail\tools\discuss.py", line 162, in add_records_fields
    for record, record_data_list in zip(records, self._get_records_data_list(records, fields)):
                                                 ^^^^^^^^^^^^^^^^^^^^^^^^^^^^^^^^^^^^^^^^^^^^
  File "c:\users\wadhi\onedrive\documents\kuliah\magang\wisi-wise-web-odoo\addons\mail\tools\discuss.py", line 268, in _get_records_data_list
    for data_dict in records._read_format(
                     ^^^^^^^^^^^^^^^^^^^^^
  File "C:\Users\wadhi\OneDrive\Documents\KULIAH\MAGANG\wisi-wise-web-odoo\odoo\orm\models.py", line 3747, in _read_format
    vals[name] = convert(record[name], record, use_display_name)
                         ~~~~~~^^^^^^
  File "C:\Users\wadhi\OneDrive\Documents\KULIAH\MAGANG\wisi-wise-web-odoo\odoo\orm\models.py", line 6686, in __getitem__
    return self._fields[key].__get__(self)
           ^^^^^^^^^^^^^^^^^^^^^^^^^^^^^^^
  File "C:\Users\wadhi\OneDrive\Documents\KULIAH\MAGANG\wisi-wise-web-odoo\odoo\orm\fields.py", line 1746, in __get__
    self.compute_value(recs)
  File "C:\Users\wadhi\OneDrive\Documents\KULIAH\MAGANG\wisi-wise-web-odoo\odoo\orm\fields.py", line 1917, in compute_value
    records._compute_field_value(self)
  File "c:\users\wadhi\onedrive\documents\kuliah\magang\wisi-wise-web-odoo\addons\mail\models\mail_thread.py", line 483, in _compute_field_value
    return super()._compute_field_value(field)
           ^^^^^^^^^^^^^^^^^^^^^^^^^^^^^^^^^^^
  File "C:\Users\wadhi\OneDrive\Documents\KULIAH\MAGANG\wisi-wise-web-odoo\odoo\orm\models.py", line 4952, in _compute_field_value
    determine(field.compute, self)
  File "C:\Users\wadhi\OneDrive\Documents\KULIAH\MAGANG\wisi-wise-web-odoo\odoo\orm\fields.py", line 81, in determine
    return needle(*args)
           ^^^^^^^^^^^^^
  File "c:\users\wadhi\onedrive\documents\kuliah\magang\wisi-wise-web-odoo\addons\hr_homeworking\models\res_partner.py", line 13, in _compute_im_status
    location_type = user[dayfield].location_type
                    ~~~~^^^^^^^^^^
  File "C:\Users\wadhi\OneDrive\Documents\KULIAH\MAGANG\wisi-wise-web-odoo\odoo\orm\models.py", line 6686, in __getitem__
    return self._fields[key].__get__(self)
           ^^^^^^^^^^^^^^^^^^^^^^^^^^^^^^^
  File "C:\Users\wadhi\OneDrive\Documents\KULIAH\MAGANG\wisi-wise-web-odoo\odoo\orm\fields_relational.py", line 45, in __get__
    return super().__get__(records, owner)
           ^^^^^^^^^^^^^^^^^^^^^^^^^^^^^^^
  File "C:\Users\wadhi\OneDrive\Documents\KULIAH\MAGANG\wisi-wise-web-odoo\odoo\orm\fields.py", line 1746, in __get__
    self.compute_value(recs)
  File "C:\Users\wadhi\OneDrive\Documents\KULIAH\MAGANG\wisi-wise-web-odoo\odoo\orm\fields.py", line 1917, in compute_value
    records._compute_field_value(self)
  File "C:\Users\wadhi\OneDrive\Documents\KULIAH\MAGANG\wisi-wise-web-odoo\odoo\orm\models.py", line 4952, in _compute_field_value
    determine(field.compute, self)
  File "C:\Users\wadhi\OneDrive\Documents\KULIAH\MAGANG\wisi-wise-web-odoo\odoo\orm\fields.py", line 84, in determine
    return needle(records, *args)
           ^^^^^^^^^^^^^^^^^^^^^^
  File "C:\Users\wadhi\OneDrive\Documents\KULIAH\MAGANG\wisi-wise-web-odoo\odoo\orm\fields.py", line 708, in _compute_related
    values = [next(iter(val := value[name]), val) for value in values]
                               ~~~~~^^^^^^
  File "C:\Users\wadhi\OneDrive\Documents\KULIAH\MAGANG\wisi-wise-web-odoo\odoo\orm\models.py", line 6686, in __getitem__
    return self._fields[key].__get__(self)
           ^^^^^^^^^^^^^^^^^^^^^^^^^^^^^^^
  File "C:\Users\wadhi\OneDrive\Documents\KULIAH\MAGANG\wisi-wise-web-odoo\odoo\orm\fields_relational.py", line 45, in __get__
    return super().__get__(records, owner)
           ^^^^^^^^^^^^^^^^^^^^^^^^^^^^^^^
  File "C:\Users\wadhi\OneDrive\Documents\KULIAH\MAGANG\wisi-wise-web-odoo\odoo\orm\fields.py", line 1746, in __get__
    self.compute_value(recs)
  File "C:\Users\wadhi\OneDrive\Documents\KULIAH\MAGANG\wisi-wise-web-odoo\odoo\orm\fields.py", line 1917, in compute_value
    records._compute_field_value(self)
  File "C:\Users\wadhi\OneDrive\Documents\KULIAH\MAGANG\wisi-wise-web-odoo\odoo\orm\models.py", line 4952, in _compute_field_value
    determine(field.compute, self)
  File "C:\Users\wadhi\OneDrive\Documents\KULIAH\MAGANG\wisi-wise-web-odoo\odoo\orm\fields.py", line 81, in determine
    return needle(*args)
           ^^^^^^^^^^^^^
  File "c:\users\wadhi\onedrive\documents\kuliah\magang\wisi-wise-web-odoo\addons\hr\models\res_users.py", line 268, in _compute_company_employee
    employee.user_id: employee
    ^^^^^^^^^^^^^^^^
  File "C:\Users\wadhi\OneDrive\Documents\KULIAH\MAGANG\wisi-wise-web-odoo\odoo\orm\fields_relational.py", line 45, in __get__
    return super().__get__(records, owner)
           ^^^^^^^^^^^^^^^^^^^^^^^^^^^^^^^
  File "C:\Users\wadhi\OneDrive\Documents\KULIAH\MAGANG\wisi-wise-web-odoo\odoo\orm\fields.py", line 1702, in __get__
    recs._fetch_field(self)
  File "C:\Users\wadhi\OneDrive\Documents\KULIAH\MAGANG\wisi-wise-web-odoo\odoo\orm\models.py", line 3772, in _fetch_field
    self.fetch(fnames)
  File "c:\users\wadhi\onedrive\documents\kuliah\magang\wisi-wise-web-odoo\addons\hr\models\hr_employee.py", line 1109, in fetch
    return super().fetch(field_names)
           ^^^^^^^^^^^^^^^^^^^^^^^^^^
  File "C:\Users\wadhi\OneDrive\Documents\KULIAH\MAGANG\wisi-wise-web-odoo\odoo\orm\models.py", line 3812, in fetch
    fetched = self._fetch_query(query, fields_to_fetch)
              ^^^^^^^^^^^^^^^^^^^^^^^^^^^^^^^^^^^^^^^^^
  File "C:\Users\wadhi\OneDrive\Documents\KULIAH\MAGANG\wisi-wise-web-odoo\odoo\orm\models.py", line 3917, in _fetch_query
    rows = self.env.execute_query(query.select(*sql_terms))
           ^^^^^^^^^^^^^^^^^^^^^^^^^^^^^^^^^^^^^^^^^^^^^^^^
  File "C:\Users\wadhi\OneDrive\Documents\KULIAH\MAGANG\wisi-wise-web-odoo\odoo\orm\environments.py", line 534, in execute_query
    self.cr.execute(query)
  File "C:\Users\wadhi\OneDrive\Documents\KULIAH\MAGANG\wisi-wise-web-odoo\odoo\sql_db.py", line 433, in execute
    self._obj.execute(query, params)
psycopg2.errors.UndefinedColumn: column hr_employee.nomor_ip does not exist
LINE 1: ...ocation_id", "hr_employee"."today_location_name", "hr_employ...
                                                             ^
HINT:  Perhaps you meant to reference the column "hr_employee.nomor_bpjs".

2026-02-26 08:34:13,627 10252 INFO wsi_2026 werkzeug: 127.0.0.1 - - [26/Feb/2026 08:34:13] "GET /odoo HTTP/1.1" 500 - 22 0.023 0.027
2026-02-26 08:34:13,857 10252 ERROR wsi_2026 odoo.sql_db: bad query: b'SELECT "hr_employee"."id", "hr_employee"."resource_id", "hr_employee"."company_id", "hr_employee"."message_main_attachment_id", "hr_employee"."current_version_id", "hr_employee"."name", "hr_employee"."user_id", "hr_employee"."active", "hr_employee"."work_phone", "hr_employee"."mobile_phone", "hr_employee"."work_email", "hr_employee"."work_contact_id", "hr_employee"."legal_name", "hr_employee"."private_phone", "hr_employee"."private_email", "hr_employee"."lang", "hr_employee"."place_of_birth", "hr_employee"."country_of_birth", "hr_employee"."birthday", "hr_employee"."birthday_public_display", "hr_employee"."salary_distribution", "hr_employee"."permit_no", "hr_employee"."visa_no", "hr_employee"."visa_expire", "hr_employee"."work_permit_expiration_date", "hr_employee"."work_permit_scheduled_activity", "hr_employee"."certificate", "hr_employee"."study_field", "hr_employee"."study_school", "hr_employee"."emergency_contact", "hr_employee"."emergency_phone", "hr_employee"."parent_id", "hr_employee"."coach_id", "hr_employee"."color", "hr_employee"."barcode", "hr_employee"."pin", "hr_employee"."private_car_plate", "hr_employee"."create_uid", "hr_employee"."create_date", "hr_employee"."write_uid", "hr_employee"."write_date", "hr_employee"."attendance_manager_id", "hr_employee"."last_attendance_id", "hr_employee"."last_check_in", "hr_employee"."last_check_out", "hr_employee"."leave_manager_id", "hr_employee"."monday_location_id", "hr_employee"."tuesday_location_id", "hr_employee"."wednesday_location_id", "hr_employee"."thursday_location_id", "hr_employee"."friday_location_id", "hr_employee"."saturday_location_id", "hr_employee"."sunday_location_id", "hr_employee"."today_location_name", "hr_employee"."nomor_ip", "hr_employee"."nomor_bpjs", "hr_employee"."akun_sosmed" FROM "hr_employee" WHERE "hr_employee"."id" IN (1)'
ERROR: column hr_employee.nomor_ip does not exist
LINE 1: ...ocation_id", "hr_employee"."today_location_name", "hr_employ...
                                                             ^
HINT:  Perhaps you meant to reference the column "hr_employee.nomor_bpjs".
 
2026-02-26 08:34:13,859 10252 ERROR wsi_2026 odoo.http: Exception during request handling. 
Traceback (most recent call last):
  File "C:\Users\wadhi\OneDrive\Documents\KULIAH\MAGANG\wisi-wise-web-odoo\odoo\http.py", line 2800, in __call__
    response = request._serve_db()
               ^^^^^^^^^^^^^^^^^^^
  File "C:\Users\wadhi\OneDrive\Documents\KULIAH\MAGANG\wisi-wise-web-odoo\odoo\http.py", line 2275, in _serve_db
    raise self._update_served_exception(exc)
  File "C:\Users\wadhi\OneDrive\Documents\KULIAH\MAGANG\wisi-wise-web-odoo\odoo\http.py", line 2273, in _serve_db
    return service_model.retrying(serve_func, env=self.env)
           ^^^^^^^^^^^^^^^^^^^^^^^^^^^^^^^^^^^^^^^^^^^^^^^^
  File "C:\Users\wadhi\OneDrive\Documents\KULIAH\MAGANG\wisi-wise-web-odoo\odoo\service\model.py", line 185, in retrying
    result = func()
             ^^^^^^
  File "C:\Users\wadhi\OneDrive\Documents\KULIAH\MAGANG\wisi-wise-web-odoo\odoo\http.py", line 2328, in _serve_ir_http
    response = self.dispatcher.dispatch(rule.endpoint, args)
               ^^^^^^^^^^^^^^^^^^^^^^^^^^^^^^^^^^^^^^^^^^^^^
  File "C:\Users\wadhi\OneDrive\Documents\KULIAH\MAGANG\wisi-wise-web-odoo\odoo\http.py", line 2450, in dispatch
    return self.request.registry['ir.http']._dispatch(endpoint)
           ^^^^^^^^^^^^^^^^^^^^^^^^^^^^^^^^^^^^^^^^^^^^^^^^^^^^
  File "C:\Users\wadhi\OneDrive\Documents\KULIAH\MAGANG\wisi-wise-web-odoo\odoo\addons\base\models\ir_http.py", line 355, in _dispatch
    result = endpoint(**request.params)
             ^^^^^^^^^^^^^^^^^^^^^^^^^^
  File "C:\Users\wadhi\OneDrive\Documents\KULIAH\MAGANG\wisi-wise-web-odoo\odoo\http.py", line 788, in route_wrapper
    result = endpoint(self, *args, **params_ok)
             ^^^^^^^^^^^^^^^^^^^^^^^^^^^^^^^^^^
  File "c:\users\wadhi\onedrive\documents\kuliah\magang\wisi-wise-web-odoo\addons\portal\controllers\web.py", line 27, in web_client
    return super().web_client(s_action, **kw)
           ^^^^^^^^^^^^^^^^^^^^^^^^^^^^^^^^^^
  File "C:\Users\wadhi\OneDrive\Documents\KULIAH\MAGANG\wisi-wise-web-odoo\odoo\http.py", line 788, in route_wrapper
    result = endpoint(self, *args, **params_ok)
             ^^^^^^^^^^^^^^^^^^^^^^^^^^^^^^^^^^
  File "c:\users\wadhi\onedrive\documents\kuliah\magang\wisi-wise-web-odoo\addons\web\controllers\home.py", line 68, in web_client
    context = request.env['ir.http'].webclient_rendering_context()
              ^^^^^^^^^^^^^^^^^^^^^^^^^^^^^^^^^^^^^^^^^^^^^^^^^^^^
  File "c:\users\wadhi\onedrive\documents\kuliah\magang\wisi-wise-web-odoo\addons\web\models\ir_http.py", line 69, in webclient_rendering_context
    'session_info': self.session_info(),
                    ^^^^^^^^^^^^^^^^^^^
  File "c:\users\wadhi\onedrive\documents\kuliah\magang\wisi-wise-web-odoo\addons\partner_autocomplete\models\ir_http.py", line 12, in session_info
    session_info = super().session_info()
                   ^^^^^^^^^^^^^^^^^^^^^^
  File "c:\users\wadhi\onedrive\documents\kuliah\magang\wisi-wise-web-odoo\addons\mail\models\ir_http.py", line 22, in session_info
    ResUsers._init_store_data(store)
  File "c:\users\wadhi\onedrive\documents\kuliah\magang\wisi-wise-web-odoo\addons\mail\models\discuss\res_users.py", line 57, in _init_store_data
    super()._init_store_data(store)
  File "c:\users\wadhi\onedrive\documents\kuliah\magang\wisi-wise-web-odoo\addons\mail\models\res_users.py", line 398, in _init_store_data
    store.add_global_values(
  File "c:\users\wadhi\onedrive\documents\kuliah\magang\wisi-wise-web-odoo\addons\mail\tools\discuss.py", line 132, in add_global_values
    self.add_singleton_values("Store", values)
  File "c:\users\wadhi\onedrive\documents\kuliah\magang\wisi-wise-web-odoo\addons\mail\tools\discuss.py", line 181, in add_singleton_values
    self._add_values(values, model_name)
  File "c:\users\wadhi\onedrive\documents\kuliah\magang\wisi-wise-web-odoo\addons\mail\tools\discuss.py", line 232, in _add_values
    val._add_to_store(self, target, key)
  File "c:\users\wadhi\onedrive\documents\kuliah\magang\wisi-wise-web-odoo\addons\mail\tools\discuss.py", line 479, in _add_to_store
    super()._add_to_store(store, target, key)
  File "c:\users\wadhi\onedrive\documents\kuliah\magang\wisi-wise-web-odoo\addons\mail\tools\discuss.py", line 447, in _add_to_store
    store.add(self.records, self.fields, as_thread=self.as_thread, **self.kwargs)
  File "c:\users\wadhi\onedrive\documents\kuliah\magang\wisi-wise-web-odoo\addons\mail\tools\discuss.py", line 124, in add
    self.add_records_fields(records, fields)
  File "c:\users\wadhi\onedrive\documents\kuliah\magang\wisi-wise-web-odoo\addons\mail\tools\discuss.py", line 162, in add_records_fields
    for record, record_data_list in zip(records, self._get_records_data_list(records, fields)):
                                                 ^^^^^^^^^^^^^^^^^^^^^^^^^^^^^^^^^^^^^^^^^^^^
  File "c:\users\wadhi\onedrive\documents\kuliah\magang\wisi-wise-web-odoo\addons\mail\tools\discuss.py", line 268, in _get_records_data_list
    for data_dict in records._read_format(
                     ^^^^^^^^^^^^^^^^^^^^^
  File "C:\Users\wadhi\OneDrive\Documents\KULIAH\MAGANG\wisi-wise-web-odoo\odoo\orm\models.py", line 3747, in _read_format
    vals[name] = convert(record[name], record, use_display_name)
                         ~~~~~~^^^^^^
  File "C:\Users\wadhi\OneDrive\Documents\KULIAH\MAGANG\wisi-wise-web-odoo\odoo\orm\models.py", line 6686, in __getitem__
    return self._fields[key].__get__(self)
           ^^^^^^^^^^^^^^^^^^^^^^^^^^^^^^^
  File "C:\Users\wadhi\OneDrive\Documents\KULIAH\MAGANG\wisi-wise-web-odoo\odoo\orm\fields.py", line 1746, in __get__
    self.compute_value(recs)
  File "C:\Users\wadhi\OneDrive\Documents\KULIAH\MAGANG\wisi-wise-web-odoo\odoo\orm\fields.py", line 1917, in compute_value
    records._compute_field_value(self)
  File "c:\users\wadhi\onedrive\documents\kuliah\magang\wisi-wise-web-odoo\addons\mail\models\mail_thread.py", line 483, in _compute_field_value
    return super()._compute_field_value(field)
           ^^^^^^^^^^^^^^^^^^^^^^^^^^^^^^^^^^^
  File "C:\Users\wadhi\OneDrive\Documents\KULIAH\MAGANG\wisi-wise-web-odoo\odoo\orm\models.py", line 4952, in _compute_field_value
    determine(field.compute, self)
  File "C:\Users\wadhi\OneDrive\Documents\KULIAH\MAGANG\wisi-wise-web-odoo\odoo\orm\fields.py", line 81, in determine
    return needle(*args)
           ^^^^^^^^^^^^^
  File "c:\users\wadhi\onedrive\documents\kuliah\magang\wisi-wise-web-odoo\addons\hr_homeworking\models\res_partner.py", line 13, in _compute_im_status
    location_type = user[dayfield].location_type
                    ~~~~^^^^^^^^^^
  File "C:\Users\wadhi\OneDrive\Documents\KULIAH\MAGANG\wisi-wise-web-odoo\odoo\orm\models.py", line 6686, in __getitem__
    return self._fields[key].__get__(self)
           ^^^^^^^^^^^^^^^^^^^^^^^^^^^^^^^
  File "C:\Users\wadhi\OneDrive\Documents\KULIAH\MAGANG\wisi-wise-web-odoo\odoo\orm\fields_relational.py", line 45, in __get__
    return super().__get__(records, owner)
           ^^^^^^^^^^^^^^^^^^^^^^^^^^^^^^^
  File "C:\Users\wadhi\OneDrive\Documents\KULIAH\MAGANG\wisi-wise-web-odoo\odoo\orm\fields.py", line 1746, in __get__
    self.compute_value(recs)
  File "C:\Users\wadhi\OneDrive\Documents\KULIAH\MAGANG\wisi-wise-web-odoo\odoo\orm\fields.py", line 1917, in compute_value
    records._compute_field_value(self)
  File "C:\Users\wadhi\OneDrive\Documents\KULIAH\MAGANG\wisi-wise-web-odoo\odoo\orm\models.py", line 4952, in _compute_field_value
    determine(field.compute, self)
  File "C:\Users\wadhi\OneDrive\Documents\KULIAH\MAGANG\wisi-wise-web-odoo\odoo\orm\fields.py", line 84, in determine
    return needle(records, *args)
           ^^^^^^^^^^^^^^^^^^^^^^
  File "C:\Users\wadhi\OneDrive\Documents\KULIAH\MAGANG\wisi-wise-web-odoo\odoo\orm\fields.py", line 708, in _compute_related
    values = [next(iter(val := value[name]), val) for value in values]
                               ~~~~~^^^^^^
  File "C:\Users\wadhi\OneDrive\Documents\KULIAH\MAGANG\wisi-wise-web-odoo\odoo\orm\models.py", line 6686, in __getitem__
    return self._fields[key].__get__(self)
           ^^^^^^^^^^^^^^^^^^^^^^^^^^^^^^^
  File "C:\Users\wadhi\OneDrive\Documents\KULIAH\MAGANG\wisi-wise-web-odoo\odoo\orm\fields_relational.py", line 45, in __get__
    return super().__get__(records, owner)
           ^^^^^^^^^^^^^^^^^^^^^^^^^^^^^^^
  File "C:\Users\wadhi\OneDrive\Documents\KULIAH\MAGANG\wisi-wise-web-odoo\odoo\orm\fields.py", line 1746, in __get__
    self.compute_value(recs)
  File "C:\Users\wadhi\OneDrive\Documents\KULIAH\MAGANG\wisi-wise-web-odoo\odoo\orm\fields.py", line 1917, in compute_value
    records._compute_field_value(self)
  File "C:\Users\wadhi\OneDrive\Documents\KULIAH\MAGANG\wisi-wise-web-odoo\odoo\orm\models.py", line 4952, in _compute_field_value
    determine(field.compute, self)
  File "C:\Users\wadhi\OneDrive\Documents\KULIAH\MAGANG\wisi-wise-web-odoo\odoo\orm\fields.py", line 81, in determine
    return needle(*args)
           ^^^^^^^^^^^^^
  File "c:\users\wadhi\onedrive\documents\kuliah\magang\wisi-wise-web-odoo\addons\hr\models\res_users.py", line 268, in _compute_company_employee
    employee.user_id: employee
    ^^^^^^^^^^^^^^^^
  File "C:\Users\wadhi\OneDrive\Documents\KULIAH\MAGANG\wisi-wise-web-odoo\odoo\orm\fields_relational.py", line 45, in __get__
    return super().__get__(records, owner)
           ^^^^^^^^^^^^^^^^^^^^^^^^^^^^^^^
  File "C:\Users\wadhi\OneDrive\Documents\KULIAH\MAGANG\wisi-wise-web-odoo\odoo\orm\fields.py", line 1702, in __get__
    recs._fetch_field(self)
  File "C:\Users\wadhi\OneDrive\Documents\KULIAH\MAGANG\wisi-wise-web-odoo\odoo\orm\models.py", line 3772, in _fetch_field
    self.fetch(fnames)
  File "c:\users\wadhi\onedrive\documents\kuliah\magang\wisi-wise-web-odoo\addons\hr\models\hr_employee.py", line 1109, in fetch
    return super().fetch(field_names)
           ^^^^^^^^^^^^^^^^^^^^^^^^^^
  File "C:\Users\wadhi\OneDrive\Documents\KULIAH\MAGANG\wisi-wise-web-odoo\odoo\orm\models.py", line 3812, in fetch
    fetched = self._fetch_query(query, fields_to_fetch)
              ^^^^^^^^^^^^^^^^^^^^^^^^^^^^^^^^^^^^^^^^^
  File "C:\Users\wadhi\OneDrive\Documents\KULIAH\MAGANG\wisi-wise-web-odoo\odoo\orm\models.py", line 3917, in _fetch_query
    rows = self.env.execute_query(query.select(*sql_terms))
           ^^^^^^^^^^^^^^^^^^^^^^^^^^^^^^^^^^^^^^^^^^^^^^^^
  File "C:\Users\wadhi\OneDrive\Documents\KULIAH\MAGANG\wisi-wise-web-odoo\odoo\orm\environments.py", line 534, in execute_query
    self.cr.execute(query)
  File "C:\Users\wadhi\OneDrive\Documents\KULIAH\MAGANG\wisi-wise-web-odoo\odoo\sql_db.py", line 433, in execute
    self._obj.execute(query, params)
psycopg2.errors.UndefinedColumn: column hr_employee.nomor_ip does not exist
LINE 1: ...ocation_id", "hr_employee"."today_location_name", "hr_employ...
                                                             ^
HINT:  Perhaps you meant to reference the column "hr_employee.nomor_bpjs".

2026-02-26 08:34:13,864 10252 INFO wsi_2026 werkzeug: 127.0.0.1 - - [26/Feb/2026 08:34:13] "GET /odoo HTTP/1.1" 500 - 22 0.025 0.028
2026-02-26 08:34:14,010 10252 INFO wsi_2026 werkzeug: 127.0.0.1 - - [26/Feb/2026 08:34:14] "GET /web/service-worker.js HTTP/1.1" 200 - 1 0.003 0.006
2026-02-26 08:34:14,447 10252 ERROR wsi_2026 odoo.sql_db: bad query: b'SELECT "hr_employee"."id", "hr_employee"."resource_id", "hr_employee"."company_id", "hr_employee"."message_main_attachment_id", "hr_employee"."current_version_id", "hr_employee"."name", "hr_employee"."user_id", "hr_employee"."active", "hr_employee"."work_phone", "hr_employee"."mobile_phone", "hr_employee"."work_email", "hr_employee"."work_contact_id", "hr_employee"."legal_name", "hr_employee"."private_phone", "hr_employee"."private_email", "hr_employee"."lang", "hr_employee"."place_of_birth", "hr_employee"."country_of_birth", "hr_employee"."birthday", "hr_employee"."birthday_public_display", "hr_employee"."salary_distribution", "hr_employee"."permit_no", "hr_employee"."visa_no", "hr_employee"."visa_expire", "hr_employee"."work_permit_expiration_date", "hr_employee"."work_permit_scheduled_activity", "hr_employee"."certificate", "hr_employee"."study_field", "hr_employee"."study_school", "hr_employee"."emergency_contact", "hr_employee"."emergency_phone", "hr_employee"."parent_id", "hr_employee"."coach_id", "hr_employee"."color", "hr_employee"."barcode", "hr_employee"."pin", "hr_employee"."private_car_plate", "hr_employee"."create_uid", "hr_employee"."create_date", "hr_employee"."write_uid", "hr_employee"."write_date", "hr_employee"."attendance_manager_id", "hr_employee"."last_attendance_id", "hr_employee"."last_check_in", "hr_employee"."last_check_out", "hr_employee"."leave_manager_id", "hr_employee"."monday_location_id", "hr_employee"."tuesday_location_id", "hr_employee"."wednesday_location_id", "hr_employee"."thursday_location_id", "hr_employee"."friday_location_id", "hr_employee"."saturday_location_id", "hr_employee"."sunday_location_id", "hr_employee"."today_location_name", "hr_employee"."nomor_ip", "hr_employee"."nomor_bpjs", "hr_employee"."akun_sosmed" FROM "hr_employee" WHERE "hr_employee"."id" IN (1)'
ERROR: column hr_employee.nomor_ip does not exist
LINE 1: ...ocation_id", "hr_employee"."today_location_name", "hr_employ...
                                                             ^
HINT:  Perhaps you meant to reference the column "hr_employee.nomor_bpjs".
 
2026-02-26 08:34:14,449 10252 ERROR wsi_2026 odoo.http: Exception during request handling. 
Traceback (most recent call last):
  File "C:\Users\wadhi\OneDrive\Documents\KULIAH\MAGANG\wisi-wise-web-odoo\odoo\http.py", line 2800, in __call__
    response = request._serve_db()
               ^^^^^^^^^^^^^^^^^^^
  File "C:\Users\wadhi\OneDrive\Documents\KULIAH\MAGANG\wisi-wise-web-odoo\odoo\http.py", line 2275, in _serve_db
    raise self._update_served_exception(exc)
  File "C:\Users\wadhi\OneDrive\Documents\KULIAH\MAGANG\wisi-wise-web-odoo\odoo\http.py", line 2273, in _serve_db
    return service_model.retrying(serve_func, env=self.env)
           ^^^^^^^^^^^^^^^^^^^^^^^^^^^^^^^^^^^^^^^^^^^^^^^^
  File "C:\Users\wadhi\OneDrive\Documents\KULIAH\MAGANG\wisi-wise-web-odoo\odoo\service\model.py", line 185, in retrying
    result = func()
             ^^^^^^
  File "C:\Users\wadhi\OneDrive\Documents\KULIAH\MAGANG\wisi-wise-web-odoo\odoo\http.py", line 2328, in _serve_ir_http
    response = self.dispatcher.dispatch(rule.endpoint, args)
               ^^^^^^^^^^^^^^^^^^^^^^^^^^^^^^^^^^^^^^^^^^^^^
  File "C:\Users\wadhi\OneDrive\Documents\KULIAH\MAGANG\wisi-wise-web-odoo\odoo\http.py", line 2450, in dispatch
    return self.request.registry['ir.http']._dispatch(endpoint)
           ^^^^^^^^^^^^^^^^^^^^^^^^^^^^^^^^^^^^^^^^^^^^^^^^^^^^
  File "C:\Users\wadhi\OneDrive\Documents\KULIAH\MAGANG\wisi-wise-web-odoo\odoo\addons\base\models\ir_http.py", line 355, in _dispatch
    result = endpoint(**request.params)
             ^^^^^^^^^^^^^^^^^^^^^^^^^^
  File "C:\Users\wadhi\OneDrive\Documents\KULIAH\MAGANG\wisi-wise-web-odoo\odoo\http.py", line 788, in route_wrapper
    result = endpoint(self, *args, **params_ok)
             ^^^^^^^^^^^^^^^^^^^^^^^^^^^^^^^^^^
  File "c:\users\wadhi\onedrive\documents\kuliah\magang\wisi-wise-web-odoo\addons\portal\controllers\web.py", line 27, in web_client
    return super().web_client(s_action, **kw)
           ^^^^^^^^^^^^^^^^^^^^^^^^^^^^^^^^^^
  File "C:\Users\wadhi\OneDrive\Documents\KULIAH\MAGANG\wisi-wise-web-odoo\odoo\http.py", line 788, in route_wrapper
    result = endpoint(self, *args, **params_ok)
             ^^^^^^^^^^^^^^^^^^^^^^^^^^^^^^^^^^
  File "c:\users\wadhi\onedrive\documents\kuliah\magang\wisi-wise-web-odoo\addons\web\controllers\home.py", line 68, in web_client
    context = request.env['ir.http'].webclient_rendering_context()
              ^^^^^^^^^^^^^^^^^^^^^^^^^^^^^^^^^^^^^^^^^^^^^^^^^^^^
  File "c:\users\wadhi\onedrive\documents\kuliah\magang\wisi-wise-web-odoo\addons\web\models\ir_http.py", line 69, in webclient_rendering_context
    'session_info': self.session_info(),
                    ^^^^^^^^^^^^^^^^^^^
  File "c:\users\wadhi\onedrive\documents\kuliah\magang\wisi-wise-web-odoo\addons\partner_autocomplete\models\ir_http.py", line 12, in session_info
    session_info = super().session_info()
                   ^^^^^^^^^^^^^^^^^^^^^^
  File "c:\users\wadhi\onedrive\documents\kuliah\magang\wisi-wise-web-odoo\addons\mail\models\ir_http.py", line 22, in session_info
    ResUsers._init_store_data(store)
  File "c:\users\wadhi\onedrive\documents\kuliah\magang\wisi-wise-web-odoo\addons\mail\models\discuss\res_users.py", line 57, in _init_store_data
    super()._init_store_data(store)
  File "c:\users\wadhi\onedrive\documents\kuliah\magang\wisi-wise-web-odoo\addons\mail\models\res_users.py", line 398, in _init_store_data
    store.add_global_values(
  File "c:\users\wadhi\onedrive\documents\kuliah\magang\wisi-wise-web-odoo\addons\mail\tools\discuss.py", line 132, in add_global_values
    self.add_singleton_values("Store", values)
  File "c:\users\wadhi\onedrive\documents\kuliah\magang\wisi-wise-web-odoo\addons\mail\tools\discuss.py", line 181, in add_singleton_values
    self._add_values(values, model_name)
  File "c:\users\wadhi\onedrive\documents\kuliah\magang\wisi-wise-web-odoo\addons\mail\tools\discuss.py", line 232, in _add_values
    val._add_to_store(self, target, key)
  File "c:\users\wadhi\onedrive\documents\kuliah\magang\wisi-wise-web-odoo\addons\mail\tools\discuss.py", line 479, in _add_to_store
    super()._add_to_store(store, target, key)
  File "c:\users\wadhi\onedrive\documents\kuliah\magang\wisi-wise-web-odoo\addons\mail\tools\discuss.py", line 447, in _add_to_store
    store.add(self.records, self.fields, as_thread=self.as_thread, **self.kwargs)
  File "c:\users\wadhi\onedrive\documents\kuliah\magang\wisi-wise-web-odoo\addons\mail\tools\discuss.py", line 124, in add
    self.add_records_fields(records, fields)
  File "c:\users\wadhi\onedrive\documents\kuliah\magang\wisi-wise-web-odoo\addons\mail\tools\discuss.py", line 162, in add_records_fields
    for record, record_data_list in zip(records, self._get_records_data_list(records, fields)):
                                                 ^^^^^^^^^^^^^^^^^^^^^^^^^^^^^^^^^^^^^^^^^^^^
  File "c:\users\wadhi\onedrive\documents\kuliah\magang\wisi-wise-web-odoo\addons\mail\tools\discuss.py", line 268, in _get_records_data_list
    for data_dict in records._read_format(
                     ^^^^^^^^^^^^^^^^^^^^^
  File "C:\Users\wadhi\OneDrive\Documents\KULIAH\MAGANG\wisi-wise-web-odoo\odoo\orm\models.py", line 3747, in _read_format
    vals[name] = convert(record[name], record, use_display_name)
                         ~~~~~~^^^^^^
  File "C:\Users\wadhi\OneDrive\Documents\KULIAH\MAGANG\wisi-wise-web-odoo\odoo\orm\models.py", line 6686, in __getitem__
    return self._fields[key].__get__(self)
           ^^^^^^^^^^^^^^^^^^^^^^^^^^^^^^^
  File "C:\Users\wadhi\OneDrive\Documents\KULIAH\MAGANG\wisi-wise-web-odoo\odoo\orm\fields.py", line 1746, in __get__
    self.compute_value(recs)
  File "C:\Users\wadhi\OneDrive\Documents\KULIAH\MAGANG\wisi-wise-web-odoo\odoo\orm\fields.py", line 1917, in compute_value
    records._compute_field_value(self)
  File "c:\users\wadhi\onedrive\documents\kuliah\magang\wisi-wise-web-odoo\addons\mail\models\mail_thread.py", line 483, in _compute_field_value
    return super()._compute_field_value(field)
           ^^^^^^^^^^^^^^^^^^^^^^^^^^^^^^^^^^^
  File "C:\Users\wadhi\OneDrive\Documents\KULIAH\MAGANG\wisi-wise-web-odoo\odoo\orm\models.py", line 4952, in _compute_field_value
    determine(field.compute, self)
  File "C:\Users\wadhi\OneDrive\Documents\KULIAH\MAGANG\wisi-wise-web-odoo\odoo\orm\fields.py", line 81, in determine
    return needle(*args)
           ^^^^^^^^^^^^^
  File "c:\users\wadhi\onedrive\documents\kuliah\magang\wisi-wise-web-odoo\addons\hr_homeworking\models\res_partner.py", line 13, in _compute_im_status
    location_type = user[dayfield].location_type
                    ~~~~^^^^^^^^^^
  File "C:\Users\wadhi\OneDrive\Documents\KULIAH\MAGANG\wisi-wise-web-odoo\odoo\orm\models.py", line 6686, in __getitem__
    return self._fields[key].__get__(self)
           ^^^^^^^^^^^^^^^^^^^^^^^^^^^^^^^
  File "C:\Users\wadhi\OneDrive\Documents\KULIAH\MAGANG\wisi-wise-web-odoo\odoo\orm\fields_relational.py", line 45, in __get__
    return super().__get__(records, owner)
           ^^^^^^^^^^^^^^^^^^^^^^^^^^^^^^^
  File "C:\Users\wadhi\OneDrive\Documents\KULIAH\MAGANG\wisi-wise-web-odoo\odoo\orm\fields.py", line 1746, in __get__
    self.compute_value(recs)
  File "C:\Users\wadhi\OneDrive\Documents\KULIAH\MAGANG\wisi-wise-web-odoo\odoo\orm\fields.py", line 1917, in compute_value
    records._compute_field_value(self)
  File "C:\Users\wadhi\OneDrive\Documents\KULIAH\MAGANG\wisi-wise-web-odoo\odoo\orm\models.py", line 4952, in _compute_field_value
    determine(field.compute, self)
  File "C:\Users\wadhi\OneDrive\Documents\KULIAH\MAGANG\wisi-wise-web-odoo\odoo\orm\fields.py", line 84, in determine
    return needle(records, *args)
           ^^^^^^^^^^^^^^^^^^^^^^
  File "C:\Users\wadhi\OneDrive\Documents\KULIAH\MAGANG\wisi-wise-web-odoo\odoo\orm\fields.py", line 708, in _compute_related
    values = [next(iter(val := value[name]), val) for value in values]
                               ~~~~~^^^^^^
  File "C:\Users\wadhi\OneDrive\Documents\KULIAH\MAGANG\wisi-wise-web-odoo\odoo\orm\models.py", line 6686, in __getitem__
    return self._fields[key].__get__(self)
           ^^^^^^^^^^^^^^^^^^^^^^^^^^^^^^^
  File "C:\Users\wadhi\OneDrive\Documents\KULIAH\MAGANG\wisi-wise-web-odoo\odoo\orm\fields_relational.py", line 45, in __get__
    return super().__get__(records, owner)
           ^^^^^^^^^^^^^^^^^^^^^^^^^^^^^^^
  File "C:\Users\wadhi\OneDrive\Documents\KULIAH\MAGANG\wisi-wise-web-odoo\odoo\orm\fields.py", line 1746, in __get__
    self.compute_value(recs)
  File "C:\Users\wadhi\OneDrive\Documents\KULIAH\MAGANG\wisi-wise-web-odoo\odoo\orm\fields.py", line 1917, in compute_value
    records._compute_field_value(self)
  File "C:\Users\wadhi\OneDrive\Documents\KULIAH\MAGANG\wisi-wise-web-odoo\odoo\orm\models.py", line 4952, in _compute_field_value
    determine(field.compute, self)
  File "C:\Users\wadhi\OneDrive\Documents\KULIAH\MAGANG\wisi-wise-web-odoo\odoo\orm\fields.py", line 81, in determine
    return needle(*args)
           ^^^^^^^^^^^^^
  File "c:\users\wadhi\onedrive\documents\kuliah\magang\wisi-wise-web-odoo\addons\hr\models\res_users.py", line 268, in _compute_company_employee
    employee.user_id: employee
    ^^^^^^^^^^^^^^^^
  File "C:\Users\wadhi\OneDrive\Documents\KULIAH\MAGANG\wisi-wise-web-odoo\odoo\orm\fields_relational.py", line 45, in __get__
    return super().__get__(records, owner)
           ^^^^^^^^^^^^^^^^^^^^^^^^^^^^^^^
  File "C:\Users\wadhi\OneDrive\Documents\KULIAH\MAGANG\wisi-wise-web-odoo\odoo\orm\fields.py", line 1702, in __get__
    recs._fetch_field(self)
  File "C:\Users\wadhi\OneDrive\Documents\KULIAH\MAGANG\wisi-wise-web-odoo\odoo\orm\models.py", line 3772, in _fetch_field
    self.fetch(fnames)
  File "c:\users\wadhi\onedrive\documents\kuliah\magang\wisi-wise-web-odoo\addons\hr\models\hr_employee.py", line 1109, in fetch
    return super().fetch(field_names)
           ^^^^^^^^^^^^^^^^^^^^^^^^^^
  File "C:\Users\wadhi\OneDrive\Documents\KULIAH\MAGANG\wisi-wise-web-odoo\odoo\orm\models.py", line 3812, in fetch
    fetched = self._fetch_query(query, fields_to_fetch)
              ^^^^^^^^^^^^^^^^^^^^^^^^^^^^^^^^^^^^^^^^^
  File "C:\Users\wadhi\OneDrive\Documents\KULIAH\MAGANG\wisi-wise-web-odoo\odoo\orm\models.py", line 3917, in _fetch_query
    rows = self.env.execute_query(query.select(*sql_terms))
           ^^^^^^^^^^^^^^^^^^^^^^^^^^^^^^^^^^^^^^^^^^^^^^^^
  File "C:\Users\wadhi\OneDrive\Documents\KULIAH\MAGANG\wisi-wise-web-odoo\odoo\orm\environments.py", line 534, in execute_query
    self.cr.execute(query)
  File "C:\Users\wadhi\OneDrive\Documents\KULIAH\MAGANG\wisi-wise-web-odoo\odoo\sql_db.py", line 433, in execute
    self._obj.execute(query, params)
psycopg2.errors.UndefinedColumn: column hr_employee.nomor_ip does not exist
LINE 1: ...ocation_id", "hr_employee"."today_location_name", "hr_employ...
                                                             ^
HINT:  Perhaps you meant to reference the column "hr_employee.nomor_bpjs".

2026-02-26 08:34:14,458 10252 INFO wsi_2026 werkzeug: 127.0.0.1 - - [26/Feb/2026 08:34:14] "GET /odoo HTTP/1.1" 500 - 22 0.031 0.038
2026-02-26 08:34:14,670 10252 ERROR wsi_2026 odoo.sql_db: bad query: b'SELECT "hr_employee"."id", "hr_employee"."resource_id", "hr_employee"."company_id", "hr_employee"."message_main_attachment_id", "hr_employee"."current_version_id", "hr_employee"."name", "hr_employee"."user_id", "hr_employee"."active", "hr_employee"."work_phone", "hr_employee"."mobile_phone", "hr_employee"."work_email", "hr_employee"."work_contact_id", "hr_employee"."legal_name", "hr_employee"."private_phone", "hr_employee"."private_email", "hr_employee"."lang", "hr_employee"."place_of_birth", "hr_employee"."country_of_birth", "hr_employee"."birthday", "hr_employee"."birthday_public_display", "hr_employee"."salary_distribution", "hr_employee"."permit_no", "hr_employee"."visa_no", "hr_employee"."visa_expire", "hr_employee"."work_permit_expiration_date", "hr_employee"."work_permit_scheduled_activity", "hr_employee"."certificate", "hr_employee"."study_field", "hr_employee"."study_school", "hr_employee"."emergency_contact", "hr_employee"."emergency_phone", "hr_employee"."parent_id", "hr_employee"."coach_id", "hr_employee"."color", "hr_employee"."barcode", "hr_employee"."pin", "hr_employee"."private_car_plate", "hr_employee"."create_uid", "hr_employee"."create_date", "hr_employee"."write_uid", "hr_employee"."write_date", "hr_employee"."attendance_manager_id", "hr_employee"."last_attendance_id", "hr_employee"."last_check_in", "hr_employee"."last_check_out", "hr_employee"."leave_manager_id", "hr_employee"."monday_location_id", "hr_employee"."tuesday_location_id", "hr_employee"."wednesday_location_id", "hr_employee"."thursday_location_id", "hr_employee"."friday_location_id", "hr_employee"."saturday_location_id", "hr_employee"."sunday_location_id", "hr_employee"."today_location_name", "hr_employee"."nomor_ip", "hr_employee"."nomor_bpjs", "hr_employee"."akun_sosmed" FROM "hr_employee" WHERE "hr_employee"."id" IN (1)'
ERROR: column hr_employee.nomor_ip does not exist
LINE 1: ...ocation_id", "hr_employee"."today_location_name", "hr_employ...
                                                             ^
HINT:  Perhaps you meant to reference the column "hr_employee.nomor_bpjs".
 
2026-02-26 08:34:14,671 10252 ERROR wsi_2026 odoo.http: Exception during request handling. 
Traceback (most recent call last):
  File "C:\Users\wadhi\OneDrive\Documents\KULIAH\MAGANG\wisi-wise-web-odoo\odoo\http.py", line 2800, in __call__
    response = request._serve_db()
               ^^^^^^^^^^^^^^^^^^^
  File "C:\Users\wadhi\OneDrive\Documents\KULIAH\MAGANG\wisi-wise-web-odoo\odoo\http.py", line 2275, in _serve_db
    raise self._update_served_exception(exc)
  File "C:\Users\wadhi\OneDrive\Documents\KULIAH\MAGANG\wisi-wise-web-odoo\odoo\http.py", line 2273, in _serve_db
    return service_model.retrying(serve_func, env=self.env)
           ^^^^^^^^^^^^^^^^^^^^^^^^^^^^^^^^^^^^^^^^^^^^^^^^
  File "C:\Users\wadhi\OneDrive\Documents\KULIAH\MAGANG\wisi-wise-web-odoo\odoo\service\model.py", line 185, in retrying
    result = func()
             ^^^^^^
  File "C:\Users\wadhi\OneDrive\Documents\KULIAH\MAGANG\wisi-wise-web-odoo\odoo\http.py", line 2328, in _serve_ir_http
    response = self.dispatcher.dispatch(rule.endpoint, args)
               ^^^^^^^^^^^^^^^^^^^^^^^^^^^^^^^^^^^^^^^^^^^^^
  File "C:\Users\wadhi\OneDrive\Documents\KULIAH\MAGANG\wisi-wise-web-odoo\odoo\http.py", line 2450, in dispatch
    return self.request.registry['ir.http']._dispatch(endpoint)
           ^^^^^^^^^^^^^^^^^^^^^^^^^^^^^^^^^^^^^^^^^^^^^^^^^^^^
  File "C:\Users\wadhi\OneDrive\Documents\KULIAH\MAGANG\wisi-wise-web-odoo\odoo\addons\base\models\ir_http.py", line 355, in _dispatch
    result = endpoint(**request.params)
             ^^^^^^^^^^^^^^^^^^^^^^^^^^
  File "C:\Users\wadhi\OneDrive\Documents\KULIAH\MAGANG\wisi-wise-web-odoo\odoo\http.py", line 788, in route_wrapper
    result = endpoint(self, *args, **params_ok)
             ^^^^^^^^^^^^^^^^^^^^^^^^^^^^^^^^^^
  File "c:\users\wadhi\onedrive\documents\kuliah\magang\wisi-wise-web-odoo\addons\portal\controllers\web.py", line 27, in web_client
    return super().web_client(s_action, **kw)
           ^^^^^^^^^^^^^^^^^^^^^^^^^^^^^^^^^^
  File "C:\Users\wadhi\OneDrive\Documents\KULIAH\MAGANG\wisi-wise-web-odoo\odoo\http.py", line 788, in route_wrapper
    result = endpoint(self, *args, **params_ok)
             ^^^^^^^^^^^^^^^^^^^^^^^^^^^^^^^^^^
  File "c:\users\wadhi\onedrive\documents\kuliah\magang\wisi-wise-web-odoo\addons\web\controllers\home.py", line 68, in web_client
    context = request.env['ir.http'].webclient_rendering_context()
              ^^^^^^^^^^^^^^^^^^^^^^^^^^^^^^^^^^^^^^^^^^^^^^^^^^^^
  File "c:\users\wadhi\onedrive\documents\kuliah\magang\wisi-wise-web-odoo\addons\web\models\ir_http.py", line 69, in webclient_rendering_context
    'session_info': self.session_info(),
                    ^^^^^^^^^^^^^^^^^^^
  File "c:\users\wadhi\onedrive\documents\kuliah\magang\wisi-wise-web-odoo\addons\partner_autocomplete\models\ir_http.py", line 12, in session_info
    session_info = super().session_info()
                   ^^^^^^^^^^^^^^^^^^^^^^
  File "c:\users\wadhi\onedrive\documents\kuliah\magang\wisi-wise-web-odoo\addons\mail\models\ir_http.py", line 22, in session_info
    ResUsers._init_store_data(store)
  File "c:\users\wadhi\onedrive\documents\kuliah\magang\wisi-wise-web-odoo\addons\mail\models\discuss\res_users.py", line 57, in _init_store_data
    super()._init_store_data(store)
  File "c:\users\wadhi\onedrive\documents\kuliah\magang\wisi-wise-web-odoo\addons\mail\models\res_users.py", line 398, in _init_store_data
    store.add_global_values(
  File "c:\users\wadhi\onedrive\documents\kuliah\magang\wisi-wise-web-odoo\addons\mail\tools\discuss.py", line 132, in add_global_values
    self.add_singleton_values("Store", values)
  File "c:\users\wadhi\onedrive\documents\kuliah\magang\wisi-wise-web-odoo\addons\mail\tools\discuss.py", line 181, in add_singleton_values
    self._add_values(values, model_name)
  File "c:\users\wadhi\onedrive\documents\kuliah\magang\wisi-wise-web-odoo\addons\mail\tools\discuss.py", line 232, in _add_values
    val._add_to_store(self, target, key)
  File "c:\users\wadhi\onedrive\documents\kuliah\magang\wisi-wise-web-odoo\addons\mail\tools\discuss.py", line 479, in _add_to_store
    super()._add_to_store(store, target, key)
  File "c:\users\wadhi\onedrive\documents\kuliah\magang\wisi-wise-web-odoo\addons\mail\tools\discuss.py", line 447, in _add_to_store
    store.add(self.records, self.fields, as_thread=self.as_thread, **self.kwargs)
  File "c:\users\wadhi\onedrive\documents\kuliah\magang\wisi-wise-web-odoo\addons\mail\tools\discuss.py", line 124, in add
    self.add_records_fields(records, fields)
  File "c:\users\wadhi\onedrive\documents\kuliah\magang\wisi-wise-web-odoo\addons\mail\tools\discuss.py", line 162, in add_records_fields
    for record, record_data_list in zip(records, self._get_records_data_list(records, fields)):
                                                 ^^^^^^^^^^^^^^^^^^^^^^^^^^^^^^^^^^^^^^^^^^^^
  File "c:\users\wadhi\onedrive\documents\kuliah\magang\wisi-wise-web-odoo\addons\mail\tools\discuss.py", line 268, in _get_records_data_list
    for data_dict in records._read_format(
                     ^^^^^^^^^^^^^^^^^^^^^
  File "C:\Users\wadhi\OneDrive\Documents\KULIAH\MAGANG\wisi-wise-web-odoo\odoo\orm\models.py", line 3747, in _read_format
    vals[name] = convert(record[name], record, use_display_name)
                         ~~~~~~^^^^^^
  File "C:\Users\wadhi\OneDrive\Documents\KULIAH\MAGANG\wisi-wise-web-odoo\odoo\orm\models.py", line 6686, in __getitem__
    return self._fields[key].__get__(self)
           ^^^^^^^^^^^^^^^^^^^^^^^^^^^^^^^
  File "C:\Users\wadhi\OneDrive\Documents\KULIAH\MAGANG\wisi-wise-web-odoo\odoo\orm\fields.py", line 1746, in __get__
    self.compute_value(recs)
  File "C:\Users\wadhi\OneDrive\Documents\KULIAH\MAGANG\wisi-wise-web-odoo\odoo\orm\fields.py", line 1917, in compute_value
    records._compute_field_value(self)
  File "c:\users\wadhi\onedrive\documents\kuliah\magang\wisi-wise-web-odoo\addons\mail\models\mail_thread.py", line 483, in _compute_field_value
    return super()._compute_field_value(field)
           ^^^^^^^^^^^^^^^^^^^^^^^^^^^^^^^^^^^
  File "C:\Users\wadhi\OneDrive\Documents\KULIAH\MAGANG\wisi-wise-web-odoo\odoo\orm\models.py", line 4952, in _compute_field_value
    determine(field.compute, self)
  File "C:\Users\wadhi\OneDrive\Documents\KULIAH\MAGANG\wisi-wise-web-odoo\odoo\orm\fields.py", line 81, in determine
    return needle(*args)
           ^^^^^^^^^^^^^
  File "c:\users\wadhi\onedrive\documents\kuliah\magang\wisi-wise-web-odoo\addons\hr_homeworking\models\res_partner.py", line 13, in _compute_im_status
    location_type = user[dayfield].location_type
                    ~~~~^^^^^^^^^^
  File "C:\Users\wadhi\OneDrive\Documents\KULIAH\MAGANG\wisi-wise-web-odoo\odoo\orm\models.py", line 6686, in __getitem__
    return self._fields[key].__get__(self)
           ^^^^^^^^^^^^^^^^^^^^^^^^^^^^^^^
  File "C:\Users\wadhi\OneDrive\Documents\KULIAH\MAGANG\wisi-wise-web-odoo\odoo\orm\fields_relational.py", line 45, in __get__
    return super().__get__(records, owner)
           ^^^^^^^^^^^^^^^^^^^^^^^^^^^^^^^
  File "C:\Users\wadhi\OneDrive\Documents\KULIAH\MAGANG\wisi-wise-web-odoo\odoo\orm\fields.py", line 1746, in __get__
    self.compute_value(recs)
  File "C:\Users\wadhi\OneDrive\Documents\KULIAH\MAGANG\wisi-wise-web-odoo\odoo\orm\fields.py", line 1917, in compute_value
    records._compute_field_value(self)
  File "C:\Users\wadhi\OneDrive\Documents\KULIAH\MAGANG\wisi-wise-web-odoo\odoo\orm\models.py", line 4952, in _compute_field_value
    determine(field.compute, self)
  File "C:\Users\wadhi\OneDrive\Documents\KULIAH\MAGANG\wisi-wise-web-odoo\odoo\orm\fields.py", line 84, in determine
    return needle(records, *args)
           ^^^^^^^^^^^^^^^^^^^^^^
  File "C:\Users\wadhi\OneDrive\Documents\KULIAH\MAGANG\wisi-wise-web-odoo\odoo\orm\fields.py", line 708, in _compute_related
    values = [next(iter(val := value[name]), val) for value in values]
                               ~~~~~^^^^^^
  File "C:\Users\wadhi\OneDrive\Documents\KULIAH\MAGANG\wisi-wise-web-odoo\odoo\orm\models.py", line 6686, in __getitem__
    return self._fields[key].__get__(self)
           ^^^^^^^^^^^^^^^^^^^^^^^^^^^^^^^
  File "C:\Users\wadhi\OneDrive\Documents\KULIAH\MAGANG\wisi-wise-web-odoo\odoo\orm\fields_relational.py", line 45, in __get__
    return super().__get__(records, owner)
           ^^^^^^^^^^^^^^^^^^^^^^^^^^^^^^^
  File "C:\Users\wadhi\OneDrive\Documents\KULIAH\MAGANG\wisi-wise-web-odoo\odoo\orm\fields.py", line 1746, in __get__
    self.compute_value(recs)
  File "C:\Users\wadhi\OneDrive\Documents\KULIAH\MAGANG\wisi-wise-web-odoo\odoo\orm\fields.py", line 1917, in compute_value
    records._compute_field_value(self)
  File "C:\Users\wadhi\OneDrive\Documents\KULIAH\MAGANG\wisi-wise-web-odoo\odoo\orm\models.py", line 4952, in _compute_field_value
    determine(field.compute, self)
  File "C:\Users\wadhi\OneDrive\Documents\KULIAH\MAGANG\wisi-wise-web-odoo\odoo\orm\fields.py", line 81, in determine
    return needle(*args)
           ^^^^^^^^^^^^^
  File "c:\users\wadhi\onedrive\documents\kuliah\magang\wisi-wise-web-odoo\addons\hr\models\res_users.py", line 268, in _compute_company_employee
    employee.user_id: employee
    ^^^^^^^^^^^^^^^^
  File "C:\Users\wadhi\OneDrive\Documents\KULIAH\MAGANG\wisi-wise-web-odoo\odoo\orm\fields_relational.py", line 45, in __get__
    return super().__get__(records, owner)
           ^^^^^^^^^^^^^^^^^^^^^^^^^^^^^^^
  File "C:\Users\wadhi\OneDrive\Documents\KULIAH\MAGANG\wisi-wise-web-odoo\odoo\orm\fields.py", line 1702, in __get__
    recs._fetch_field(self)
  File "C:\Users\wadhi\OneDrive\Documents\KULIAH\MAGANG\wisi-wise-web-odoo\odoo\orm\models.py", line 3772, in _fetch_field
    self.fetch(fnames)
  File "c:\users\wadhi\onedrive\documents\kuliah\magang\wisi-wise-web-odoo\addons\hr\models\hr_employee.py", line 1109, in fetch
    return super().fetch(field_names)
           ^^^^^^^^^^^^^^^^^^^^^^^^^^
  File "C:\Users\wadhi\OneDrive\Documents\KULIAH\MAGANG\wisi-wise-web-odoo\odoo\orm\models.py", line 3812, in fetch
    fetched = self._fetch_query(query, fields_to_fetch)
              ^^^^^^^^^^^^^^^^^^^^^^^^^^^^^^^^^^^^^^^^^
  File "C:\Users\wadhi\OneDrive\Documents\KULIAH\MAGANG\wisi-wise-web-odoo\odoo\orm\models.py", line 3917, in _fetch_query
    rows = self.env.execute_query(query.select(*sql_terms))
           ^^^^^^^^^^^^^^^^^^^^^^^^^^^^^^^^^^^^^^^^^^^^^^^^
  File "C:\Users\wadhi\OneDrive\Documents\KULIAH\MAGANG\wisi-wise-web-odoo\odoo\orm\environments.py", line 534, in execute_query
    self.cr.execute(query)
  File "C:\Users\wadhi\OneDrive\Documents\KULIAH\MAGANG\wisi-wise-web-odoo\odoo\sql_db.py", line 433, in execute
    self._obj.execute(query, params)
psycopg2.errors.UndefinedColumn: column hr_employee.nomor_ip does not exist
LINE 1: ...ocation_id", "hr_employee"."today_location_name", "hr_employ...
                                                             ^
HINT:  Perhaps you meant to reference the column "hr_employee.nomor_bpjs".

2026-02-26 08:34:14,678 10252 INFO wsi_2026 werkzeug: 127.0.0.1 - - [26/Feb/2026 08:34:14] "GET /odoo HTTP/1.1" 500 - 22 0.029 0.036
2026-02-26 08:34:14,866 10252 ERROR wsi_2026 odoo.sql_db: bad query: b'SELECT "hr_employee"."id", "hr_employee"."resource_id", "hr_employee"."company_id", "hr_employee"."message_main_attachment_id", "hr_employee"."current_version_id", "hr_employee"."name", "hr_employee"."user_id", "hr_employee"."active", "hr_employee"."work_phone", "hr_employee"."mobile_phone", "hr_employee"."work_email", "hr_employee"."work_contact_id", "hr_employee"."legal_name", "hr_employee"."private_phone", "hr_employee"."private_email", "hr_employee"."lang", "hr_employee"."place_of_birth", "hr_employee"."country_of_birth", "hr_employee"."birthday", "hr_employee"."birthday_public_display", "hr_employee"."salary_distribution", "hr_employee"."permit_no", "hr_employee"."visa_no", "hr_employee"."visa_expire", "hr_employee"."work_permit_expiration_date", "hr_employee"."work_permit_scheduled_activity", "hr_employee"."certificate", "hr_employee"."study_field", "hr_employee"."study_school", "hr_employee"."emergency_contact", "hr_employee"."emergency_phone", "hr_employee"."parent_id", "hr_employee"."coach_id", "hr_employee"."color", "hr_employee"."barcode", "hr_employee"."pin", "hr_employee"."private_car_plate", "hr_employee"."create_uid", "hr_employee"."create_date", "hr_employee"."write_uid", "hr_employee"."write_date", "hr_employee"."attendance_manager_id", "hr_employee"."last_attendance_id", "hr_employee"."last_check_in", "hr_employee"."last_check_out", "hr_employee"."leave_manager_id", "hr_employee"."monday_location_id", "hr_employee"."tuesday_location_id", "hr_employee"."wednesday_location_id", "hr_employee"."thursday_location_id", "hr_employee"."friday_location_id", "hr_employee"."saturday_location_id", "hr_employee"."sunday_location_id", "hr_employee"."today_location_name", "hr_employee"."nomor_ip", "hr_employee"."nomor_bpjs", "hr_employee"."akun_sosmed" FROM "hr_employee" WHERE "hr_employee"."id" IN (1)'
ERROR: column hr_employee.nomor_ip does not exist
LINE 1: ...ocation_id", "hr_employee"."today_location_name", "hr_employ...
                                                             ^
HINT:  Perhaps you meant to reference the column "hr_employee.nomor_bpjs".
 
2026-02-26 08:34:14,867 10252 ERROR wsi_2026 odoo.http: Exception during request handling. 
Traceback (most recent call last):
  File "C:\Users\wadhi\OneDrive\Documents\KULIAH\MAGANG\wisi-wise-web-odoo\odoo\http.py", line 2800, in __call__
    response = request._serve_db()
               ^^^^^^^^^^^^^^^^^^^
  File "C:\Users\wadhi\OneDrive\Documents\KULIAH\MAGANG\wisi-wise-web-odoo\odoo\http.py", line 2275, in _serve_db
    raise self._update_served_exception(exc)
  File "C:\Users\wadhi\OneDrive\Documents\KULIAH\MAGANG\wisi-wise-web-odoo\odoo\http.py", line 2273, in _serve_db
    return service_model.retrying(serve_func, env=self.env)
           ^^^^^^^^^^^^^^^^^^^^^^^^^^^^^^^^^^^^^^^^^^^^^^^^
  File "C:\Users\wadhi\OneDrive\Documents\KULIAH\MAGANG\wisi-wise-web-odoo\odoo\service\model.py", line 185, in retrying
    result = func()
             ^^^^^^
  File "C:\Users\wadhi\OneDrive\Documents\KULIAH\MAGANG\wisi-wise-web-odoo\odoo\http.py", line 2328, in _serve_ir_http
    response = self.dispatcher.dispatch(rule.endpoint, args)
               ^^^^^^^^^^^^^^^^^^^^^^^^^^^^^^^^^^^^^^^^^^^^^
  File "C:\Users\wadhi\OneDrive\Documents\KULIAH\MAGANG\wisi-wise-web-odoo\odoo\http.py", line 2450, in dispatch
    return self.request.registry['ir.http']._dispatch(endpoint)
           ^^^^^^^^^^^^^^^^^^^^^^^^^^^^^^^^^^^^^^^^^^^^^^^^^^^^
  File "C:\Users\wadhi\OneDrive\Documents\KULIAH\MAGANG\wisi-wise-web-odoo\odoo\addons\base\models\ir_http.py", line 355, in _dispatch
    result = endpoint(**request.params)
             ^^^^^^^^^^^^^^^^^^^^^^^^^^
  File "C:\Users\wadhi\OneDrive\Documents\KULIAH\MAGANG\wisi-wise-web-odoo\odoo\http.py", line 788, in route_wrapper
    result = endpoint(self, *args, **params_ok)
             ^^^^^^^^^^^^^^^^^^^^^^^^^^^^^^^^^^
  File "c:\users\wadhi\onedrive\documents\kuliah\magang\wisi-wise-web-odoo\addons\portal\controllers\web.py", line 27, in web_client
    return super().web_client(s_action, **kw)
           ^^^^^^^^^^^^^^^^^^^^^^^^^^^^^^^^^^
  File "C:\Users\wadhi\OneDrive\Documents\KULIAH\MAGANG\wisi-wise-web-odoo\odoo\http.py", line 788, in route_wrapper
    result = endpoint(self, *args, **params_ok)
             ^^^^^^^^^^^^^^^^^^^^^^^^^^^^^^^^^^
  File "c:\users\wadhi\onedrive\documents\kuliah\magang\wisi-wise-web-odoo\addons\web\controllers\home.py", line 68, in web_client
    context = request.env['ir.http'].webclient_rendering_context()
              ^^^^^^^^^^^^^^^^^^^^^^^^^^^^^^^^^^^^^^^^^^^^^^^^^^^^
  File "c:\users\wadhi\onedrive\documents\kuliah\magang\wisi-wise-web-odoo\addons\web\models\ir_http.py", line 69, in webclient_rendering_context
    'session_info': self.session_info(),
                    ^^^^^^^^^^^^^^^^^^^
  File "c:\users\wadhi\onedrive\documents\kuliah\magang\wisi-wise-web-odoo\addons\partner_autocomplete\models\ir_http.py", line 12, in session_info
    session_info = super().session_info()
                   ^^^^^^^^^^^^^^^^^^^^^^
  File "c:\users\wadhi\onedrive\documents\kuliah\magang\wisi-wise-web-odoo\addons\mail\models\ir_http.py", line 22, in session_info
    ResUsers._init_store_data(store)
  File "c:\users\wadhi\onedrive\documents\kuliah\magang\wisi-wise-web-odoo\addons\mail\models\discuss\res_users.py", line 57, in _init_store_data
    super()._init_store_data(store)
  File "c:\users\wadhi\onedrive\documents\kuliah\magang\wisi-wise-web-odoo\addons\mail\models\res_users.py", line 398, in _init_store_data
    store.add_global_values(
  File "c:\users\wadhi\onedrive\documents\kuliah\magang\wisi-wise-web-odoo\addons\mail\tools\discuss.py", line 132, in add_global_values
    self.add_singleton_values("Store", values)
  File "c:\users\wadhi\onedrive\documents\kuliah\magang\wisi-wise-web-odoo\addons\mail\tools\discuss.py", line 181, in add_singleton_values
    self._add_values(values, model_name)
  File "c:\users\wadhi\onedrive\documents\kuliah\magang\wisi-wise-web-odoo\addons\mail\tools\discuss.py", line 232, in _add_values
    val._add_to_store(self, target, key)
  File "c:\users\wadhi\onedrive\documents\kuliah\magang\wisi-wise-web-odoo\addons\mail\tools\discuss.py", line 479, in _add_to_store
    super()._add_to_store(store, target, key)
  File "c:\users\wadhi\onedrive\documents\kuliah\magang\wisi-wise-web-odoo\addons\mail\tools\discuss.py", line 447, in _add_to_store
    store.add(self.records, self.fields, as_thread=self.as_thread, **self.kwargs)
  File "c:\users\wadhi\onedrive\documents\kuliah\magang\wisi-wise-web-odoo\addons\mail\tools\discuss.py", line 124, in add
    self.add_records_fields(records, fields)
  File "c:\users\wadhi\onedrive\documents\kuliah\magang\wisi-wise-web-odoo\addons\mail\tools\discuss.py", line 162, in add_records_fields
    for record, record_data_list in zip(records, self._get_records_data_list(records, fields)):
                                                 ^^^^^^^^^^^^^^^^^^^^^^^^^^^^^^^^^^^^^^^^^^^^
  File "c:\users\wadhi\onedrive\documents\kuliah\magang\wisi-wise-web-odoo\addons\mail\tools\discuss.py", line 268, in _get_records_data_list
    for data_dict in records._read_format(
                     ^^^^^^^^^^^^^^^^^^^^^
  File "C:\Users\wadhi\OneDrive\Documents\KULIAH\MAGANG\wisi-wise-web-odoo\odoo\orm\models.py", line 3747, in _read_format
    vals[name] = convert(record[name], record, use_display_name)
                         ~~~~~~^^^^^^
  File "C:\Users\wadhi\OneDrive\Documents\KULIAH\MAGANG\wisi-wise-web-odoo\odoo\orm\models.py", line 6686, in __getitem__
    return self._fields[key].__get__(self)
           ^^^^^^^^^^^^^^^^^^^^^^^^^^^^^^^
  File "C:\Users\wadhi\OneDrive\Documents\KULIAH\MAGANG\wisi-wise-web-odoo\odoo\orm\fields.py", line 1746, in __get__
    self.compute_value(recs)
  File "C:\Users\wadhi\OneDrive\Documents\KULIAH\MAGANG\wisi-wise-web-odoo\odoo\orm\fields.py", line 1917, in compute_value
    records._compute_field_value(self)
  File "c:\users\wadhi\onedrive\documents\kuliah\magang\wisi-wise-web-odoo\addons\mail\models\mail_thread.py", line 483, in _compute_field_value
    return super()._compute_field_value(field)
           ^^^^^^^^^^^^^^^^^^^^^^^^^^^^^^^^^^^
  File "C:\Users\wadhi\OneDrive\Documents\KULIAH\MAGANG\wisi-wise-web-odoo\odoo\orm\models.py", line 4952, in _compute_field_value
    determine(field.compute, self)
  File "C:\Users\wadhi\OneDrive\Documents\KULIAH\MAGANG\wisi-wise-web-odoo\odoo\orm\fields.py", line 81, in determine
    return needle(*args)
           ^^^^^^^^^^^^^
  File "c:\users\wadhi\onedrive\documents\kuliah\magang\wisi-wise-web-odoo\addons\hr_homeworking\models\res_partner.py", line 13, in _compute_im_status
    location_type = user[dayfield].location_type
                    ~~~~^^^^^^^^^^
  File "C:\Users\wadhi\OneDrive\Documents\KULIAH\MAGANG\wisi-wise-web-odoo\odoo\orm\models.py", line 6686, in __getitem__
    return self._fields[key].__get__(self)
           ^^^^^^^^^^^^^^^^^^^^^^^^^^^^^^^
  File "C:\Users\wadhi\OneDrive\Documents\KULIAH\MAGANG\wisi-wise-web-odoo\odoo\orm\fields_relational.py", line 45, in __get__
    return super().__get__(records, owner)
           ^^^^^^^^^^^^^^^^^^^^^^^^^^^^^^^
  File "C:\Users\wadhi\OneDrive\Documents\KULIAH\MAGANG\wisi-wise-web-odoo\odoo\orm\fields.py", line 1746, in __get__
    self.compute_value(recs)
  File "C:\Users\wadhi\OneDrive\Documents\KULIAH\MAGANG\wisi-wise-web-odoo\odoo\orm\fields.py", line 1917, in compute_value
    records._compute_field_value(self)
  File "C:\Users\wadhi\OneDrive\Documents\KULIAH\MAGANG\wisi-wise-web-odoo\odoo\orm\models.py", line 4952, in _compute_field_value
    determine(field.compute, self)
  File "C:\Users\wadhi\OneDrive\Documents\KULIAH\MAGANG\wisi-wise-web-odoo\odoo\orm\fields.py", line 84, in determine
    return needle(records, *args)
           ^^^^^^^^^^^^^^^^^^^^^^
  File "C:\Users\wadhi\OneDrive\Documents\KULIAH\MAGANG\wisi-wise-web-odoo\odoo\orm\fields.py", line 708, in _compute_related
    values = [next(iter(val := value[name]), val) for value in values]
                               ~~~~~^^^^^^
  File "C:\Users\wadhi\OneDrive\Documents\KULIAH\MAGANG\wisi-wise-web-odoo\odoo\orm\models.py", line 6686, in __getitem__
    return self._fields[key].__get__(self)
           ^^^^^^^^^^^^^^^^^^^^^^^^^^^^^^^
  File "C:\Users\wadhi\OneDrive\Documents\KULIAH\MAGANG\wisi-wise-web-odoo\odoo\orm\fields_relational.py", line 45, in __get__
    return super().__get__(records, owner)
           ^^^^^^^^^^^^^^^^^^^^^^^^^^^^^^^
  File "C:\Users\wadhi\OneDrive\Documents\KULIAH\MAGANG\wisi-wise-web-odoo\odoo\orm\fields.py", line 1746, in __get__
    self.compute_value(recs)
  File "C:\Users\wadhi\OneDrive\Documents\KULIAH\MAGANG\wisi-wise-web-odoo\odoo\orm\fields.py", line 1917, in compute_value
    records._compute_field_value(self)
  File "C:\Users\wadhi\OneDrive\Documents\KULIAH\MAGANG\wisi-wise-web-odoo\odoo\orm\models.py", line 4952, in _compute_field_value
    determine(field.compute, self)
  File "C:\Users\wadhi\OneDrive\Documents\KULIAH\MAGANG\wisi-wise-web-odoo\odoo\orm\fields.py", line 81, in determine
    return needle(*args)
           ^^^^^^^^^^^^^
  File "c:\users\wadhi\onedrive\documents\kuliah\magang\wisi-wise-web-odoo\addons\hr\models\res_users.py", line 268, in _compute_company_employee
    employee.user_id: employee
    ^^^^^^^^^^^^^^^^
  File "C:\Users\wadhi\OneDrive\Documents\KULIAH\MAGANG\wisi-wise-web-odoo\odoo\orm\fields_relational.py", line 45, in __get__
    return super().__get__(records, owner)
           ^^^^^^^^^^^^^^^^^^^^^^^^^^^^^^^
  File "C:\Users\wadhi\OneDrive\Documents\KULIAH\MAGANG\wisi-wise-web-odoo\odoo\orm\fields.py", line 1702, in __get__
    recs._fetch_field(self)
  File "C:\Users\wadhi\OneDrive\Documents\KULIAH\MAGANG\wisi-wise-web-odoo\odoo\orm\models.py", line 3772, in _fetch_field
    self.fetch(fnames)
  File "c:\users\wadhi\onedrive\documents\kuliah\magang\wisi-wise-web-odoo\addons\hr\models\hr_employee.py", line 1109, in fetch
    return super().fetch(field_names)
           ^^^^^^^^^^^^^^^^^^^^^^^^^^
  File "C:\Users\wadhi\OneDrive\Documents\KULIAH\MAGANG\wisi-wise-web-odoo\odoo\orm\models.py", line 3812, in fetch
    fetched = self._fetch_query(query, fields_to_fetch)
              ^^^^^^^^^^^^^^^^^^^^^^^^^^^^^^^^^^^^^^^^^
  File "C:\Users\wadhi\OneDrive\Documents\KULIAH\MAGANG\wisi-wise-web-odoo\odoo\orm\models.py", line 3917, in _fetch_query
    rows = self.env.execute_query(query.select(*sql_terms))
           ^^^^^^^^^^^^^^^^^^^^^^^^^^^^^^^^^^^^^^^^^^^^^^^^
  File "C:\Users\wadhi\OneDrive\Documents\KULIAH\MAGANG\wisi-wise-web-odoo\odoo\orm\environments.py", line 534, in execute_query
    self.cr.execute(query)
  File "C:\Users\wadhi\OneDrive\Documents\KULIAH\MAGANG\wisi-wise-web-odoo\odoo\sql_db.py", line 433, in execute
    self._obj.execute(query, params)
psycopg2.errors.UndefinedColumn: column hr_employee.nomor_ip does not exist
LINE 1: ...ocation_id", "hr_employee"."today_location_name", "hr_employ...
                                                             ^
HINT:  Perhaps you meant to reference the column "hr_employee.nomor_bpjs".

2026-02-26 08:34:14,874 10252 INFO wsi_2026 werkzeug: 127.0.0.1 - - [26/Feb/2026 08:34:14] "GET /odoo HTTP/1.1" 500 - 22 0.031 0.036
2026-02-26 08:34:15,159 10252 ERROR wsi_2026 odoo.sql_db: bad query: b'SELECT "hr_employee"."id", "hr_employee"."resource_id", "hr_employee"."company_id", "hr_employee"."message_main_attachment_id", "hr_employee"."current_version_id", "hr_employee"."name", "hr_employee"."user_id", "hr_employee"."active", "hr_employee"."work_phone", "hr_employee"."mobile_phone", "hr_employee"."work_email", "hr_employee"."work_contact_id", "hr_employee"."legal_name", "hr_employee"."private_phone", "hr_employee"."private_email", "hr_employee"."lang", "hr_employee"."place_of_birth", "hr_employee"."country_of_birth", "hr_employee"."birthday", "hr_employee"."birthday_public_display", "hr_employee"."salary_distribution", "hr_employee"."permit_no", "hr_employee"."visa_no", "hr_employee"."visa_expire", "hr_employee"."work_permit_expiration_date", "hr_employee"."work_permit_scheduled_activity", "hr_employee"."certificate", "hr_employee"."study_field", "hr_employee"."study_school", "hr_employee"."emergency_contact", "hr_employee"."emergency_phone", "hr_employee"."parent_id", "hr_employee"."coach_id", "hr_employee"."color", "hr_employee"."barcode", "hr_employee"."pin", "hr_employee"."private_car_plate", "hr_employee"."create_uid", "hr_employee"."create_date", "hr_employee"."write_uid", "hr_employee"."write_date", "hr_employee"."attendance_manager_id", "hr_employee"."last_attendance_id", "hr_employee"."last_check_in", "hr_employee"."last_check_out", "hr_employee"."leave_manager_id", "hr_employee"."monday_location_id", "hr_employee"."tuesday_location_id", "hr_employee"."wednesday_location_id", "hr_employee"."thursday_location_id", "hr_employee"."friday_location_id", "hr_employee"."saturday_location_id", "hr_employee"."sunday_location_id", "hr_employee"."today_location_name", "hr_employee"."nomor_ip", "hr_employee"."nomor_bpjs", "hr_employee"."akun_sosmed" FROM "hr_employee" WHERE "hr_employee"."id" IN (1)'
ERROR: column hr_employee.nomor_ip does not exist
LINE 1: ...ocation_id", "hr_employee"."today_location_name", "hr_employ...
                                                             ^
HINT:  Perhaps you meant to reference the column "hr_employee.nomor_bpjs".
 
2026-02-26 08:34:15,160 10252 ERROR wsi_2026 odoo.http: Exception during request handling. 
Traceback (most recent call last):
  File "C:\Users\wadhi\OneDrive\Documents\KULIAH\MAGANG\wisi-wise-web-odoo\odoo\http.py", line 2800, in __call__
    response = request._serve_db()
               ^^^^^^^^^^^^^^^^^^^
  File "C:\Users\wadhi\OneDrive\Documents\KULIAH\MAGANG\wisi-wise-web-odoo\odoo\http.py", line 2275, in _serve_db
    raise self._update_served_exception(exc)
  File "C:\Users\wadhi\OneDrive\Documents\KULIAH\MAGANG\wisi-wise-web-odoo\odoo\http.py", line 2273, in _serve_db
    return service_model.retrying(serve_func, env=self.env)
           ^^^^^^^^^^^^^^^^^^^^^^^^^^^^^^^^^^^^^^^^^^^^^^^^
  File "C:\Users\wadhi\OneDrive\Documents\KULIAH\MAGANG\wisi-wise-web-odoo\odoo\service\model.py", line 185, in retrying
    result = func()
             ^^^^^^
  File "C:\Users\wadhi\OneDrive\Documents\KULIAH\MAGANG\wisi-wise-web-odoo\odoo\http.py", line 2328, in _serve_ir_http
    response = self.dispatcher.dispatch(rule.endpoint, args)
               ^^^^^^^^^^^^^^^^^^^^^^^^^^^^^^^^^^^^^^^^^^^^^
  File "C:\Users\wadhi\OneDrive\Documents\KULIAH\MAGANG\wisi-wise-web-odoo\odoo\http.py", line 2450, in dispatch
    return self.request.registry['ir.http']._dispatch(endpoint)
           ^^^^^^^^^^^^^^^^^^^^^^^^^^^^^^^^^^^^^^^^^^^^^^^^^^^^
  File "C:\Users\wadhi\OneDrive\Documents\KULIAH\MAGANG\wisi-wise-web-odoo\odoo\addons\base\models\ir_http.py", line 355, in _dispatch
    result = endpoint(**request.params)
             ^^^^^^^^^^^^^^^^^^^^^^^^^^
  File "C:\Users\wadhi\OneDrive\Documents\KULIAH\MAGANG\wisi-wise-web-odoo\odoo\http.py", line 788, in route_wrapper
    result = endpoint(self, *args, **params_ok)
             ^^^^^^^^^^^^^^^^^^^^^^^^^^^^^^^^^^
  File "c:\users\wadhi\onedrive\documents\kuliah\magang\wisi-wise-web-odoo\addons\portal\controllers\web.py", line 27, in web_client
    return super().web_client(s_action, **kw)
           ^^^^^^^^^^^^^^^^^^^^^^^^^^^^^^^^^^
  File "C:\Users\wadhi\OneDrive\Documents\KULIAH\MAGANG\wisi-wise-web-odoo\odoo\http.py", line 788, in route_wrapper
    result = endpoint(self, *args, **params_ok)
             ^^^^^^^^^^^^^^^^^^^^^^^^^^^^^^^^^^
  File "c:\users\wadhi\onedrive\documents\kuliah\magang\wisi-wise-web-odoo\addons\web\controllers\home.py", line 68, in web_client
    context = request.env['ir.http'].webclient_rendering_context()
              ^^^^^^^^^^^^^^^^^^^^^^^^^^^^^^^^^^^^^^^^^^^^^^^^^^^^
  File "c:\users\wadhi\onedrive\documents\kuliah\magang\wisi-wise-web-odoo\addons\web\models\ir_http.py", line 69, in webclient_rendering_context
    'session_info': self.session_info(),
                    ^^^^^^^^^^^^^^^^^^^
  File "c:\users\wadhi\onedrive\documents\kuliah\magang\wisi-wise-web-odoo\addons\partner_autocomplete\models\ir_http.py", line 12, in session_info
    session_info = super().session_info()
                   ^^^^^^^^^^^^^^^^^^^^^^
  File "c:\users\wadhi\onedrive\documents\kuliah\magang\wisi-wise-web-odoo\addons\mail\models\ir_http.py", line 22, in session_info
    ResUsers._init_store_data(store)
  File "c:\users\wadhi\onedrive\documents\kuliah\magang\wisi-wise-web-odoo\addons\mail\models\discuss\res_users.py", line 57, in _init_store_data
    super()._init_store_data(store)
  File "c:\users\wadhi\onedrive\documents\kuliah\magang\wisi-wise-web-odoo\addons\mail\models\res_users.py", line 398, in _init_store_data
    store.add_global_values(
  File "c:\users\wadhi\onedrive\documents\kuliah\magang\wisi-wise-web-odoo\addons\mail\tools\discuss.py", line 132, in add_global_values
    self.add_singleton_values("Store", values)
  File "c:\users\wadhi\onedrive\documents\kuliah\magang\wisi-wise-web-odoo\addons\mail\tools\discuss.py", line 181, in add_singleton_values
    self._add_values(values, model_name)
  File "c:\users\wadhi\onedrive\documents\kuliah\magang\wisi-wise-web-odoo\addons\mail\tools\discuss.py", line 232, in _add_values
    val._add_to_store(self, target, key)
  File "c:\users\wadhi\onedrive\documents\kuliah\magang\wisi-wise-web-odoo\addons\mail\tools\discuss.py", line 479, in _add_to_store
    super()._add_to_store(store, target, key)
  File "c:\users\wadhi\onedrive\documents\kuliah\magang\wisi-wise-web-odoo\addons\mail\tools\discuss.py", line 447, in _add_to_store
    store.add(self.records, self.fields, as_thread=self.as_thread, **self.kwargs)
  File "c:\users\wadhi\onedrive\documents\kuliah\magang\wisi-wise-web-odoo\addons\mail\tools\discuss.py", line 124, in add
    self.add_records_fields(records, fields)
  File "c:\users\wadhi\onedrive\documents\kuliah\magang\wisi-wise-web-odoo\addons\mail\tools\discuss.py", line 162, in add_records_fields
    for record, record_data_list in zip(records, self._get_records_data_list(records, fields)):
                                                 ^^^^^^^^^^^^^^^^^^^^^^^^^^^^^^^^^^^^^^^^^^^^
  File "c:\users\wadhi\onedrive\documents\kuliah\magang\wisi-wise-web-odoo\addons\mail\tools\discuss.py", line 268, in _get_records_data_list
    for data_dict in records._read_format(
                     ^^^^^^^^^^^^^^^^^^^^^
  File "C:\Users\wadhi\OneDrive\Documents\KULIAH\MAGANG\wisi-wise-web-odoo\odoo\orm\models.py", line 3747, in _read_format
    vals[name] = convert(record[name], record, use_display_name)
                         ~~~~~~^^^^^^
  File "C:\Users\wadhi\OneDrive\Documents\KULIAH\MAGANG\wisi-wise-web-odoo\odoo\orm\models.py", line 6686, in __getitem__
    return self._fields[key].__get__(self)
           ^^^^^^^^^^^^^^^^^^^^^^^^^^^^^^^
  File "C:\Users\wadhi\OneDrive\Documents\KULIAH\MAGANG\wisi-wise-web-odoo\odoo\orm\fields.py", line 1746, in __get__
    self.compute_value(recs)
  File "C:\Users\wadhi\OneDrive\Documents\KULIAH\MAGANG\wisi-wise-web-odoo\odoo\orm\fields.py", line 1917, in compute_value
    records._compute_field_value(self)
  File "c:\users\wadhi\onedrive\documents\kuliah\magang\wisi-wise-web-odoo\addons\mail\models\mail_thread.py", line 483, in _compute_field_value
    return super()._compute_field_value(field)
           ^^^^^^^^^^^^^^^^^^^^^^^^^^^^^^^^^^^
  File "C:\Users\wadhi\OneDrive\Documents\KULIAH\MAGANG\wisi-wise-web-odoo\odoo\orm\models.py", line 4952, in _compute_field_value
    determine(field.compute, self)
  File "C:\Users\wadhi\OneDrive\Documents\KULIAH\MAGANG\wisi-wise-web-odoo\odoo\orm\fields.py", line 81, in determine
    return needle(*args)
           ^^^^^^^^^^^^^
  File "c:\users\wadhi\onedrive\documents\kuliah\magang\wisi-wise-web-odoo\addons\hr_homeworking\models\res_partner.py", line 13, in _compute_im_status
    location_type = user[dayfield].location_type
                    ~~~~^^^^^^^^^^
  File "C:\Users\wadhi\OneDrive\Documents\KULIAH\MAGANG\wisi-wise-web-odoo\odoo\orm\models.py", line 6686, in __getitem__
    return self._fields[key].__get__(self)
           ^^^^^^^^^^^^^^^^^^^^^^^^^^^^^^^
  File "C:\Users\wadhi\OneDrive\Documents\KULIAH\MAGANG\wisi-wise-web-odoo\odoo\orm\fields_relational.py", line 45, in __get__
    return super().__get__(records, owner)
           ^^^^^^^^^^^^^^^^^^^^^^^^^^^^^^^
  File "C:\Users\wadhi\OneDrive\Documents\KULIAH\MAGANG\wisi-wise-web-odoo\odoo\orm\fields.py", line 1746, in __get__
    self.compute_value(recs)
  File "C:\Users\wadhi\OneDrive\Documents\KULIAH\MAGANG\wisi-wise-web-odoo\odoo\orm\fields.py", line 1917, in compute_value
    records._compute_field_value(self)
  File "C:\Users\wadhi\OneDrive\Documents\KULIAH\MAGANG\wisi-wise-web-odoo\odoo\orm\models.py", line 4952, in _compute_field_value
    determine(field.compute, self)
  File "C:\Users\wadhi\OneDrive\Documents\KULIAH\MAGANG\wisi-wise-web-odoo\odoo\orm\fields.py", line 84, in determine
    return needle(records, *args)
           ^^^^^^^^^^^^^^^^^^^^^^
  File "C:\Users\wadhi\OneDrive\Documents\KULIAH\MAGANG\wisi-wise-web-odoo\odoo\orm\fields.py", line 708, in _compute_related
    values = [next(iter(val := value[name]), val) for value in values]
                               ~~~~~^^^^^^
  File "C:\Users\wadhi\OneDrive\Documents\KULIAH\MAGANG\wisi-wise-web-odoo\odoo\orm\models.py", line 6686, in __getitem__
    return self._fields[key].__get__(self)
           ^^^^^^^^^^^^^^^^^^^^^^^^^^^^^^^
  File "C:\Users\wadhi\OneDrive\Documents\KULIAH\MAGANG\wisi-wise-web-odoo\odoo\orm\fields_relational.py", line 45, in __get__
    return super().__get__(records, owner)
           ^^^^^^^^^^^^^^^^^^^^^^^^^^^^^^^
  File "C:\Users\wadhi\OneDrive\Documents\KULIAH\MAGANG\wisi-wise-web-odoo\odoo\orm\fields.py", line 1746, in __get__
    self.compute_value(recs)
  File "C:\Users\wadhi\OneDrive\Documents\KULIAH\MAGANG\wisi-wise-web-odoo\odoo\orm\fields.py", line 1917, in compute_value
    records._compute_field_value(self)
  File "C:\Users\wadhi\OneDrive\Documents\KULIAH\MAGANG\wisi-wise-web-odoo\odoo\orm\models.py", line 4952, in _compute_field_value
    determine(field.compute, self)
  File "C:\Users\wadhi\OneDrive\Documents\KULIAH\MAGANG\wisi-wise-web-odoo\odoo\orm\fields.py", line 81, in determine
    return needle(*args)
           ^^^^^^^^^^^^^
  File "c:\users\wadhi\onedrive\documents\kuliah\magang\wisi-wise-web-odoo\addons\hr\models\res_users.py", line 268, in _compute_company_employee
    employee.user_id: employee
    ^^^^^^^^^^^^^^^^
  File "C:\Users\wadhi\OneDrive\Documents\KULIAH\MAGANG\wisi-wise-web-odoo\odoo\orm\fields_relational.py", line 45, in __get__
    return super().__get__(records, owner)
           ^^^^^^^^^^^^^^^^^^^^^^^^^^^^^^^
  File "C:\Users\wadhi\OneDrive\Documents\KULIAH\MAGANG\wisi-wise-web-odoo\odoo\orm\fields.py", line 1702, in __get__
    recs._fetch_field(self)
  File "C:\Users\wadhi\OneDrive\Documents\KULIAH\MAGANG\wisi-wise-web-odoo\odoo\orm\models.py", line 3772, in _fetch_field
    self.fetch(fnames)
  File "c:\users\wadhi\onedrive\documents\kuliah\magang\wisi-wise-web-odoo\addons\hr\models\hr_employee.py", line 1109, in fetch
    return super().fetch(field_names)
           ^^^^^^^^^^^^^^^^^^^^^^^^^^
  File "C:\Users\wadhi\OneDrive\Documents\KULIAH\MAGANG\wisi-wise-web-odoo\odoo\orm\models.py", line 3812, in fetch
    fetched = self._fetch_query(query, fields_to_fetch)
              ^^^^^^^^^^^^^^^^^^^^^^^^^^^^^^^^^^^^^^^^^
  File "C:\Users\wadhi\OneDrive\Documents\KULIAH\MAGANG\wisi-wise-web-odoo\odoo\orm\models.py", line 3917, in _fetch_query
    rows = self.env.execute_query(query.select(*sql_terms))
           ^^^^^^^^^^^^^^^^^^^^^^^^^^^^^^^^^^^^^^^^^^^^^^^^
  File "C:\Users\wadhi\OneDrive\Documents\KULIAH\MAGANG\wisi-wise-web-odoo\odoo\orm\environments.py", line 534, in execute_query
    self.cr.execute(query)
  File "C:\Users\wadhi\OneDrive\Documents\KULIAH\MAGANG\wisi-wise-web-odoo\odoo\sql_db.py", line 433, in execute
    self._obj.execute(query, params)
psycopg2.errors.UndefinedColumn: column hr_employee.nomor_ip does not exist
LINE 1: ...ocation_id", "hr_employee"."today_location_name", "hr_employ...
                                                             ^
HINT:  Perhaps you meant to reference the column "hr_employee.nomor_bpjs".

2026-02-26 08:34:15,164 10252 INFO wsi_2026 werkzeug: 127.0.0.1 - - [26/Feb/2026 08:34:15] "GET /odoo HTTP/1.1" 500 - 22 0.020 0.029
2026-02-26 08:34:15,426 10252 ERROR wsi_2026 odoo.sql_db: bad query: b'SELECT "hr_employee"."id", "hr_employee"."resource_id", "hr_employee"."company_id", "hr_employee"."message_main_attachment_id", "hr_employee"."current_version_id", "hr_employee"."name", "hr_employee"."user_id", "hr_employee"."active", "hr_employee"."work_phone", "hr_employee"."mobile_phone", "hr_employee"."work_email", "hr_employee"."work_contact_id", "hr_employee"."legal_name", "hr_employee"."private_phone", "hr_employee"."private_email", "hr_employee"."lang", "hr_employee"."place_of_birth", "hr_employee"."country_of_birth", "hr_employee"."birthday", "hr_employee"."birthday_public_display", "hr_employee"."salary_distribution", "hr_employee"."permit_no", "hr_employee"."visa_no", "hr_employee"."visa_expire", "hr_employee"."work_permit_expiration_date", "hr_employee"."work_permit_scheduled_activity", "hr_employee"."certificate", "hr_employee"."study_field", "hr_employee"."study_school", "hr_employee"."emergency_contact", "hr_employee"."emergency_phone", "hr_employee"."parent_id", "hr_employee"."coach_id", "hr_employee"."color", "hr_employee"."barcode", "hr_employee"."pin", "hr_employee"."private_car_plate", "hr_employee"."create_uid", "hr_employee"."create_date", "hr_employee"."write_uid", "hr_employee"."write_date", "hr_employee"."attendance_manager_id", "hr_employee"."last_attendance_id", "hr_employee"."last_check_in", "hr_employee"."last_check_out", "hr_employee"."leave_manager_id", "hr_employee"."monday_location_id", "hr_employee"."tuesday_location_id", "hr_employee"."wednesday_location_id", "hr_employee"."thursday_location_id", "hr_employee"."friday_location_id", "hr_employee"."saturday_location_id", "hr_employee"."sunday_location_id", "hr_employee"."today_location_name", "hr_employee"."nomor_ip", "hr_employee"."nomor_bpjs", "hr_employee"."akun_sosmed" FROM "hr_employee" WHERE "hr_employee"."id" IN (1)'
ERROR: column hr_employee.nomor_ip does not exist
LINE 1: ...ocation_id", "hr_employee"."today_location_name", "hr_employ...
                                                             ^
HINT:  Perhaps you meant to reference the column "hr_employee.nomor_bpjs".
 
2026-02-26 08:34:15,427 10252 ERROR wsi_2026 odoo.http: Exception during request handling. 
Traceback (most recent call last):
  File "C:\Users\wadhi\OneDrive\Documents\KULIAH\MAGANG\wisi-wise-web-odoo\odoo\http.py", line 2800, in __call__
    response = request._serve_db()
               ^^^^^^^^^^^^^^^^^^^
  File "C:\Users\wadhi\OneDrive\Documents\KULIAH\MAGANG\wisi-wise-web-odoo\odoo\http.py", line 2275, in _serve_db
    raise self._update_served_exception(exc)
  File "C:\Users\wadhi\OneDrive\Documents\KULIAH\MAGANG\wisi-wise-web-odoo\odoo\http.py", line 2273, in _serve_db
    return service_model.retrying(serve_func, env=self.env)
           ^^^^^^^^^^^^^^^^^^^^^^^^^^^^^^^^^^^^^^^^^^^^^^^^
  File "C:\Users\wadhi\OneDrive\Documents\KULIAH\MAGANG\wisi-wise-web-odoo\odoo\service\model.py", line 185, in retrying
    result = func()
             ^^^^^^
  File "C:\Users\wadhi\OneDrive\Documents\KULIAH\MAGANG\wisi-wise-web-odoo\odoo\http.py", line 2328, in _serve_ir_http
    response = self.dispatcher.dispatch(rule.endpoint, args)
               ^^^^^^^^^^^^^^^^^^^^^^^^^^^^^^^^^^^^^^^^^^^^^
  File "C:\Users\wadhi\OneDrive\Documents\KULIAH\MAGANG\wisi-wise-web-odoo\odoo\http.py", line 2450, in dispatch
    return self.request.registry['ir.http']._dispatch(endpoint)
           ^^^^^^^^^^^^^^^^^^^^^^^^^^^^^^^^^^^^^^^^^^^^^^^^^^^^
  File "C:\Users\wadhi\OneDrive\Documents\KULIAH\MAGANG\wisi-wise-web-odoo\odoo\addons\base\models\ir_http.py", line 355, in _dispatch
    result = endpoint(**request.params)
             ^^^^^^^^^^^^^^^^^^^^^^^^^^
  File "C:\Users\wadhi\OneDrive\Documents\KULIAH\MAGANG\wisi-wise-web-odoo\odoo\http.py", line 788, in route_wrapper
    result = endpoint(self, *args, **params_ok)
             ^^^^^^^^^^^^^^^^^^^^^^^^^^^^^^^^^^
  File "c:\users\wadhi\onedrive\documents\kuliah\magang\wisi-wise-web-odoo\addons\portal\controllers\web.py", line 27, in web_client
    return super().web_client(s_action, **kw)
           ^^^^^^^^^^^^^^^^^^^^^^^^^^^^^^^^^^
  File "C:\Users\wadhi\OneDrive\Documents\KULIAH\MAGANG\wisi-wise-web-odoo\odoo\http.py", line 788, in route_wrapper
    result = endpoint(self, *args, **params_ok)
             ^^^^^^^^^^^^^^^^^^^^^^^^^^^^^^^^^^
  File "c:\users\wadhi\onedrive\documents\kuliah\magang\wisi-wise-web-odoo\addons\web\controllers\home.py", line 68, in web_client
    context = request.env['ir.http'].webclient_rendering_context()
              ^^^^^^^^^^^^^^^^^^^^^^^^^^^^^^^^^^^^^^^^^^^^^^^^^^^^
  File "c:\users\wadhi\onedrive\documents\kuliah\magang\wisi-wise-web-odoo\addons\web\models\ir_http.py", line 69, in webclient_rendering_context
    'session_info': self.session_info(),
                    ^^^^^^^^^^^^^^^^^^^
  File "c:\users\wadhi\onedrive\documents\kuliah\magang\wisi-wise-web-odoo\addons\partner_autocomplete\models\ir_http.py", line 12, in session_info
    session_info = super().session_info()
                   ^^^^^^^^^^^^^^^^^^^^^^
  File "c:\users\wadhi\onedrive\documents\kuliah\magang\wisi-wise-web-odoo\addons\mail\models\ir_http.py", line 22, in session_info
    ResUsers._init_store_data(store)
  File "c:\users\wadhi\onedrive\documents\kuliah\magang\wisi-wise-web-odoo\addons\mail\models\discuss\res_users.py", line 57, in _init_store_data
    super()._init_store_data(store)
  File "c:\users\wadhi\onedrive\documents\kuliah\magang\wisi-wise-web-odoo\addons\mail\models\res_users.py", line 398, in _init_store_data
    store.add_global_values(
  File "c:\users\wadhi\onedrive\documents\kuliah\magang\wisi-wise-web-odoo\addons\mail\tools\discuss.py", line 132, in add_global_values
    self.add_singleton_values("Store", values)
  File "c:\users\wadhi\onedrive\documents\kuliah\magang\wisi-wise-web-odoo\addons\mail\tools\discuss.py", line 181, in add_singleton_values
    self._add_values(values, model_name)
  File "c:\users\wadhi\onedrive\documents\kuliah\magang\wisi-wise-web-odoo\addons\mail\tools\discuss.py", line 232, in _add_values
    val._add_to_store(self, target, key)
  File "c:\users\wadhi\onedrive\documents\kuliah\magang\wisi-wise-web-odoo\addons\mail\tools\discuss.py", line 479, in _add_to_store
    super()._add_to_store(store, target, key)
  File "c:\users\wadhi\onedrive\documents\kuliah\magang\wisi-wise-web-odoo\addons\mail\tools\discuss.py", line 447, in _add_to_store
    store.add(self.records, self.fields, as_thread=self.as_thread, **self.kwargs)
  File "c:\users\wadhi\onedrive\documents\kuliah\magang\wisi-wise-web-odoo\addons\mail\tools\discuss.py", line 124, in add
    self.add_records_fields(records, fields)
  File "c:\users\wadhi\onedrive\documents\kuliah\magang\wisi-wise-web-odoo\addons\mail\tools\discuss.py", line 162, in add_records_fields
    for record, record_data_list in zip(records, self._get_records_data_list(records, fields)):
                                                 ^^^^^^^^^^^^^^^^^^^^^^^^^^^^^^^^^^^^^^^^^^^^
  File "c:\users\wadhi\onedrive\documents\kuliah\magang\wisi-wise-web-odoo\addons\mail\tools\discuss.py", line 268, in _get_records_data_list
    for data_dict in records._read_format(
                     ^^^^^^^^^^^^^^^^^^^^^
  File "C:\Users\wadhi\OneDrive\Documents\KULIAH\MAGANG\wisi-wise-web-odoo\odoo\orm\models.py", line 3747, in _read_format
    vals[name] = convert(record[name], record, use_display_name)
                         ~~~~~~^^^^^^
  File "C:\Users\wadhi\OneDrive\Documents\KULIAH\MAGANG\wisi-wise-web-odoo\odoo\orm\models.py", line 6686, in __getitem__
    return self._fields[key].__get__(self)
           ^^^^^^^^^^^^^^^^^^^^^^^^^^^^^^^
  File "C:\Users\wadhi\OneDrive\Documents\KULIAH\MAGANG\wisi-wise-web-odoo\odoo\orm\fields.py", line 1746, in __get__
    self.compute_value(recs)
  File "C:\Users\wadhi\OneDrive\Documents\KULIAH\MAGANG\wisi-wise-web-odoo\odoo\orm\fields.py", line 1917, in compute_value
    records._compute_field_value(self)
  File "c:\users\wadhi\onedrive\documents\kuliah\magang\wisi-wise-web-odoo\addons\mail\models\mail_thread.py", line 483, in _compute_field_value
    return super()._compute_field_value(field)
           ^^^^^^^^^^^^^^^^^^^^^^^^^^^^^^^^^^^
  File "C:\Users\wadhi\OneDrive\Documents\KULIAH\MAGANG\wisi-wise-web-odoo\odoo\orm\models.py", line 4952, in _compute_field_value
    determine(field.compute, self)
  File "C:\Users\wadhi\OneDrive\Documents\KULIAH\MAGANG\wisi-wise-web-odoo\odoo\orm\fields.py", line 81, in determine
    return needle(*args)
           ^^^^^^^^^^^^^
  File "c:\users\wadhi\onedrive\documents\kuliah\magang\wisi-wise-web-odoo\addons\hr_homeworking\models\res_partner.py", line 13, in _compute_im_status
    location_type = user[dayfield].location_type
                    ~~~~^^^^^^^^^^
  File "C:\Users\wadhi\OneDrive\Documents\KULIAH\MAGANG\wisi-wise-web-odoo\odoo\orm\models.py", line 6686, in __getitem__
    return self._fields[key].__get__(self)
           ^^^^^^^^^^^^^^^^^^^^^^^^^^^^^^^
  File "C:\Users\wadhi\OneDrive\Documents\KULIAH\MAGANG\wisi-wise-web-odoo\odoo\orm\fields_relational.py", line 45, in __get__
    return super().__get__(records, owner)
           ^^^^^^^^^^^^^^^^^^^^^^^^^^^^^^^
  File "C:\Users\wadhi\OneDrive\Documents\KULIAH\MAGANG\wisi-wise-web-odoo\odoo\orm\fields.py", line 1746, in __get__
    self.compute_value(recs)
  File "C:\Users\wadhi\OneDrive\Documents\KULIAH\MAGANG\wisi-wise-web-odoo\odoo\orm\fields.py", line 1917, in compute_value
    records._compute_field_value(self)
  File "C:\Users\wadhi\OneDrive\Documents\KULIAH\MAGANG\wisi-wise-web-odoo\odoo\orm\models.py", line 4952, in _compute_field_value
    determine(field.compute, self)
  File "C:\Users\wadhi\OneDrive\Documents\KULIAH\MAGANG\wisi-wise-web-odoo\odoo\orm\fields.py", line 84, in determine
    return needle(records, *args)
           ^^^^^^^^^^^^^^^^^^^^^^
  File "C:\Users\wadhi\OneDrive\Documents\KULIAH\MAGANG\wisi-wise-web-odoo\odoo\orm\fields.py", line 708, in _compute_related
    values = [next(iter(val := value[name]), val) for value in values]
                               ~~~~~^^^^^^
  File "C:\Users\wadhi\OneDrive\Documents\KULIAH\MAGANG\wisi-wise-web-odoo\odoo\orm\models.py", line 6686, in __getitem__
    return self._fields[key].__get__(self)
           ^^^^^^^^^^^^^^^^^^^^^^^^^^^^^^^
  File "C:\Users\wadhi\OneDrive\Documents\KULIAH\MAGANG\wisi-wise-web-odoo\odoo\orm\fields_relational.py", line 45, in __get__
    return super().__get__(records, owner)
           ^^^^^^^^^^^^^^^^^^^^^^^^^^^^^^^
  File "C:\Users\wadhi\OneDrive\Documents\KULIAH\MAGANG\wisi-wise-web-odoo\odoo\orm\fields.py", line 1746, in __get__
    self.compute_value(recs)
  File "C:\Users\wadhi\OneDrive\Documents\KULIAH\MAGANG\wisi-wise-web-odoo\odoo\orm\fields.py", line 1917, in compute_value
    records._compute_field_value(self)
  File "C:\Users\wadhi\OneDrive\Documents\KULIAH\MAGANG\wisi-wise-web-odoo\odoo\orm\models.py", line 4952, in _compute_field_value
    determine(field.compute, self)
  File "C:\Users\wadhi\OneDrive\Documents\KULIAH\MAGANG\wisi-wise-web-odoo\odoo\orm\fields.py", line 81, in determine
    return needle(*args)
           ^^^^^^^^^^^^^
  File "c:\users\wadhi\onedrive\documents\kuliah\magang\wisi-wise-web-odoo\addons\hr\models\res_users.py", line 268, in _compute_company_employee
    employee.user_id: employee
    ^^^^^^^^^^^^^^^^
  File "C:\Users\wadhi\OneDrive\Documents\KULIAH\MAGANG\wisi-wise-web-odoo\odoo\orm\fields_relational.py", line 45, in __get__
    return super().__get__(records, owner)
           ^^^^^^^^^^^^^^^^^^^^^^^^^^^^^^^
  File "C:\Users\wadhi\OneDrive\Documents\KULIAH\MAGANG\wisi-wise-web-odoo\odoo\orm\fields.py", line 1702, in __get__
    recs._fetch_field(self)
  File "C:\Users\wadhi\OneDrive\Documents\KULIAH\MAGANG\wisi-wise-web-odoo\odoo\orm\models.py", line 3772, in _fetch_field
    self.fetch(fnames)
  File "c:\users\wadhi\onedrive\documents\kuliah\magang\wisi-wise-web-odoo\addons\hr\models\hr_employee.py", line 1109, in fetch
    return super().fetch(field_names)
           ^^^^^^^^^^^^^^^^^^^^^^^^^^
  File "C:\Users\wadhi\OneDrive\Documents\KULIAH\MAGANG\wisi-wise-web-odoo\odoo\orm\models.py", line 3812, in fetch
    fetched = self._fetch_query(query, fields_to_fetch)
              ^^^^^^^^^^^^^^^^^^^^^^^^^^^^^^^^^^^^^^^^^
  File "C:\Users\wadhi\OneDrive\Documents\KULIAH\MAGANG\wisi-wise-web-odoo\odoo\orm\models.py", line 3917, in _fetch_query
    rows = self.env.execute_query(query.select(*sql_terms))
           ^^^^^^^^^^^^^^^^^^^^^^^^^^^^^^^^^^^^^^^^^^^^^^^^
  File "C:\Users\wadhi\OneDrive\Documents\KULIAH\MAGANG\wisi-wise-web-odoo\odoo\orm\environments.py", line 534, in execute_query
    self.cr.execute(query)
  File "C:\Users\wadhi\OneDrive\Documents\KULIAH\MAGANG\wisi-wise-web-odoo\odoo\sql_db.py", line 433, in execute
    self._obj.execute(query, params)
psycopg2.errors.UndefinedColumn: column hr_employee.nomor_ip does not exist
LINE 1: ...ocation_id", "hr_employee"."today_location_name", "hr_employ...
                                                             ^
HINT:  Perhaps you meant to reference the column "hr_employee.nomor_bpjs".

2026-02-26 08:34:15,432 10252 INFO wsi_2026 werkzeug: 127.0.0.1 - - [26/Feb/2026 08:34:15] "GET /odoo HTTP/1.1" 500 - 22 0.024 0.023
2026-02-26 08:34:15,726 10252 ERROR wsi_2026 odoo.sql_db: bad query: b'SELECT "hr_employee"."id", "hr_employee"."resource_id", "hr_employee"."company_id", "hr_employee"."message_main_attachment_id", "hr_employee"."current_version_id", "hr_employee"."name", "hr_employee"."user_id", "hr_employee"."active", "hr_employee"."work_phone", "hr_employee"."mobile_phone", "hr_employee"."work_email", "hr_employee"."work_contact_id", "hr_employee"."legal_name", "hr_employee"."private_phone", "hr_employee"."private_email", "hr_employee"."lang", "hr_employee"."place_of_birth", "hr_employee"."country_of_birth", "hr_employee"."birthday", "hr_employee"."birthday_public_display", "hr_employee"."salary_distribution", "hr_employee"."permit_no", "hr_employee"."visa_no", "hr_employee"."visa_expire", "hr_employee"."work_permit_expiration_date", "hr_employee"."work_permit_scheduled_activity", "hr_employee"."certificate", "hr_employee"."study_field", "hr_employee"."study_school", "hr_employee"."emergency_contact", "hr_employee"."emergency_phone", "hr_employee"."parent_id", "hr_employee"."coach_id", "hr_employee"."color", "hr_employee"."barcode", "hr_employee"."pin", "hr_employee"."private_car_plate", "hr_employee"."create_uid", "hr_employee"."create_date", "hr_employee"."write_uid", "hr_employee"."write_date", "hr_employee"."attendance_manager_id", "hr_employee"."last_attendance_id", "hr_employee"."last_check_in", "hr_employee"."last_check_out", "hr_employee"."leave_manager_id", "hr_employee"."monday_location_id", "hr_employee"."tuesday_location_id", "hr_employee"."wednesday_location_id", "hr_employee"."thursday_location_id", "hr_employee"."friday_location_id", "hr_employee"."saturday_location_id", "hr_employee"."sunday_location_id", "hr_employee"."today_location_name", "hr_employee"."nomor_ip", "hr_employee"."nomor_bpjs", "hr_employee"."akun_sosmed" FROM "hr_employee" WHERE "hr_employee"."id" IN (1)'
ERROR: column hr_employee.nomor_ip does not exist
LINE 1: ...ocation_id", "hr_employee"."today_location_name", "hr_employ...
                                                             ^
HINT:  Perhaps you meant to reference the column "hr_employee.nomor_bpjs".
 
2026-02-26 08:34:15,727 10252 ERROR wsi_2026 odoo.http: Exception during request handling. 
Traceback (most recent call last):
  File "C:\Users\wadhi\OneDrive\Documents\KULIAH\MAGANG\wisi-wise-web-odoo\odoo\http.py", line 2800, in __call__
    response = request._serve_db()
               ^^^^^^^^^^^^^^^^^^^
  File "C:\Users\wadhi\OneDrive\Documents\KULIAH\MAGANG\wisi-wise-web-odoo\odoo\http.py", line 2275, in _serve_db
    raise self._update_served_exception(exc)
  File "C:\Users\wadhi\OneDrive\Documents\KULIAH\MAGANG\wisi-wise-web-odoo\odoo\http.py", line 2273, in _serve_db
    return service_model.retrying(serve_func, env=self.env)
           ^^^^^^^^^^^^^^^^^^^^^^^^^^^^^^^^^^^^^^^^^^^^^^^^
  File "C:\Users\wadhi\OneDrive\Documents\KULIAH\MAGANG\wisi-wise-web-odoo\odoo\service\model.py", line 185, in retrying
    result = func()
             ^^^^^^
  File "C:\Users\wadhi\OneDrive\Documents\KULIAH\MAGANG\wisi-wise-web-odoo\odoo\http.py", line 2328, in _serve_ir_http
    response = self.dispatcher.dispatch(rule.endpoint, args)
               ^^^^^^^^^^^^^^^^^^^^^^^^^^^^^^^^^^^^^^^^^^^^^
  File "C:\Users\wadhi\OneDrive\Documents\KULIAH\MAGANG\wisi-wise-web-odoo\odoo\http.py", line 2450, in dispatch
    return self.request.registry['ir.http']._dispatch(endpoint)
           ^^^^^^^^^^^^^^^^^^^^^^^^^^^^^^^^^^^^^^^^^^^^^^^^^^^^
  File "C:\Users\wadhi\OneDrive\Documents\KULIAH\MAGANG\wisi-wise-web-odoo\odoo\addons\base\models\ir_http.py", line 355, in _dispatch
    result = endpoint(**request.params)
             ^^^^^^^^^^^^^^^^^^^^^^^^^^
  File "C:\Users\wadhi\OneDrive\Documents\KULIAH\MAGANG\wisi-wise-web-odoo\odoo\http.py", line 788, in route_wrapper
    result = endpoint(self, *args, **params_ok)
             ^^^^^^^^^^^^^^^^^^^^^^^^^^^^^^^^^^
  File "c:\users\wadhi\onedrive\documents\kuliah\magang\wisi-wise-web-odoo\addons\portal\controllers\web.py", line 27, in web_client
    return super().web_client(s_action, **kw)
           ^^^^^^^^^^^^^^^^^^^^^^^^^^^^^^^^^^
  File "C:\Users\wadhi\OneDrive\Documents\KULIAH\MAGANG\wisi-wise-web-odoo\odoo\http.py", line 788, in route_wrapper
    result = endpoint(self, *args, **params_ok)
             ^^^^^^^^^^^^^^^^^^^^^^^^^^^^^^^^^^
  File "c:\users\wadhi\onedrive\documents\kuliah\magang\wisi-wise-web-odoo\addons\web\controllers\home.py", line 68, in web_client
    context = request.env['ir.http'].webclient_rendering_context()
              ^^^^^^^^^^^^^^^^^^^^^^^^^^^^^^^^^^^^^^^^^^^^^^^^^^^^
  File "c:\users\wadhi\onedrive\documents\kuliah\magang\wisi-wise-web-odoo\addons\web\models\ir_http.py", line 69, in webclient_rendering_context
    'session_info': self.session_info(),
                    ^^^^^^^^^^^^^^^^^^^
  File "c:\users\wadhi\onedrive\documents\kuliah\magang\wisi-wise-web-odoo\addons\partner_autocomplete\models\ir_http.py", line 12, in session_info
    session_info = super().session_info()
                   ^^^^^^^^^^^^^^^^^^^^^^
  File "c:\users\wadhi\onedrive\documents\kuliah\magang\wisi-wise-web-odoo\addons\mail\models\ir_http.py", line 22, in session_info
    ResUsers._init_store_data(store)
  File "c:\users\wadhi\onedrive\documents\kuliah\magang\wisi-wise-web-odoo\addons\mail\models\discuss\res_users.py", line 57, in _init_store_data
    super()._init_store_data(store)
  File "c:\users\wadhi\onedrive\documents\kuliah\magang\wisi-wise-web-odoo\addons\mail\models\res_users.py", line 398, in _init_store_data
    store.add_global_values(
  File "c:\users\wadhi\onedrive\documents\kuliah\magang\wisi-wise-web-odoo\addons\mail\tools\discuss.py", line 132, in add_global_values
    self.add_singleton_values("Store", values)
  File "c:\users\wadhi\onedrive\documents\kuliah\magang\wisi-wise-web-odoo\addons\mail\tools\discuss.py", line 181, in add_singleton_values
    self._add_values(values, model_name)
  File "c:\users\wadhi\onedrive\documents\kuliah\magang\wisi-wise-web-odoo\addons\mail\tools\discuss.py", line 232, in _add_values
    val._add_to_store(self, target, key)
  File "c:\users\wadhi\onedrive\documents\kuliah\magang\wisi-wise-web-odoo\addons\mail\tools\discuss.py", line 479, in _add_to_store
    super()._add_to_store(store, target, key)
  File "c:\users\wadhi\onedrive\documents\kuliah\magang\wisi-wise-web-odoo\addons\mail\tools\discuss.py", line 447, in _add_to_store
    store.add(self.records, self.fields, as_thread=self.as_thread, **self.kwargs)
  File "c:\users\wadhi\onedrive\documents\kuliah\magang\wisi-wise-web-odoo\addons\mail\tools\discuss.py", line 124, in add
    self.add_records_fields(records, fields)
  File "c:\users\wadhi\onedrive\documents\kuliah\magang\wisi-wise-web-odoo\addons\mail\tools\discuss.py", line 162, in add_records_fields
    for record, record_data_list in zip(records, self._get_records_data_list(records, fields)):
                                                 ^^^^^^^^^^^^^^^^^^^^^^^^^^^^^^^^^^^^^^^^^^^^
  File "c:\users\wadhi\onedrive\documents\kuliah\magang\wisi-wise-web-odoo\addons\mail\tools\discuss.py", line 268, in _get_records_data_list
    for data_dict in records._read_format(
                     ^^^^^^^^^^^^^^^^^^^^^
  File "C:\Users\wadhi\OneDrive\Documents\KULIAH\MAGANG\wisi-wise-web-odoo\odoo\orm\models.py", line 3747, in _read_format
    vals[name] = convert(record[name], record, use_display_name)
                         ~~~~~~^^^^^^
  File "C:\Users\wadhi\OneDrive\Documents\KULIAH\MAGANG\wisi-wise-web-odoo\odoo\orm\models.py", line 6686, in __getitem__
    return self._fields[key].__get__(self)
           ^^^^^^^^^^^^^^^^^^^^^^^^^^^^^^^
  File "C:\Users\wadhi\OneDrive\Documents\KULIAH\MAGANG\wisi-wise-web-odoo\odoo\orm\fields.py", line 1746, in __get__
    self.compute_value(recs)
  File "C:\Users\wadhi\OneDrive\Documents\KULIAH\MAGANG\wisi-wise-web-odoo\odoo\orm\fields.py", line 1917, in compute_value
    records._compute_field_value(self)
  File "c:\users\wadhi\onedrive\documents\kuliah\magang\wisi-wise-web-odoo\addons\mail\models\mail_thread.py", line 483, in _compute_field_value
    return super()._compute_field_value(field)
           ^^^^^^^^^^^^^^^^^^^^^^^^^^^^^^^^^^^
  File "C:\Users\wadhi\OneDrive\Documents\KULIAH\MAGANG\wisi-wise-web-odoo\odoo\orm\models.py", line 4952, in _compute_field_value
    determine(field.compute, self)
  File "C:\Users\wadhi\OneDrive\Documents\KULIAH\MAGANG\wisi-wise-web-odoo\odoo\orm\fields.py", line 81, in determine
    return needle(*args)
           ^^^^^^^^^^^^^
  File "c:\users\wadhi\onedrive\documents\kuliah\magang\wisi-wise-web-odoo\addons\hr_homeworking\models\res_partner.py", line 13, in _compute_im_status
    location_type = user[dayfield].location_type
                    ~~~~^^^^^^^^^^
  File "C:\Users\wadhi\OneDrive\Documents\KULIAH\MAGANG\wisi-wise-web-odoo\odoo\orm\models.py", line 6686, in __getitem__
    return self._fields[key].__get__(self)
           ^^^^^^^^^^^^^^^^^^^^^^^^^^^^^^^
  File "C:\Users\wadhi\OneDrive\Documents\KULIAH\MAGANG\wisi-wise-web-odoo\odoo\orm\fields_relational.py", line 45, in __get__
    return super().__get__(records, owner)
           ^^^^^^^^^^^^^^^^^^^^^^^^^^^^^^^
  File "C:\Users\wadhi\OneDrive\Documents\KULIAH\MAGANG\wisi-wise-web-odoo\odoo\orm\fields.py", line 1746, in __get__
    self.compute_value(recs)
  File "C:\Users\wadhi\OneDrive\Documents\KULIAH\MAGANG\wisi-wise-web-odoo\odoo\orm\fields.py", line 1917, in compute_value
    records._compute_field_value(self)
  File "C:\Users\wadhi\OneDrive\Documents\KULIAH\MAGANG\wisi-wise-web-odoo\odoo\orm\models.py", line 4952, in _compute_field_value
    determine(field.compute, self)
  File "C:\Users\wadhi\OneDrive\Documents\KULIAH\MAGANG\wisi-wise-web-odoo\odoo\orm\fields.py", line 84, in determine
    return needle(records, *args)
           ^^^^^^^^^^^^^^^^^^^^^^
  File "C:\Users\wadhi\OneDrive\Documents\KULIAH\MAGANG\wisi-wise-web-odoo\odoo\orm\fields.py", line 708, in _compute_related
    values = [next(iter(val := value[name]), val) for value in values]
                               ~~~~~^^^^^^
  File "C:\Users\wadhi\OneDrive\Documents\KULIAH\MAGANG\wisi-wise-web-odoo\odoo\orm\models.py", line 6686, in __getitem__
    return self._fields[key].__get__(self)
           ^^^^^^^^^^^^^^^^^^^^^^^^^^^^^^^
  File "C:\Users\wadhi\OneDrive\Documents\KULIAH\MAGANG\wisi-wise-web-odoo\odoo\orm\fields_relational.py", line 45, in __get__
    return super().__get__(records, owner)
           ^^^^^^^^^^^^^^^^^^^^^^^^^^^^^^^
  File "C:\Users\wadhi\OneDrive\Documents\KULIAH\MAGANG\wisi-wise-web-odoo\odoo\orm\fields.py", line 1746, in __get__
    self.compute_value(recs)
  File "C:\Users\wadhi\OneDrive\Documents\KULIAH\MAGANG\wisi-wise-web-odoo\odoo\orm\fields.py", line 1917, in compute_value
    records._compute_field_value(self)
  File "C:\Users\wadhi\OneDrive\Documents\KULIAH\MAGANG\wisi-wise-web-odoo\odoo\orm\models.py", line 4952, in _compute_field_value
    determine(field.compute, self)
  File "C:\Users\wadhi\OneDrive\Documents\KULIAH\MAGANG\wisi-wise-web-odoo\odoo\orm\fields.py", line 81, in determine
    return needle(*args)
           ^^^^^^^^^^^^^
  File "c:\users\wadhi\onedrive\documents\kuliah\magang\wisi-wise-web-odoo\addons\hr\models\res_users.py", line 268, in _compute_company_employee
    employee.user_id: employee
    ^^^^^^^^^^^^^^^^
  File "C:\Users\wadhi\OneDrive\Documents\KULIAH\MAGANG\wisi-wise-web-odoo\odoo\orm\fields_relational.py", line 45, in __get__
    return super().__get__(records, owner)
           ^^^^^^^^^^^^^^^^^^^^^^^^^^^^^^^
  File "C:\Users\wadhi\OneDrive\Documents\KULIAH\MAGANG\wisi-wise-web-odoo\odoo\orm\fields.py", line 1702, in __get__
    recs._fetch_field(self)
  File "C:\Users\wadhi\OneDrive\Documents\KULIAH\MAGANG\wisi-wise-web-odoo\odoo\orm\models.py", line 3772, in _fetch_field
    self.fetch(fnames)
  File "c:\users\wadhi\onedrive\documents\kuliah\magang\wisi-wise-web-odoo\addons\hr\models\hr_employee.py", line 1109, in fetch
    return super().fetch(field_names)
           ^^^^^^^^^^^^^^^^^^^^^^^^^^
  File "C:\Users\wadhi\OneDrive\Documents\KULIAH\MAGANG\wisi-wise-web-odoo\odoo\orm\models.py", line 3812, in fetch
    fetched = self._fetch_query(query, fields_to_fetch)
              ^^^^^^^^^^^^^^^^^^^^^^^^^^^^^^^^^^^^^^^^^
  File "C:\Users\wadhi\OneDrive\Documents\KULIAH\MAGANG\wisi-wise-web-odoo\odoo\orm\models.py", line 3917, in _fetch_query
    rows = self.env.execute_query(query.select(*sql_terms))
           ^^^^^^^^^^^^^^^^^^^^^^^^^^^^^^^^^^^^^^^^^^^^^^^^
  File "C:\Users\wadhi\OneDrive\Documents\KULIAH\MAGANG\wisi-wise-web-odoo\odoo\orm\environments.py", line 534, in execute_query
    self.cr.execute(query)
  File "C:\Users\wadhi\OneDrive\Documents\KULIAH\MAGANG\wisi-wise-web-odoo\odoo\sql_db.py", line 433, in execute
    self._obj.execute(query, params)
psycopg2.errors.UndefinedColumn: column hr_employee.nomor_ip does not exist
LINE 1: ...ocation_id", "hr_employee"."today_location_name", "hr_employ...
                                                             ^
HINT:  Perhaps you meant to reference the column "hr_employee.nomor_bpjs".

2026-02-26 08:34:15,735 10252 INFO wsi_2026 werkzeug: 127.0.0.1 - - [26/Feb/2026 08:34:15] "GET /odoo HTTP/1.1" 500 - 22 0.018 0.028
2026-02-26 08:34:15,906 10252 ERROR wsi_2026 odoo.sql_db: bad query: b'SELECT "hr_employee"."id", "hr_employee"."resource_id", "hr_employee"."company_id", "hr_employee"."message_main_attachment_id", "hr_employee"."current_version_id", "hr_employee"."name", "hr_employee"."user_id", "hr_employee"."active", "hr_employee"."work_phone", "hr_employee"."mobile_phone", "hr_employee"."work_email", "hr_employee"."work_contact_id", "hr_employee"."legal_name", "hr_employee"."private_phone", "hr_employee"."private_email", "hr_employee"."lang", "hr_employee"."place_of_birth", "hr_employee"."country_of_birth", "hr_employee"."birthday", "hr_employee"."birthday_public_display", "hr_employee"."salary_distribution", "hr_employee"."permit_no", "hr_employee"."visa_no", "hr_employee"."visa_expire", "hr_employee"."work_permit_expiration_date", "hr_employee"."work_permit_scheduled_activity", "hr_employee"."certificate", "hr_employee"."study_field", "hr_employee"."study_school", "hr_employee"."emergency_contact", "hr_employee"."emergency_phone", "hr_employee"."parent_id", "hr_employee"."coach_id", "hr_employee"."color", "hr_employee"."barcode", "hr_employee"."pin", "hr_employee"."private_car_plate", "hr_employee"."create_uid", "hr_employee"."create_date", "hr_employee"."write_uid", "hr_employee"."write_date", "hr_employee"."attendance_manager_id", "hr_employee"."last_attendance_id", "hr_employee"."last_check_in", "hr_employee"."last_check_out", "hr_employee"."leave_manager_id", "hr_employee"."monday_location_id", "hr_employee"."tuesday_location_id", "hr_employee"."wednesday_location_id", "hr_employee"."thursday_location_id", "hr_employee"."friday_location_id", "hr_employee"."saturday_location_id", "hr_employee"."sunday_location_id", "hr_employee"."today_location_name", "hr_employee"."nomor_ip", "hr_employee"."nomor_bpjs", "hr_employee"."akun_sosmed" FROM "hr_employee" WHERE "hr_employee"."id" IN (1)'
ERROR: column hr_employee.nomor_ip does not exist
LINE 1: ...ocation_id", "hr_employee"."today_location_name", "hr_employ...
                                                             ^
HINT:  Perhaps you meant to reference the column "hr_employee.nomor_bpjs".
 
2026-02-26 08:34:15,907 10252 ERROR wsi_2026 odoo.http: Exception during request handling. 
Traceback (most recent call last):
  File "C:\Users\wadhi\OneDrive\Documents\KULIAH\MAGANG\wisi-wise-web-odoo\odoo\http.py", line 2800, in __call__
    response = request._serve_db()
               ^^^^^^^^^^^^^^^^^^^
  File "C:\Users\wadhi\OneDrive\Documents\KULIAH\MAGANG\wisi-wise-web-odoo\odoo\http.py", line 2275, in _serve_db
    raise self._update_served_exception(exc)
  File "C:\Users\wadhi\OneDrive\Documents\KULIAH\MAGANG\wisi-wise-web-odoo\odoo\http.py", line 2273, in _serve_db
    return service_model.retrying(serve_func, env=self.env)
           ^^^^^^^^^^^^^^^^^^^^^^^^^^^^^^^^^^^^^^^^^^^^^^^^
  File "C:\Users\wadhi\OneDrive\Documents\KULIAH\MAGANG\wisi-wise-web-odoo\odoo\service\model.py", line 185, in retrying
    result = func()
             ^^^^^^
  File "C:\Users\wadhi\OneDrive\Documents\KULIAH\MAGANG\wisi-wise-web-odoo\odoo\http.py", line 2328, in _serve_ir_http
    response = self.dispatcher.dispatch(rule.endpoint, args)
               ^^^^^^^^^^^^^^^^^^^^^^^^^^^^^^^^^^^^^^^^^^^^^
  File "C:\Users\wadhi\OneDrive\Documents\KULIAH\MAGANG\wisi-wise-web-odoo\odoo\http.py", line 2450, in dispatch
    return self.request.registry['ir.http']._dispatch(endpoint)
           ^^^^^^^^^^^^^^^^^^^^^^^^^^^^^^^^^^^^^^^^^^^^^^^^^^^^
  File "C:\Users\wadhi\OneDrive\Documents\KULIAH\MAGANG\wisi-wise-web-odoo\odoo\addons\base\models\ir_http.py", line 355, in _dispatch
    result = endpoint(**request.params)
             ^^^^^^^^^^^^^^^^^^^^^^^^^^
  File "C:\Users\wadhi\OneDrive\Documents\KULIAH\MAGANG\wisi-wise-web-odoo\odoo\http.py", line 788, in route_wrapper
    result = endpoint(self, *args, **params_ok)
             ^^^^^^^^^^^^^^^^^^^^^^^^^^^^^^^^^^
  File "c:\users\wadhi\onedrive\documents\kuliah\magang\wisi-wise-web-odoo\addons\portal\controllers\web.py", line 27, in web_client
    return super().web_client(s_action, **kw)
           ^^^^^^^^^^^^^^^^^^^^^^^^^^^^^^^^^^
  File "C:\Users\wadhi\OneDrive\Documents\KULIAH\MAGANG\wisi-wise-web-odoo\odoo\http.py", line 788, in route_wrapper
    result = endpoint(self, *args, **params_ok)
             ^^^^^^^^^^^^^^^^^^^^^^^^^^^^^^^^^^
  File "c:\users\wadhi\onedrive\documents\kuliah\magang\wisi-wise-web-odoo\addons\web\controllers\home.py", line 68, in web_client
    context = request.env['ir.http'].webclient_rendering_context()
              ^^^^^^^^^^^^^^^^^^^^^^^^^^^^^^^^^^^^^^^^^^^^^^^^^^^^
  File "c:\users\wadhi\onedrive\documents\kuliah\magang\wisi-wise-web-odoo\addons\web\models\ir_http.py", line 69, in webclient_rendering_context
    'session_info': self.session_info(),
                    ^^^^^^^^^^^^^^^^^^^
  File "c:\users\wadhi\onedrive\documents\kuliah\magang\wisi-wise-web-odoo\addons\partner_autocomplete\models\ir_http.py", line 12, in session_info
    session_info = super().session_info()
                   ^^^^^^^^^^^^^^^^^^^^^^
  File "c:\users\wadhi\onedrive\documents\kuliah\magang\wisi-wise-web-odoo\addons\mail\models\ir_http.py", line 22, in session_info
    ResUsers._init_store_data(store)
  File "c:\users\wadhi\onedrive\documents\kuliah\magang\wisi-wise-web-odoo\addons\mail\models\discuss\res_users.py", line 57, in _init_store_data
    super()._init_store_data(store)
  File "c:\users\wadhi\onedrive\documents\kuliah\magang\wisi-wise-web-odoo\addons\mail\models\res_users.py", line 398, in _init_store_data
    store.add_global_values(
  File "c:\users\wadhi\onedrive\documents\kuliah\magang\wisi-wise-web-odoo\addons\mail\tools\discuss.py", line 132, in add_global_values
    self.add_singleton_values("Store", values)
  File "c:\users\wadhi\onedrive\documents\kuliah\magang\wisi-wise-web-odoo\addons\mail\tools\discuss.py", line 181, in add_singleton_values
    self._add_values(values, model_name)
  File "c:\users\wadhi\onedrive\documents\kuliah\magang\wisi-wise-web-odoo\addons\mail\tools\discuss.py", line 232, in _add_values
    val._add_to_store(self, target, key)
  File "c:\users\wadhi\onedrive\documents\kuliah\magang\wisi-wise-web-odoo\addons\mail\tools\discuss.py", line 479, in _add_to_store
    super()._add_to_store(store, target, key)
  File "c:\users\wadhi\onedrive\documents\kuliah\magang\wisi-wise-web-odoo\addons\mail\tools\discuss.py", line 447, in _add_to_store
    store.add(self.records, self.fields, as_thread=self.as_thread, **self.kwargs)
  File "c:\users\wadhi\onedrive\documents\kuliah\magang\wisi-wise-web-odoo\addons\mail\tools\discuss.py", line 124, in add
    self.add_records_fields(records, fields)
  File "c:\users\wadhi\onedrive\documents\kuliah\magang\wisi-wise-web-odoo\addons\mail\tools\discuss.py", line 162, in add_records_fields
    for record, record_data_list in zip(records, self._get_records_data_list(records, fields)):
                                                 ^^^^^^^^^^^^^^^^^^^^^^^^^^^^^^^^^^^^^^^^^^^^
  File "c:\users\wadhi\onedrive\documents\kuliah\magang\wisi-wise-web-odoo\addons\mail\tools\discuss.py", line 268, in _get_records_data_list
    for data_dict in records._read_format(
                     ^^^^^^^^^^^^^^^^^^^^^
  File "C:\Users\wadhi\OneDrive\Documents\KULIAH\MAGANG\wisi-wise-web-odoo\odoo\orm\models.py", line 3747, in _read_format
    vals[name] = convert(record[name], record, use_display_name)
                         ~~~~~~^^^^^^
  File "C:\Users\wadhi\OneDrive\Documents\KULIAH\MAGANG\wisi-wise-web-odoo\odoo\orm\models.py", line 6686, in __getitem__
    return self._fields[key].__get__(self)
           ^^^^^^^^^^^^^^^^^^^^^^^^^^^^^^^
  File "C:\Users\wadhi\OneDrive\Documents\KULIAH\MAGANG\wisi-wise-web-odoo\odoo\orm\fields.py", line 1746, in __get__
    self.compute_value(recs)
  File "C:\Users\wadhi\OneDrive\Documents\KULIAH\MAGANG\wisi-wise-web-odoo\odoo\orm\fields.py", line 1917, in compute_value
    records._compute_field_value(self)
  File "c:\users\wadhi\onedrive\documents\kuliah\magang\wisi-wise-web-odoo\addons\mail\models\mail_thread.py", line 483, in _compute_field_value
    return super()._compute_field_value(field)
           ^^^^^^^^^^^^^^^^^^^^^^^^^^^^^^^^^^^
  File "C:\Users\wadhi\OneDrive\Documents\KULIAH\MAGANG\wisi-wise-web-odoo\odoo\orm\models.py", line 4952, in _compute_field_value
    determine(field.compute, self)
  File "C:\Users\wadhi\OneDrive\Documents\KULIAH\MAGANG\wisi-wise-web-odoo\odoo\orm\fields.py", line 81, in determine
    return needle(*args)
           ^^^^^^^^^^^^^
  File "c:\users\wadhi\onedrive\documents\kuliah\magang\wisi-wise-web-odoo\addons\hr_homeworking\models\res_partner.py", line 13, in _compute_im_status
    location_type = user[dayfield].location_type
                    ~~~~^^^^^^^^^^
  File "C:\Users\wadhi\OneDrive\Documents\KULIAH\MAGANG\wisi-wise-web-odoo\odoo\orm\models.py", line 6686, in __getitem__
    return self._fields[key].__get__(self)
           ^^^^^^^^^^^^^^^^^^^^^^^^^^^^^^^
  File "C:\Users\wadhi\OneDrive\Documents\KULIAH\MAGANG\wisi-wise-web-odoo\odoo\orm\fields_relational.py", line 45, in __get__
    return super().__get__(records, owner)
           ^^^^^^^^^^^^^^^^^^^^^^^^^^^^^^^
  File "C:\Users\wadhi\OneDrive\Documents\KULIAH\MAGANG\wisi-wise-web-odoo\odoo\orm\fields.py", line 1746, in __get__
    self.compute_value(recs)
  File "C:\Users\wadhi\OneDrive\Documents\KULIAH\MAGANG\wisi-wise-web-odoo\odoo\orm\fields.py", line 1917, in compute_value
    records._compute_field_value(self)
  File "C:\Users\wadhi\OneDrive\Documents\KULIAH\MAGANG\wisi-wise-web-odoo\odoo\orm\models.py", line 4952, in _compute_field_value
    determine(field.compute, self)
  File "C:\Users\wadhi\OneDrive\Documents\KULIAH\MAGANG\wisi-wise-web-odoo\odoo\orm\fields.py", line 84, in determine
    return needle(records, *args)
           ^^^^^^^^^^^^^^^^^^^^^^
  File "C:\Users\wadhi\OneDrive\Documents\KULIAH\MAGANG\wisi-wise-web-odoo\odoo\orm\fields.py", line 708, in _compute_related
    values = [next(iter(val := value[name]), val) for value in values]
                               ~~~~~^^^^^^
  File "C:\Users\wadhi\OneDrive\Documents\KULIAH\MAGANG\wisi-wise-web-odoo\odoo\orm\models.py", line 6686, in __getitem__
    return self._fields[key].__get__(self)
           ^^^^^^^^^^^^^^^^^^^^^^^^^^^^^^^
  File "C:\Users\wadhi\OneDrive\Documents\KULIAH\MAGANG\wisi-wise-web-odoo\odoo\orm\fields_relational.py", line 45, in __get__
    return super().__get__(records, owner)
           ^^^^^^^^^^^^^^^^^^^^^^^^^^^^^^^
  File "C:\Users\wadhi\OneDrive\Documents\KULIAH\MAGANG\wisi-wise-web-odoo\odoo\orm\fields.py", line 1746, in __get__
    self.compute_value(recs)
  File "C:\Users\wadhi\OneDrive\Documents\KULIAH\MAGANG\wisi-wise-web-odoo\odoo\orm\fields.py", line 1917, in compute_value
    records._compute_field_value(self)
  File "C:\Users\wadhi\OneDrive\Documents\KULIAH\MAGANG\wisi-wise-web-odoo\odoo\orm\models.py", line 4952, in _compute_field_value
    determine(field.compute, self)
  File "C:\Users\wadhi\OneDrive\Documents\KULIAH\MAGANG\wisi-wise-web-odoo\odoo\orm\fields.py", line 81, in determine
    return needle(*args)
           ^^^^^^^^^^^^^
  File "c:\users\wadhi\onedrive\documents\kuliah\magang\wisi-wise-web-odoo\addons\hr\models\res_users.py", line 268, in _compute_company_employee
    employee.user_id: employee
    ^^^^^^^^^^^^^^^^
  File "C:\Users\wadhi\OneDrive\Documents\KULIAH\MAGANG\wisi-wise-web-odoo\odoo\orm\fields_relational.py", line 45, in __get__
    return super().__get__(records, owner)
           ^^^^^^^^^^^^^^^^^^^^^^^^^^^^^^^
  File "C:\Users\wadhi\OneDrive\Documents\KULIAH\MAGANG\wisi-wise-web-odoo\odoo\orm\fields.py", line 1702, in __get__
    recs._fetch_field(self)
  File "C:\Users\wadhi\OneDrive\Documents\KULIAH\MAGANG\wisi-wise-web-odoo\odoo\orm\models.py", line 3772, in _fetch_field
    self.fetch(fnames)
  File "c:\users\wadhi\onedrive\documents\kuliah\magang\wisi-wise-web-odoo\addons\hr\models\hr_employee.py", line 1109, in fetch
    return super().fetch(field_names)
           ^^^^^^^^^^^^^^^^^^^^^^^^^^
  File "C:\Users\wadhi\OneDrive\Documents\KULIAH\MAGANG\wisi-wise-web-odoo\odoo\orm\models.py", line 3812, in fetch
    fetched = self._fetch_query(query, fields_to_fetch)
              ^^^^^^^^^^^^^^^^^^^^^^^^^^^^^^^^^^^^^^^^^
  File "C:\Users\wadhi\OneDrive\Documents\KULIAH\MAGANG\wisi-wise-web-odoo\odoo\orm\models.py", line 3917, in _fetch_query
    rows = self.env.execute_query(query.select(*sql_terms))
           ^^^^^^^^^^^^^^^^^^^^^^^^^^^^^^^^^^^^^^^^^^^^^^^^
  File "C:\Users\wadhi\OneDrive\Documents\KULIAH\MAGANG\wisi-wise-web-odoo\odoo\orm\environments.py", line 534, in execute_query
    self.cr.execute(query)
  File "C:\Users\wadhi\OneDrive\Documents\KULIAH\MAGANG\wisi-wise-web-odoo\odoo\sql_db.py", line 433, in execute
    self._obj.execute(query, params)
psycopg2.errors.UndefinedColumn: column hr_employee.nomor_ip does not exist
LINE 1: ...ocation_id", "hr_employee"."today_location_name", "hr_employ...
                                                             ^
HINT:  Perhaps you meant to reference the column "hr_employee.nomor_bpjs".

2026-02-26 08:34:15,912 10252 INFO wsi_2026 werkzeug: 127.0.0.1 - - [26/Feb/2026 08:34:15] "GET /odoo HTTP/1.1" 500 - 22 0.020 0.027
2026-02-26 08:34:17,487 10252 INFO wsi_2026 werkzeug: 127.0.0.1 - - [26/Feb/2026 08:34:17] "GET /web/service-worker.js HTTP/1.1" 200 - 1 0.002 0.007
2026-02-26 08:34:24,028 10252 INFO ? odoo.service.server: Initiating shutdown 
2026-02-26 08:34:24,028 10252 INFO ? odoo.service.server: Hit CTRL-C again or send a second signal to force the shutdown. 
2026-02-26 08:34:24,279 10252 INFO ? odoo.sql_db: ConnectionPool(read/write;used=0/count=0/max=64): Closed 3 connections  
2026-02-26 08:34:24,293 10252 INFO ? odoo.service.server: cron1 max age (0s) reached, releasing connection. 
2026-02-26 08:34:24,293 10252 INFO ? odoo.service.server: cron0 max age (0s) reached, releasing connection. 
2026-02-26 08:35:50,087 37980 WARNING ? odoo.tools.config: missing --http-interface/http_interface, using 0.0.0.0 by default, will change to 127.0.0.1 in 20.0 
2026-02-26 08:35:50,089 37980 INFO ? odoo: Odoo version 19.0 
2026-02-26 08:35:50,089 37980 INFO ? odoo: Using configuration file at c:\users\wadhi\onedrive\documents\kuliah\magang\wisi-wise-web-odoo\odoo.conf 
2026-02-26 08:35:50,089 37980 INFO ? odoo: addons paths: _NamespacePath(['C:\\Users\\wadhi\\OneDrive\\Documents\\KULIAH\\MAGANG\\wisi-wise-web-odoo\\odoo\\addons', 'C:\\Users\\wadhi\\AppData\\Local\\OpenERP S.A.\\Odoo\\addons\\19.0', 'c:\\users\\wadhi\\onedrive\\documents\\kuliah\\magang\\wisi-wise-web-odoo\\odoo\\addons', 'c:\\users\\wadhi\\onedrive\\documents\\kuliah\\magang\\wisi-wise-web-odoo\\addons', 'c:\\users\\wadhi\\onedrive\\documents\\kuliah\\magang\\wisi-wise-web-odoo\\custom_addons']) 
2026-02-26 08:35:50,089 37980 INFO ? odoo: database: odoo@localhost:5434 
2026-02-26 08:35:51,027 37980 WARNING ? odoo.service.server: 'watchdog' module not installed. Code autoreload feature is disabled 
2026-02-26 08:35:51,037 37980 INFO ? odoo.service.server: HTTP service (werkzeug) running on LAPTOP-B7F6P6QO:8069 
2026-02-26 08:35:51,759 37980 INFO ? odoo.modules.loading: loading 1 modules... 
2026-02-26 08:35:51,769 37980 INFO ? odoo.modules.loading: 1 modules loaded in 0.01s, 0 queries (+0 extra) 
2026-02-26 08:35:51,819 37980 WARNING ? odoo.modules.module: Missing `license` key in manifest for 'wsi_hr_employee', defaulting to LGPL-3 
2026-02-26 08:35:51,832 37980 INFO ? odoo.modules.loading: loading 51 modules... 
2026-02-26 08:35:53,902 37980 INFO ? odoo.modules.loading: 51 modules loaded in 2.07s, 0 queries (+0 extra) 
2026-02-26 08:35:54,132 37980 INFO ? odoo.modules.loading: Modules loaded. 
2026-02-26 08:35:54,187 37980 INFO ? odoo.registry: Registry loaded in 2.494s 
2026-02-26 08:35:54,193 37980 INFO wsi_2026 odoo.addons.base.models.ir_http: Generating routing map for key None 
2026-02-26 08:35:58,186 37980 INFO wsi_2026 werkzeug: 127.0.0.1 - - [26/Feb/2026 08:35:58] "GET /odoo HTTP/1.1" 200 - 111 0.205 6.289
2026-02-26 08:35:58,398 37980 INFO wsi_2026 werkzeug: 127.0.0.1 - - [26/Feb/2026 08:35:58] "GET /web/manifest.webmanifest HTTP/1.1" 200 - 8 0.057 0.074
2026-02-26 08:35:58,412 37980 INFO wsi_2026 werkzeug: 127.0.0.1 - - [26/Feb/2026 08:35:58] "GET /web/webclient/load_menus HTTP/1.1" 200 - 18 0.078 0.072
2026-02-26 08:35:58,951 37980 INFO wsi_2026 werkzeug: 127.0.0.1 - - [26/Feb/2026 08:35:58] "GET /web/bundle/web_tour.interactive?lang=en_US&debug=1 HTTP/1.1" 200 - 3 0.010 0.048
2026-02-26 08:35:58,963 37980 INFO wsi_2026 werkzeug: 127.0.0.1 - - [26/Feb/2026 08:35:58] "GET /web/webclient/translations?hash=a83becbed84725601497e361b7bcb8c7ce2a2e0c&lang=en_US HTTP/1.1" 200 - 2 0.007 0.069
2026-02-26 08:35:59,000 37980 INFO wsi_2026 werkzeug: 127.0.0.1 - - [26/Feb/2026 08:35:59] "POST /web/dataset/call_kw/ir.http/lazy_session_info#ir.http.lazy_session_info HTTP/1.1" 200 - 6 0.031 0.062
2026-02-26 08:35:59,086 37980 INFO wsi_2026 werkzeug: 127.0.0.1 - - [26/Feb/2026 08:35:59] "POST /web/action/load HTTP/1.1" 200 - 6 0.015 0.019
2026-02-26 08:35:59,183 37980 INFO wsi_2026 werkzeug: 127.0.0.1 - - [26/Feb/2026 08:35:59] "POST /mail/data HTTP/1.1" 200 - 27 0.092 0.038
2026-02-26 08:35:59,273 37980 INFO wsi_2026 werkzeug: 127.0.0.1 - - [26/Feb/2026 08:35:59] "POST /mail/data HTTP/1.1" 200 - 48 0.128 0.091
2026-02-26 08:35:59,311 37980 INFO wsi_2026 werkzeug: 127.0.0.1 - - [26/Feb/2026 08:35:59] "GET /bus/websocket_worker_bundle?v=19.0-2 HTTP/1.1" 304 - 4 0.014 0.021
2026-02-26 08:35:59,331 37980 INFO wsi_2026 werkzeug: 127.0.0.1 - - [26/Feb/2026 08:35:59] "GET /web/image?model=res.users&field=avatar_128&id=2 HTTP/1.1" 304 - 15 0.033 0.034
2026-02-26 08:35:59,579 37980 INFO wsi_2026 werkzeug: 127.0.0.1 - - [26/Feb/2026 08:35:59] "POST /discuss/channel/messages HTTP/1.1" 200 - 25 0.063 0.046
2026-02-26 08:35:59,906 37980 INFO wsi_2026 werkzeug: 127.0.0.1 - - [26/Feb/2026 08:35:59] "GET /websocket?version=19.0-2 HTTP/1.1" 101 - 1 0.003 0.009
2026-02-26 08:35:59,945 37980 INFO ? odoo.addons.bus.models.bus: Bus.loop listen imbus on db postgres 
2026-02-26 08:35:59,976 37980 INFO wsi_2026 werkzeug: 127.0.0.1 - - [26/Feb/2026 08:35:59] "GET /web/bundle/web.assets_emoji?lang=en_US&debug=1 HTTP/1.1" 200 - 2 0.005 0.033
2026-02-26 08:36:01,257 37980 INFO wsi_2026 werkzeug: 127.0.0.1 - - [26/Feb/2026 08:36:01] "GET /web/service-worker.js HTTP/1.1" 200 - 1 0.002 0.007
2026-02-26 08:36:01,904 37980 INFO wsi_2026 werkzeug: 127.0.0.1 - - [26/Feb/2026 08:36:01] "POST /web/dataset/call_kw/hr.employee/search_read#hr.employee.search_read HTTP/1.1" 200 - 15 0.036 0.028
2026-02-26 08:36:05,202 37980 INFO wsi_2026 werkzeug: 127.0.0.1 - - [26/Feb/2026 08:36:05] "POST /web/action/load HTTP/1.1" 200 - 11 0.027 0.021
2026-02-26 08:36:05,367 37980 INFO wsi_2026 werkzeug: 127.0.0.1 - - [26/Feb/2026 08:36:05] "POST /web/dataset/call_kw/hr.employee/search_panel_select_range#hr.employee.search_panel_select_range HTTP/1.1" 200 - 8 0.057 0.059
2026-02-26 08:36:05,389 37980 INFO wsi_2026 werkzeug: 127.0.0.1 - - [26/Feb/2026 08:36:05] "GET /web/image/res.users/2/avatar_128 HTTP/1.1" 304 - 8 0.047 0.088
2026-02-26 08:36:05,452 37980 INFO wsi_2026 werkzeug: 127.0.0.1 - - [26/Feb/2026 08:36:05] "POST /web/dataset/call_kw/hr.employee/web_search_read#hr.employee.web_search_read HTTP/1.1" 200 - 22 0.110 0.091
2026-02-26 08:36:05,811 37980 INFO wsi_2026 werkzeug: 127.0.0.1 - - [26/Feb/2026 08:36:05] "POST /web/dataset/call_kw/hr.employee/get_views#hr.employee.get_views HTTP/1.1" 200 - 72 0.197 0.367
2026-02-26 08:36:07,911 37980 INFO wsi_2026 werkzeug: 127.0.0.1 - - [26/Feb/2026 08:36:07] "GET /sign/static/description/icon.png HTTP/1.1" 404 - 39 0.147 2.494
2026-02-26 08:36:07,931 37980 INFO wsi_2026 werkzeug: 127.0.0.1 - - [26/Feb/2026 08:36:07] "GET /ai/static/description/icon.png HTTP/1.1" 404 - 30 0.052 2.348
2026-02-26 08:36:07,985 37980 INFO wsi_2026 werkzeug: 127.0.0.1 - - [26/Feb/2026 08:36:07] "GET /hr_payroll/static/description/icon.png HTTP/1.1" 404 - 29 0.048 2.232
2026-02-26 08:36:08,011 37980 INFO wsi_2026 werkzeug: 127.0.0.1 - - [26/Feb/2026 08:36:08] "GET /hr_referral/static/description/icon.png HTTP/1.1" 404 - 29 0.084 2.242
2026-02-26 08:36:08,114 37980 INFO wsi_2026 werkzeug: 127.0.0.1 - - [26/Feb/2026 08:36:08] "GET /planning/static/description/icon.png HTTP/1.1" 404 - 29 0.074 2.271
2026-02-26 08:36:08,302 37980 INFO wsi_2026 werkzeug: 127.0.0.1 - - [26/Feb/2026 08:36:08] "POST /web/dataset/call_kw/hr.employee/web_search_read#hr.employee.web_search_read HTTP/1.1" 200 - 17 0.037 0.042
2026-02-26 08:36:08,302 37980 INFO wsi_2026 werkzeug: 127.0.0.1 - - [26/Feb/2026 08:36:08] "GET /documents/static/description/icon.png HTTP/1.1" 404 - 8 0.028 0.026
2026-02-26 08:36:08,361 37980 INFO wsi_2026 werkzeug: 127.0.0.1 - - [26/Feb/2026 08:36:08] "GET /hr_appraisal/static/description/icon.png HTTP/1.1" 404 - 29 0.072 2.153
2026-02-26 08:36:11,253 37980 INFO wsi_2026 werkzeug: 127.0.0.1 - - [26/Feb/2026 08:36:11] "POST /web/dataset/call_kw/hr.employee/web_search_read#hr.employee.web_search_read HTTP/1.1" 200 - 17 0.014 0.024
2026-02-26 08:36:19,983 37980 INFO wsi_2026 werkzeug: 127.0.0.1 - - [26/Feb/2026 08:36:19] "POST /web/action/load HTTP/1.1" 200 - 9 0.012 0.014
2026-02-26 08:36:20,389 37980 INFO wsi_2026 werkzeug: 127.0.0.1 - - [26/Feb/2026 08:36:20] "POST /web/dataset/call_kw/res.config.settings/get_views#res.config.settings.get_views HTTP/1.1" 200 - 15 0.031 0.046
2026-02-26 08:36:20,666 37980 INFO wsi_2026 werkzeug: 127.0.0.1 - - [26/Feb/2026 08:36:20] "POST /web/dataset/call_kw/res.config.settings/onchange#res.config.settings.onchange HTTP/1.1" 200 - 72 0.068 0.028
2026-02-26 08:36:20,740 37980 INFO wsi_2026 werkzeug: 127.0.0.1 - - [26/Feb/2026 08:36:20] "POST /base_setup/demo_active HTTP/1.1" 200 - 2 0.004 0.005
2026-02-26 08:36:21,081 37980 INFO wsi_2026 werkzeug: 127.0.0.1 - - [26/Feb/2026 08:36:21] "POST /base_setup/data HTTP/1.1" 200 - 6 0.012 0.005
2026-02-26 08:36:21,923 37980 INFO wsi_2026 werkzeug: 127.0.0.1 - - [26/Feb/2026 08:36:21] "POST /web/action/load HTTP/1.1" 200 - 12 0.015 0.018
2026-02-26 08:36:22,349 37980 INFO wsi_2026 werkzeug: 127.0.0.1 - - [26/Feb/2026 08:36:22] "GET /sign/static/description/icon.png HTTP/1.1" 404 - 8 0.032 0.043
2026-02-26 08:36:22,354 37980 INFO wsi_2026 werkzeug: 127.0.0.1 - - [26/Feb/2026 08:36:22] "GET /hr_referral/static/description/icon.png HTTP/1.1" 404 - 8 0.036 0.043
2026-02-26 08:36:22,355 37980 INFO wsi_2026 werkzeug: 127.0.0.1 - - [26/Feb/2026 08:36:22] "GET /ai/static/description/icon.png HTTP/1.1" 404 - 8 0.042 0.038
2026-02-26 08:36:22,378 37980 INFO wsi_2026 werkzeug: 127.0.0.1 - - [26/Feb/2026 08:36:22] "GET /hr_payroll/static/description/icon.png HTTP/1.1" 404 - 8 0.035 0.067
2026-02-26 08:36:22,384 37980 INFO wsi_2026 werkzeug: 127.0.0.1 - - [26/Feb/2026 08:36:22] "POST /web/dataset/call_kw/hr.employee/web_search_read#hr.employee.web_search_read HTTP/1.1" 200 - 17 0.064 0.046
2026-02-26 08:36:22,385 37980 INFO wsi_2026 werkzeug: 127.0.0.1 - - [26/Feb/2026 08:36:22] "GET /planning/static/description/icon.png HTTP/1.1" 404 - 8 0.041 0.055
2026-02-26 08:36:22,746 37980 INFO wsi_2026 werkzeug: 127.0.0.1 - - [26/Feb/2026 08:36:22] "GET /hr_appraisal/static/description/icon.png HTTP/1.1" 404 - 8 0.021 0.028
2026-02-26 08:36:22,754 37980 INFO wsi_2026 werkzeug: 127.0.0.1 - - [26/Feb/2026 08:36:22] "GET /documents/static/description/icon.png HTTP/1.1" 404 - 8 0.021 0.024
2026-02-26 08:36:28,288 37980 INFO wsi_2026 werkzeug: 127.0.0.1 - - [26/Feb/2026 08:36:28] "GET /odoo/employees?debug=1 HTTP/1.1" 200 - 28 0.034 0.021
2026-02-26 08:36:28,360 37980 INFO wsi_2026 werkzeug: 127.0.0.1 - - [26/Feb/2026 08:36:28] "GET /web/webclient/load_menus HTTP/1.1" 200 - 1 0.003 0.011
2026-02-26 08:36:28,543 37980 INFO wsi_2026 werkzeug: 127.0.0.1 - - [26/Feb/2026 08:36:28] "GET /web/manifest.webmanifest HTTP/1.1" 200 - 6 0.012 0.046
2026-02-26 08:36:28,796 37980 INFO wsi_2026 werkzeug: 127.0.0.1 - - [26/Feb/2026 08:36:28] "GET /web/webclient/translations?hash=a83becbed84725601497e361b7bcb8c7ce2a2e0c&lang=en_US HTTP/1.1" 200 - 1 0.001 0.004
2026-02-26 08:36:28,805 37980 INFO wsi_2026 werkzeug: 127.0.0.1 - - [26/Feb/2026 08:36:28] "GET /web/bundle/web_tour.interactive?lang=en_US&debug=1 HTTP/1.1" 200 - 1 0.002 0.005
2026-02-26 08:36:28,826 37980 INFO wsi_2026 werkzeug: 127.0.0.1 - - [26/Feb/2026 08:36:28] "POST /web/dataset/call_kw/ir.http/lazy_session_info#ir.http.lazy_session_info HTTP/1.1" 200 - 6 0.010 0.011
2026-02-26 08:36:29,005 37980 INFO wsi_2026 werkzeug: 127.0.0.1 - - [26/Feb/2026 08:36:29] "POST /web/dataset/call_kw/hr.employee/get_views#hr.employee.get_views HTTP/1.1" 200 - 5 0.008 0.066
2026-02-26 08:36:29,021 37980 INFO wsi_2026 werkzeug: 127.0.0.1 - - [26/Feb/2026 08:36:29] "POST /mail/data HTTP/1.1" 200 - 19 0.069 0.022
2026-02-26 08:36:29,021 37980 INFO wsi_2026 werkzeug: 127.0.0.1 - - [26/Feb/2026 08:36:29] "GET /web/image?model=res.users&field=avatar_128&id=2 HTTP/1.1" 304 - 8 0.050 0.026
2026-02-26 08:36:29,125 37980 INFO wsi_2026 werkzeug: 127.0.0.1 - - [26/Feb/2026 08:36:29] "POST /web/dataset/call_kw/hr.employee/search_panel_select_range#hr.employee.search_panel_select_range HTTP/1.1" 200 - 4 0.010 0.013
2026-02-26 08:36:29,180 37980 INFO wsi_2026 werkzeug: 127.0.0.1 - - [26/Feb/2026 08:36:29] "GET /sign/static/description/icon.png HTTP/1.1" 404 - 8 0.019 0.025
2026-02-26 08:36:29,209 37980 INFO wsi_2026 werkzeug: 127.0.0.1 - - [26/Feb/2026 08:36:29] "POST /web/dataset/call_kw/hr.employee/web_search_read#hr.employee.web_search_read HTTP/1.1" 200 - 22 0.050 0.046
2026-02-26 08:36:29,340 37980 INFO wsi_2026 werkzeug: 127.0.0.1 - - [26/Feb/2026 08:36:29] "GET /web/image/res.users/2/avatar_128 HTTP/1.1" 304 - 8 0.010 0.015
2026-02-26 08:36:29,370 37980 INFO wsi_2026 werkzeug: 127.0.0.1 - - [26/Feb/2026 08:36:29] "GET /hr_referral/static/description/icon.png HTTP/1.1" 404 - 8 0.014 0.020
2026-02-26 08:36:29,371 37980 INFO wsi_2026 werkzeug: 127.0.0.1 - - [26/Feb/2026 08:36:29] "GET /ai/static/description/icon.png HTTP/1.1" 404 - 8 0.018 0.017
2026-02-26 08:36:29,458 37980 INFO wsi_2026 werkzeug: 127.0.0.1 - - [26/Feb/2026 08:36:29] "GET /hr_payroll/static/description/icon.png HTTP/1.1" 404 - 8 0.013 0.014
2026-02-26 08:36:29,514 37980 INFO wsi_2026 werkzeug: 127.0.0.1 - - [26/Feb/2026 08:36:29] "GET /planning/static/description/icon.png HTTP/1.1" 404 - 8 0.010 0.016
2026-02-26 08:36:29,541 37980 INFO wsi_2026 werkzeug: 127.0.0.1 - - [26/Feb/2026 08:36:29] "GET /hr_appraisal/static/description/icon.png HTTP/1.1" 404 - 8 0.011 0.013
2026-02-26 08:36:29,670 37980 INFO wsi_2026 werkzeug: 127.0.0.1 - - [26/Feb/2026 08:36:29] "GET /documents/static/description/icon.png HTTP/1.1" 404 - 8 0.008 0.016
2026-02-26 08:36:29,686 37980 INFO wsi_2026 werkzeug: 127.0.0.1 - - [26/Feb/2026 08:36:29] "GET /bus/websocket_worker_bundle?v=19.0-2 HTTP/1.1" 304 - 3 0.004 0.008
2026-02-26 08:36:30,015 37980 INFO wsi_2026 werkzeug: 127.0.0.1 - - [26/Feb/2026 08:36:30] "GET /websocket?version=19.0-2 HTTP/1.1" 101 - 1 0.002 0.005
2026-02-26 08:36:30,834 37980 INFO wsi_2026 werkzeug: 127.0.0.1 - - [26/Feb/2026 08:36:30] "POST /web/dataset/call_kw/hr.employee/web_search_read#hr.employee.web_search_read HTTP/1.1" 200 - 17 0.021 0.029
2026-02-26 08:36:31,055 37980 INFO wsi_2026 werkzeug: 127.0.0.1 - - [26/Feb/2026 08:36:31] "GET /web/service-worker.js HTTP/1.1" 200 - 1 0.002 0.004
2026-02-26 08:36:41,246 37980 INFO wsi_2026 werkzeug: 127.0.0.1 - - [26/Feb/2026 08:36:41] "POST /web/action/load HTTP/1.1" 200 - 10 0.011 0.009
2026-02-26 08:36:41,568 37980 INFO wsi_2026 werkzeug: 127.0.0.1 - - [26/Feb/2026 08:36:41] "POST /web/dataset/call_kw/ir.module.module/get_views#ir.module.module.get_views HTTP/1.1" 200 - 37 0.035 0.046
2026-02-26 08:36:41,583 37980 INFO wsi_2026 werkzeug: 127.0.0.1 - - [26/Feb/2026 08:36:41] "POST /web/dataset/call_kw/ir.module.module/search_panel_select_range#ir.module.module.search_panel_select_range HTTP/1.1" 200 - 1 0.003 0.004
2026-02-26 08:36:41,904 37980 INFO wsi_2026 werkzeug: 127.0.0.1 - - [26/Feb/2026 08:36:41] "POST /web/dataset/call_kw/ir.module.module/check_module_update#ir.module.module.check_module_update HTTP/1.1" 200 - 2 0.004 0.006
2026-02-26 08:36:41,965 37980 INFO wsi_2026 werkzeug: 127.0.0.1 - - [26/Feb/2026 08:36:41] "POST /web/dataset/call_kw/ir.module.module/search_panel_select_range#ir.module.module.search_panel_select_range HTTP/1.1" 200 - 43 0.059 0.014
2026-02-26 08:36:42,039 37980 INFO wsi_2026 werkzeug: 127.0.0.1 - - [26/Feb/2026 08:36:42] "POST /web/dataset/call_kw/ir.module.module/web_search_read#ir.module.module.web_search_read HTTP/1.1" 200 - 3 0.008 0.139
2026-02-26 08:36:42,404 37980 INFO wsi_2026 werkzeug: 127.0.0.1 - - [26/Feb/2026 08:36:42] "POST /web/dataset/call_kw/ir.module.module/check_module_update#ir.module.module.check_module_update HTTP/1.1" 200 - 2 0.003 0.006
2026-02-26 08:36:44,965 37980 INFO wsi_2026 werkzeug: 127.0.0.1 - - [26/Feb/2026 08:36:44] "POST /web/dataset/call_kw/ir.module.module/search_panel_select_range#ir.module.module.search_panel_select_range HTTP/1.1" 200 - 41 0.049 0.028
2026-02-26 08:36:45,211 37980 INFO wsi_2026 werkzeug: 127.0.0.1 - - [26/Feb/2026 08:36:45] "POST /web/dataset/call_kw/ir.module.module/web_search_read#ir.module.module.web_search_read HTTP/1.1" 200 - 5 0.006 0.013
2026-02-26 08:36:45,536 37980 INFO wsi_2026 werkzeug: 127.0.0.1 - - [26/Feb/2026 08:36:45] "POST /web/dataset/call_kw/ir.module.module/check_module_update#ir.module.module.check_module_update HTTP/1.1" 200 - 2 0.003 0.005
2026-02-26 08:36:47,066 37980 INFO wsi_2026 werkzeug: 127.0.0.1 - - [26/Feb/2026 08:36:47] "POST /web/dataset/call_kw/ir.module.module/search_panel_select_range#ir.module.module.search_panel_select_range HTTP/1.1" 200 - 41 0.034 0.017
2026-02-26 08:36:47,372 37980 INFO wsi_2026 werkzeug: 127.0.0.1 - - [26/Feb/2026 08:36:47] "POST /web/dataset/call_kw/ir.module.module/web_search_read#ir.module.module.web_search_read HTTP/1.1" 200 - 5 0.010 0.045
2026-02-26 08:36:47,708 37980 INFO wsi_2026 werkzeug: 127.0.0.1 - - [26/Feb/2026 08:36:47] "POST /web/dataset/call_kw/ir.module.module/check_module_update#ir.module.module.check_module_update HTTP/1.1" 200 - 2 0.003 0.005
2026-02-26 08:36:49,939 37980 INFO wsi_2026 werkzeug: 127.0.0.1 - - [26/Feb/2026 08:36:49] "POST /web/dataset/call_kw/ir.module.module/search_panel_select_range#ir.module.module.search_panel_select_range HTTP/1.1" 200 - 41 0.071 0.031
2026-02-26 08:36:50,263 37980 INFO wsi_2026 werkzeug: 127.0.0.1 - - [26/Feb/2026 08:36:50] "POST /web/dataset/call_kw/ir.module.module/web_search_read#ir.module.module.web_search_read HTTP/1.1" 200 - 4 0.007 0.008
2026-02-26 08:36:50,521 37980 INFO wsi_2026 werkzeug: 127.0.0.1 - - [26/Feb/2026 08:36:50] "POST /web/dataset/call_kw/ir.module.module/check_module_update#ir.module.module.check_module_update HTTP/1.1" 200 - 2 0.006 0.006
2026-02-26 08:36:51,133 37980 INFO wsi_2026 odoo.addons.base.models.ir_cron: Job 'Notification: Notify scheduled messages' (8) starting 
2026-02-26 08:36:51,182 37980 INFO wsi_2026 odoo.addons.base.models.ir_cron: Job 'Notification: Notify scheduled messages' (8) fully done (#loop 1; done 0; remaining 0; duration 0.05s) 
2026-02-26 08:36:51,208 37980 INFO wsi_2026 odoo.addons.base.models.ir_cron: Job 'Mail: Email Queue Manager' (3) starting 
2026-02-26 08:36:51,254 37980 INFO wsi_2026 odoo.addons.base.models.ir_cron: Job 'Mail: Email Queue Manager' (3) fully done (#loop 1; done 0; remaining 0; duration 0.05s) 
2026-02-26 08:36:58,721 37980 INFO wsi_2026 werkzeug: 127.0.0.1 - - [26/Feb/2026 08:36:58] "POST /web/dataset/call_kw/ir.module.module/search_panel_select_range#ir.module.module.search_panel_select_range HTTP/1.1" 200 - 41 0.056 0.035
2026-02-26 08:36:58,960 37980 INFO wsi_2026 werkzeug: 127.0.0.1 - - [26/Feb/2026 08:36:58] "POST /web/dataset/call_kw/ir.module.module/web_search_read#ir.module.module.web_search_read HTTP/1.1" 200 - 5 0.006 0.021
2026-02-26 08:36:59,302 37980 INFO wsi_2026 werkzeug: 127.0.0.1 - - [26/Feb/2026 08:36:59] "POST /web/dataset/call_kw/ir.module.module/check_module_update#ir.module.module.check_module_update HTTP/1.1" 200 - 2 0.004 0.008
2026-02-26 08:37:40,412 37980 INFO ? odoo.service.server: Initiating shutdown 
2026-02-26 08:37:40,412 37980 INFO ? odoo.service.server: Hit CTRL-C again or send a second signal to force the shutdown. 
2026-02-26 08:37:41,497 37980 INFO ? odoo.service.server: cron0 max age (0s) reached, releasing connection. 
2026-02-26 08:37:41,498 37980 INFO ? odoo.sql_db: ConnectionPool(read/write;used=0/count=0/max=64): Closed 8 connections  
2026-02-26 08:37:41,516 37980 INFO ? odoo.service.server: cron1 max age (0s) reached, releasing connection. 
2026-02-26 08:37:47,104 37980 INFO wsi_2026 werkzeug: 127.0.0.1 - - [26/Feb/2026 08:37:47] "GET /odoo/apps?debug=1 HTTP/1.1" 200 - 28 0.068 0.094
